{
"type": "FeatureCollection",
"name": "traffic_simplified",
"crs": { "type": "name", "properties": { "name": "urn:ogc:def:crs:OGC:1.3:CRS84" } },
"xy_coordinate_resolution": 1e-10,
"features": [
{ "type": "Feature", "properties": { "route": "185", "current_peak": 2100, "additional_peak": 316, "increase_percent": 15.047619047619049, "tags": null }, "geometry": { "type": "MultiLineString", "coordinates": [ [ [ -122.1636758719, 37.735105902, 0.0 ], [ -122.1768779687, 37.7530957699, 0.0 ] ] ] } },
{ "type": "Feature", "properties": { "route": "84", "current_peak": 1100, "additional_peak": 0, "increase_percent": 0.0, "tags": null }, "geometry": { "type": "MultiLineString", "coordinates": [ [ [ -122.2571468747, 37.3961412049, 0.0 ], [ -122.257299482, 37.3971058744, 0.0 ], [ -122.2587746568, 37.3977522941, 0.0 ], [ -122.2585581268, 37.3982472237, 0.0 ], [ -122.2564069537, 37.3972195407, 0.0 ], [ -122.2542370767, 37.3973231293, 0.0 ], [ -122.2561257738, 37.3983830315, 0.0 ], [ -122.2558764734, 37.3994250556, 0.0 ], [ -122.2567387258, 37.4013126253, 0.0 ], [ -122.2594385423, 37.4003043794, 0.0 ], [ -122.2614872437, 37.3983352626, 0.0 ], [ -122.2602173125, 37.4011499813, 0.0 ], [ -122.2567494328, 37.4041517685, 0.0 ], [ -122.2565029081, 37.406137007, 0.0 ], [ -122.2572167679, 37.4076890274, 0.0 ], [ -122.2650402194, 37.415673662, 0.0 ] ] ] } },
{ "type": "Feature", "properties": { "route": "82", "current_peak": 2950, "additional_peak": 0, "increase_percent": 0.0, "tags": null }, "geometry": { "type": "MultiLineString", "coordinates": [ [ [ -122.1915958472, 37.4579282704, 0.0 ], [ -122.2058136985, 37.4650302337, 0.0 ], [ -122.2113731511, 37.4689884685, 0.0 ] ], [ [ -122.1626753391, 37.4396831792, 0.0 ], [ -122.1736952174, 37.4482444186, 0.0 ] ], [ [ -122.023127656, 37.3603589626, 0.0 ], [ -122.0319331116, 37.3676249374, 0.0 ], [ -122.0344310898, 37.3686632413, 0.0 ] ] ] } },
{ "type": "Feature", "properties": { "route": "1", "current_peak": 1700, "additional_peak": 0, "increase_percent": 0.0, "tags": null }, "geometry": { "type": "MultiLineString", "coordinates": [ [ [ -122.4212441027, 37.4076248081, 0.0 ], [ -122.4263352822, 37.4239698716, 0.0 ], [ -122.4278874208, 37.4408976773, 0.0 ] ] ] } },
{ "type": "Feature", "properties": { "route": "237", "current_peak": 5400, "additional_peak": 0, "increase_percent": 0.0, "tags": null }, "geometry": { "type": "MultiLineString", "coordinates": [ [ [ -122.0627937464, 37.3860174455, 0.0 ], [ -122.0597277132, 37.3864568953, 0.0 ], [ -122.0555026153, 37.3890610374, 0.0 ] ] ] } },
{ "type": "Feature", "properties": { "route": "101", "current_peak": 10800, "additional_peak": 0, "increase_percent": 0.0, "tags": null }, "geometry": { "type": "MultiLineString", "coordinates": [ [ [ -121.7075971774, 37.200267899, 0.0 ], [ -121.7222737298, 37.2088418666, 0.0 ], [ -121.7301687803, 37.2166798117, 0.0 ], [ -121.7434961454, 37.2271589577, 0.0 ], [ -121.7710240986, 37.2429213559, 0.0 ] ] ] } },
{ "type": "Feature", "properties": { "route": "80", "current_peak": 7900, "additional_peak": 0, "increase_percent": 0.0, "tags": [ "80" ] }, "geometry": { "type": "MultiLineString", "coordinates": [ [ [ -122.251423113, 38.0344937381, 0.0 ], [ -122.2470972201, 38.0389299783, 0.0 ], [ -122.2332010106, 38.0487659645, 0.0 ] ] ] } },
{ "type": "Feature", "properties": { "route": "101", "current_peak": 16900, "additional_peak": 79, "increase_percent": 0.46745562130177515, "tags": null }, "geometry": { "type": "MultiLineString", "coordinates": [ [ [ -122.3096514239, 37.5667099552, 0.0 ], [ -122.3265875842, 37.5823161192, 0.0 ] ] ] } },
{ "type": "Feature", "properties": { "route": "1", "current_peak": 5100, "additional_peak": 0, "increase_percent": 0.0, "tags": null }, "geometry": { "type": "MultiLineString", "coordinates": [ [ [ -122.4766016156, 37.7570623152, 0.0 ], [ -122.4773302415, 37.7660540636, 0.0 ], [ -122.4794093464, 37.771541322, 0.0 ], [ -122.4784223467, 37.7722713222, 0.0 ], [ -122.4718103456, 37.7726243208, 0.0 ], [ -122.4722056799, 37.7797652395, 0.0 ] ] ] } },
{ "type": "Feature", "properties": { "route": "101", "current_peak": 7100, "additional_peak": 0, "increase_percent": 0.0, "tags": null }, "geometry": { "type": "MultiLineString", "coordinates": [ [ [ -121.7793144277, 37.2475532657, 0.0 ], [ -121.7852982924, 37.2507873382, 0.0 ] ] ] } },
{ "type": "Feature", "properties": { "route": "4", "current_peak": 12400, "additional_peak": 318, "increase_percent": 2.564516129032258, "tags": null }, "geometry": { "type": "MultiLineString", "coordinates": [ [ [ -121.8784824219, 38.0141299495, 0.0 ], [ -121.8522752621, 38.0078601133, 0.0 ] ] ] } },
{ "type": "Feature", "properties": { "route": "880", "current_peak": 15300, "additional_peak": 751, "increase_percent": 4.9084967320261432, "tags": [ "880" ] }, "geometry": { "type": "MultiLineString", "coordinates": [ [ [ -121.9292760957, 37.4690360666, 0.0 ], [ -121.9353508821, 37.4814930003, 0.0 ], [ -121.9374783856, 37.4840024487, 0.0 ], [ -121.9425519981, 37.487947029, 0.0 ] ] ] } },
{ "type": "Feature", "properties": { "route": "280", "current_peak": 9800, "additional_peak": 0, "increase_percent": 0.0, "tags": null }, "geometry": { "type": "MultiLineString", "coordinates": [ [ [ -122.2906987164, 37.4641495763, 0.0 ], [ -122.2923144607, 37.4685694712, 0.0 ], [ -122.2977783664, 37.4745618667, 0.0 ], [ -122.2989303678, 37.4767838685, 0.0 ], [ -122.2982040933, 37.4883612072, 0.0 ], [ -122.3008912041, 37.4925070369, 0.0 ], [ -122.3038742979, 37.4943368386, 0.0 ] ] ] } },
{ "type": "Feature", "properties": { "route": "82", "current_peak": 2350, "additional_peak": 0, "increase_percent": 0.0, "tags": null }, "geometry": { "type": "MultiLineString", "coordinates": [ [ [ -121.9241118881, 37.3417462194, 0.0 ], [ -121.9257576149, 37.3426290983, 0.0 ] ] ] } },
{ "type": "Feature", "properties": { "route": "580", "current_peak": 12600, "additional_peak": 854, "increase_percent": 6.7777777777777786, "tags": null }, "geometry": { "type": "MultiLineString", "coordinates": [ [ [ -122.3181272097, 37.9049445674, 0.0 ], [ -122.321482307, 37.9090016513, 0.0 ] ] ] } },
{ "type": "Feature", "properties": { "route": "880", "current_peak": 5800, "additional_peak": 714, "increase_percent": 12.310344827586208, "tags": [ "880" ] }, "geometry": { "type": "MultiLineString", "coordinates": [ [ [ -122.0383629368, 37.5632437936, 0.0 ], [ -122.0452626295, 37.570337677, 0.0 ] ] ] } },
{ "type": "Feature", "properties": { "route": "680", "current_peak": 10400, "additional_peak": 103, "increase_percent": 0.99038461538461542, "tags": null }, "geometry": { "type": "MultiLineString", "coordinates": [ [ [ -121.8754356921, 37.580006809, 0.0 ], [ -121.8700403215, 37.5908379694, 0.0 ] ] ] } },
{ "type": "Feature", "properties": { "route": "237", "current_peak": 10800, "additional_peak": 18, "increase_percent": 0.16666666666666669, "tags": null }, "geometry": { "type": "MultiLineString", "coordinates": [ [ [ -121.9694245907, 37.4186786949, 0.0 ], [ -121.9497003334, 37.4192925355, 0.0 ] ] ] } },
{ "type": "Feature", "properties": { "route": "123", "current_peak": 1850, "additional_peak": 1204, "increase_percent": 65.081081081081081, "tags": null }, "geometry": { "type": "MultiLineString", "coordinates": [ [ [ -122.2849887002, 37.8465341566, 0.0 ], [ -122.2895118341, 37.8606256052, 0.0 ] ] ] } },
{ "type": "Feature", "properties": { "route": "80", "current_peak": 6300, "additional_peak": 747, "increase_percent": 11.857142857142858, "tags": [ "80" ] }, "geometry": { "type": "MultiLineString", "coordinates": [ [ [ -122.3138975093, 37.9055360696, 0.0 ], [ -122.3140282486, 37.9057264821, 0.0 ] ], [ [ -122.3088787185, 37.8881960613, 0.0 ], [ -122.3073391683, 37.8921276236, 0.0 ], [ -122.3079998279, 37.895002272, 0.0 ] ] ] } },
{ "type": "Feature", "properties": { "route": "24", "current_peak": 13200, "additional_peak": 2379, "increase_percent": 18.022727272727273, "tags": [ "ccc-sf", "24", "24" ] }, "geometry": { "type": "MultiLineString", "coordinates": [ [ [ -122.2366341991, 37.849126878, 0.0 ], [ -122.2343735013, 37.8485903257, 0.0 ], [ -122.2283894038, 37.8486913702, 0.0 ] ] ] } },
{ "type": "Feature", "properties": { "route": "123", "current_peak": 1650, "additional_peak": 666, "increase_percent": 40.36363636363636, "tags": null }, "geometry": { "type": "MultiLineString", "coordinates": [ [ [ -122.2893841612, 37.8606511902, 0.0 ], [ -122.2939672315, 37.874805748, 0.0 ] ] ] } },
{ "type": "Feature", "properties": { "route": "87", "current_peak": 10000, "additional_peak": 0, "increase_percent": 0.0, "tags": null }, "geometry": { "type": "MultiLineString", "coordinates": [ [ [ -121.9098392926, 37.3514112681, 0.0 ], [ -121.917050162, 37.3617439828, 0.0 ] ] ] } },
{ "type": "Feature", "properties": { "route": "580", "current_peak": 13600, "additional_peak": 646, "increase_percent": 4.75, "tags": null }, "geometry": { "type": "MultiLineString", "coordinates": [ [ [ -122.2001704982, 37.788918914, 0.0 ], [ -122.2066520227, 37.7946215904, 0.0 ] ] ] } },
{ "type": "Feature", "properties": { "route": "580", "current_peak": 15300, "additional_peak": 4765, "increase_percent": 31.143790849673202, "tags": [ "ccc-sf", "bay-bridge" ] }, "geometry": { "type": "MultiLineString", "coordinates": [ [ [ -122.2955207383, 37.8276626465, 0.0 ], [ -122.2999166127, 37.8265076073, 0.0 ] ] ] } },
{ "type": "Feature", "properties": { "route": "35", "current_peak": 11200, "additional_peak": 0, "increase_percent": 0.0, "tags": null }, "geometry": { "type": "MultiLineString", "coordinates": [ [ [ -122.4340196164, 37.6100872749, 0.0 ], [ -122.4351660822, 37.6113535019, 0.0 ] ] ] } },
{ "type": "Feature", "properties": { "route": "80", "current_peak": 12400, "additional_peak": 18, "increase_percent": 0.14516129032258066, "tags": [ "80" ] }, "geometry": { "type": "MultiLineString", "coordinates": [ [ [ -122.3244813851, 37.9402350224, 0.0 ], [ -122.3236742206, 37.943189965, 0.0 ], [ -122.3247758732, 37.9461282386, 0.0 ] ] ] } },
{ "type": "Feature", "properties": { "route": "1", "current_peak": 5100, "additional_peak": 0, "increase_percent": 0.0, "tags": null }, "geometry": { "type": "MultiLineString", "coordinates": [ [ [ -122.4795740923, 37.7715724848, 0.0 ], [ -122.4784641426, 37.7723924609, 0.0 ], [ -122.47195814, 37.7726924613, 0.0 ], [ -122.472355658, 37.7797590561, 0.0 ] ] ] } },
{ "type": "Feature", "properties": { "route": "101", "current_peak": 8800, "additional_peak": 0, "increase_percent": 0.0, "tags": null }, "geometry": { "type": "MultiLineString", "coordinates": [ [ [ -121.5915696742, 37.0742418773, 0.0 ], [ -121.604581826, 37.0977961353, 0.0 ], [ -121.6074718266, 37.1011661357, 0.0 ], [ -121.6118499139, 37.1046394855, 0.0 ] ] ] } },
{ "type": "Feature", "properties": { "route": "242", "current_peak": 9100, "additional_peak": 1153, "increase_percent": 12.67032967032967, "tags": null }, "geometry": { "type": "MultiLineString", "coordinates": [ [ [ -122.049416181, 37.9657572278, 0.0 ], [ -122.0476931019, 37.9711957045, 0.0 ], [ -122.0457419573, 37.9748475355, 0.0 ] ] ] } },
{ "type": "Feature", "properties": { "route": "280", "current_peak": 3500, "additional_peak": 0, "increase_percent": 0.0, "tags": null }, "geometry": { "type": "MultiLineString", "coordinates": [ [ [ -122.3966391043, 37.7433005877, 0.0 ], [ -122.3940407543, 37.7460680547, 0.0 ], [ -122.391780267, 37.7499703693, 0.0 ], [ -122.3913382707, 37.7532502606, 0.0 ] ] ] } },
{ "type": "Feature", "properties": { "route": "280", "current_peak": 10400, "additional_peak": 0, "increase_percent": 0.0, "tags": null }, "geometry": { "type": "MultiLineString", "coordinates": [ [ [ -122.3391557293, 37.5071538454, 0.0 ], [ -122.3440664457, 37.5101616059, 0.0 ] ] ] } },
{ "type": "Feature", "properties": { "route": "680", "current_peak": 6000, "additional_peak": 16, "increase_percent": 0.26666666666666666, "tags": null }, "geometry": { "type": "MultiLineString", "coordinates": [ [ [ -122.0699151869, 37.9945026088, 0.0 ], [ -122.0778260428, 38.0010548417, 0.0 ] ] ] } },
{ "type": "Feature", "properties": { "route": "238", "current_peak": 2900, "additional_peak": 556, "increase_percent": 19.172413793103448, "tags": null }, "geometry": { "type": "MultiLineString", "coordinates": [ [ [ -121.9480852721, 37.5551875522, 0.0 ], [ -121.957403121, 37.5610979594, 0.0 ], [ -121.9697412499, 37.5746994357, 0.0 ] ] ] } },
{ "type": "Feature", "properties": { "route": "101", "current_peak": 2600, "additional_peak": 104, "increase_percent": 4.0, "tags": null }, "geometry": { "type": "MultiLineString", "coordinates": [ [ [ -122.2459767333, 37.5051030116, 0.0 ], [ -122.2474736908, 37.5064228401, 0.0 ] ] ] } },
{ "type": "Feature", "properties": { "route": "580", "current_peak": 13700, "additional_peak": 761, "increase_percent": 5.5547445255474459, "tags": null }, "geometry": { "type": "MultiLineString", "coordinates": [ [ [ -121.9226434449, 37.7008430795, 0.0 ], [ -121.9288587557, 37.6994463678, 0.0 ] ] ] } },
{ "type": "Feature", "properties": { "route": "680", "current_peak": 10400, "additional_peak": 109, "increase_percent": 1.0480769230769231, "tags": null }, "geometry": { "type": "MultiLineString", "coordinates": [ [ [ -121.8702687751, 37.590846631, 0.0 ], [ -121.8707696013, 37.5929109855, 0.0 ], [ -121.8733755071, 37.596548082, 0.0 ] ] ] } },
{ "type": "Feature", "properties": { "route": "82", "current_peak": 8700, "additional_peak": 0, "increase_percent": 0.0, "tags": null }, "geometry": { "type": "MultiLineString", "coordinates": [ [ [ -122.0527533164, 37.3727735891, 0.0 ], [ -122.0676682617, 37.3780899852, 0.0 ] ] ] } },
{ "type": "Feature", "properties": { "route": "17", "current_peak": 10400, "additional_peak": 0, "increase_percent": 0.0, "tags": null }, "geometry": { "type": "MultiLineString", "coordinates": [ [ [ -121.9507206528, 37.2628467572, 0.0 ], [ -121.9484799325, 37.2670384249, 0.0 ], [ -121.9458298099, 37.2779423063, 0.0 ], [ -121.9443492785, 37.280322439, 0.0 ], [ -121.942044833, 37.2822945353, 0.0 ] ] ] } },
{ "type": "Feature", "properties": { "route": "237", "current_peak": 4300, "additional_peak": 113, "increase_percent": 2.6279069767441863, "tags": null }, "geometry": { "type": "MultiLineString", "coordinates": [ [ [ -121.9108385463, 37.4272619704, 0.0 ], [ -121.9095909898, 37.4296427199, 0.0 ], [ -121.9069375479, 37.4313396576, 0.0 ], [ -121.8978923066, 37.4325415191, 0.0 ] ] ] } },
{ "type": "Feature", "properties": { "route": "580", "current_peak": 13900, "additional_peak": 0, "increase_percent": 0.0, "tags": null }, "geometry": { "type": "MultiLineString", "coordinates": [ [ [ -121.7570164463, 37.7028349234, 0.0 ], [ -121.7623513637, 37.7026486563, 0.0 ], [ -121.7765034883, 37.7004074073, 0.0 ], [ -121.7867529036, 37.6995098474, 0.0 ], [ -121.7946983981, 37.7006801897, 0.0 ], [ -121.8008457498, 37.7007498447, 0.0 ] ] ] } },
{ "type": "Feature", "properties": { "route": "101", "current_peak": 15600, "additional_peak": 3204, "increase_percent": 20.53846153846154, "tags": null }, "geometry": { "type": "MultiLineString", "coordinates": [ [ [ -122.4031185518, 37.7562052192, 0.0 ], [ -122.4062019705, 37.7598434687, 0.0 ], [ -122.4049101986, 37.7650742946, 0.0 ], [ -122.4052689012, 37.7675103084, 0.0 ], [ -122.4068771095, 37.76896809, 0.0 ] ] ] } },
{ "type": "Feature", "properties": { "route": "880", "current_peak": 4450, "additional_peak": 1375, "increase_percent": 30.898876404494381, "tags": [ "880" ] }, "geometry": { "type": "MultiLineString", "coordinates": [ [ [ -122.176780959, 37.7190555263, 0.0 ], [ -122.1831504374, 37.7253872118, 0.0 ] ] ] } },
{ "type": "Feature", "properties": { "route": "152", "current_peak": 4050, "additional_peak": 0, "increase_percent": 0.0, "tags": null }, "geometry": { "type": "MultiLineString", "coordinates": [ [ [ -121.4377555024, 36.9785929533, 0.0 ], [ -121.4369200162, 36.9777010297, 0.0 ] ], [ [ -121.4356359112, 36.9758856667, 0.0 ], [ -121.434241858, 36.9737532417, 0.0 ], [ -121.432153504, 36.9725688765, 0.0 ], [ -121.4250996728, 36.972971878, 0.0 ], [ -121.4138892155, 36.9690119576, 0.0 ], [ -121.4045809704, 36.9616239468, 0.0 ], [ -121.4013807743, 36.9609133416, 0.0 ], [ -121.398642969, 36.9614349472, 0.0 ], [ -121.3920029682, 36.9654249479, 0.0 ], [ -121.3839645826, 36.968406914, 0.0 ], [ -121.382496933, 36.9698326883, 0.0 ], [ -121.3809929682, 36.9780249497, 0.0 ], [ -121.3842362906, 36.985078332, 0.0 ], [ -121.384475777, 36.9875973618, 0.0 ], [ -121.3834729696, 36.9899749502, 0.0 ], [ -121.3780629692, 36.9964149515, 0.0 ], [ -121.3666829692, 37.0058949535, 0.0 ], [ -121.359382969, 37.0090949541, 0.0 ], [ -121.3402772277, 37.0139269937, 0.0 ], [ -121.3290929643, 37.022844957, 0.0 ], [ -121.3270329657, 37.0284049581, 0.0 ], [ -121.3236829656, 37.0321849578, 0.0 ], [ -121.3068395873, 37.0374441312, 0.0 ], [ -121.3006039183, 37.0385433202, 0.0 ], [ -121.2963141816, 37.0381163455, 0.0 ], [ -121.2939146324, 37.0385939542, 0.0 ], [ -121.2924281012, 37.0396839102, 0.0 ], [ -121.2892579609, 37.044214962, 0.0 ], [ -121.2841429617, 37.0469149637, 0.0 ], [ -121.2776229607, 37.0464549636, 0.0 ], [ -121.2721632447, 37.0449416322, 0.0 ], [ -121.2684129581, 37.0454749638, 0.0 ], [ -121.2636729579, 37.0446649642, 0.0 ], [ -121.2617229571, 37.0448649645, 0.0 ], [ -121.2600129565, 37.0459049644, 0.0 ], [ -121.2570829574, 37.0498149649, 0.0 ], [ -121.2536029577, 37.0524449662, 0.0 ], [ -121.2481529561, 37.0538849658, 0.0 ], [ -121.2414229559, 37.0576949667, 0.0 ], [ -121.2265729544, 37.0645149683, 0.0 ], [ -121.2139300926, 37.0677084849, 0.0 ] ] ] } },
{ "type": "Feature", "properties": { "route": "61", "current_peak": 4450, "additional_peak": 1375, "increase_percent": 30.898876404494381, "tags": null }, "geometry": { "type": "MultiLineString", "coordinates": [ [ [ -122.1870134482, 37.7163144018, 0.0 ], [ -122.189895162, 37.7185236409, 0.0 ] ] ] } },
{ "type": "Feature", "properties": { "route": "61", "current_peak": 2900, "additional_peak": 1402, "increase_percent": 48.344827586206897, "tags": null }, "geometry": { "type": "MultiLineString", "coordinates": [ [ [ -122.1870134482, 37.7163144018, 0.0 ], [ -122.1898510249, 37.7186206574, 0.0 ] ] ] } },
{ "type": "Feature", "properties": { "route": "61", "current_peak": 2500, "additional_peak": 0, "increase_percent": 0.0, "tags": null }, "geometry": { "type": "MultiLineString", "coordinates": [ [ [ -122.2005408881, 37.7261615954, 0.0 ], [ -122.2104181007, 37.7313577264, 0.0 ], [ -122.2133563046, 37.7369191969, 0.0 ] ] ] } },
{ "type": "Feature", "properties": { "route": "35", "current_peak": 320, "additional_peak": 0, "increase_percent": 0.0, "tags": null }, "geometry": { "type": "MultiLineString", "coordinates": [ [ [ -122.0483276219, 37.2055048561, 0.0 ], [ -122.0543783301, 37.2097308538, 0.0 ], [ -122.0550563102, 37.2120807591, 0.0 ], [ -122.0571692727, 37.2129956618, 0.0 ], [ -122.0599282585, 37.2127291619, 0.0 ], [ -122.0635593154, 37.2100843905, 0.0 ], [ -122.0658337931, 37.2103932407, 0.0 ], [ -122.0699124777, 37.2165208326, 0.0 ], [ -122.0719619939, 37.2173886853, 0.0 ], [ -122.0737493593, 37.2192476948, 0.0 ], [ -122.0765978245, 37.2202226825, 0.0 ], [ -122.0776253788, 37.2215438852, 0.0 ] ], [ [ -122.0472689244, 37.2046891546, 0.0 ], [ -122.0477182337, 37.2051232133, 0.0 ] ], [ [ -122.0462743, 37.2033859286, 0.0 ], [ -122.0466854235, 37.2040011088, 0.0 ] ], [ [ -122.0440824045, 37.2008644111, 0.0 ], [ -122.0444685853, 37.2013200446, 0.0 ] ], [ [ -122.0428533059, 37.199856161, 0.0 ], [ -122.0431550949, 37.1997529784, 0.0 ] ], [ [ -122.0418412683, 37.1984346143, 0.0 ], [ -122.0421711624, 37.199075217, 0.0 ] ], [ [ -122.0406674022, 37.1954399195, 0.0 ], [ -122.0406171015, 37.1956727573, 0.0 ] ], [ [ -122.0342216872, 37.1916710514, 0.0 ], [ -122.0345383078, 37.1918797618, 0.0 ] ], [ [ -122.0323130701, 37.1911208312, 0.0 ], [ -122.0332015505, 37.1912499667, 0.0 ] ], [ [ -122.0326609623, 37.1864045416, 0.0 ], [ -122.0326142215, 37.1864100685, 0.0 ] ], [ [ -122.0311825404, 37.1890409141, 0.0 ], [ -122.0310260619, 37.1892054906, 0.0 ] ], [ [ -122.0309537794, 37.1892815137, 0.0 ], [ -122.0309236719, 37.1893131791, 0.0 ] ], [ [ -122.0308537259, 37.1896249693, 0.0 ], [ -122.0308557041, 37.1897062374, 0.0 ] ] ] } },
{ "type": "Feature", "properties": { "route": "85", "current_peak": 7100, "additional_peak": 0, "increase_percent": 0.0, "tags": null }, "geometry": { "type": "MultiLineString", "coordinates": [ [ [ -121.7777405804, 37.2407785691, 0.0 ], [ -121.7877129655, 37.2393294494, 0.0 ], [ -121.7939029944, 37.2401669099, 0.0 ] ] ] } },
{ "type": "Feature", "properties": { "route": "17", "current_peak": 5600, "additional_peak": 0, "increase_percent": 0.0, "tags": null }, "geometry": { "type": "MultiLineString", "coordinates": [ [ [ -121.9867496411, 37.2188382849, 0.0 ], [ -121.9806906982, 37.2225564901, 0.0 ] ] ] } },
{ "type": "Feature", "properties": { "route": "280", "current_peak": 2150, "additional_peak": 0, "increase_percent": 0.0, "tags": null }, "geometry": { "type": "MultiLineString", "coordinates": [ [ [ -122.2322329133, 37.4266371214, 0.0 ], [ -122.243363719, 37.4352787869, 0.0 ] ] ] } },
{ "type": "Feature", "properties": { "route": "84", "current_peak": 6500, "additional_peak": 22, "increase_percent": 0.33846153846153848, "tags": [ "bridges" ] }, "geometry": { "type": "MultiLineString", "coordinates": [ [ [ -122.1051217158, 37.5187830945, 0.0 ], [ -122.101648611, 37.5230443024, 0.0 ], [ -122.0925219946, 37.5306746569, 0.0 ], [ -122.0886358144, 37.5323794067, 0.0 ], [ -122.0781687686, 37.5343398772, 0.0 ], [ -122.0744009235, 37.535763953, 0.0 ], [ -122.0599824634, 37.5460581999, 0.0 ] ] ] } },
{ "type": "Feature", "properties": { "route": "101", "current_peak": 15400, "additional_peak": 83, "increase_percent": 0.53896103896103897, "tags": null }, "geometry": { "type": "MultiLineString", "coordinates": [ [ [ -122.0882328569, 37.4177878598, 0.0 ], [ -122.0973022372, 37.4244292032, 0.0 ] ] ] } },
{ "type": "Feature", "properties": { "route": "280", "current_peak": 13500, "additional_peak": 0, "increase_percent": 0.0, "tags": null }, "geometry": { "type": "MultiLineString", "coordinates": [ [ [ -122.0069442624, 37.3265505045, 0.0 ], [ -122.0187812386, 37.3327192751, 0.0 ], [ -122.022808719, 37.334057251, 0.0 ] ], [ [ -121.9452147022, 37.3168877598, 0.0 ], [ -121.9625856477, 37.3163837066, 0.0 ] ] ] } },
{ "type": "Feature", "properties": { "route": "13", "current_peak": 2600, "additional_peak": 141, "increase_percent": 5.4230769230769225, "tags": null }, "geometry": { "type": "MultiLineString", "coordinates": [ [ [ -122.2524982997, 37.8570825509, 0.0 ], [ -122.2644325245, 37.8555293032, 0.0 ] ] ] } },
{ "type": "Feature", "properties": { "route": "82", "current_peak": 4300, "additional_peak": 0, "increase_percent": 0.0, "tags": null }, "geometry": { "type": "MultiLineString", "coordinates": [ [ [ -122.067671709, 37.3782759621, 0.0 ], [ -122.0703385115, 37.3793204505, 0.0 ] ] ] } },
{ "type": "Feature", "properties": { "route": "680", "current_peak": 13100, "additional_peak": 3, "increase_percent": 0.022900763358778626, "tags": null }, "geometry": { "type": "MultiLineString", "coordinates": [ [ [ -121.8434794449, 37.3638990128, 0.0 ], [ -121.8461791169, 37.368183974, 0.0 ], [ -121.8543957371, 37.3763445626, 0.0 ] ] ] } },
{ "type": "Feature", "properties": { "route": "85", "current_peak": 9500, "additional_peak": 0, "increase_percent": 0.0, "tags": null }, "geometry": { "type": "MultiLineString", "coordinates": [ [ [ -122.0555906249, 37.3324224478, 0.0 ], [ -122.0580146356, 37.3348445685, 0.0 ] ], [ [ -121.9859813195, 37.2675506647, 0.0 ], [ -121.9937700391, 37.2713584794, 0.0 ], [ -122.0058555031, 37.2759642038, 0.0 ], [ -122.0183030995, 37.2853249326, 0.0 ], [ -122.0209293628, 37.2881867909, 0.0 ] ] ] } },
{ "type": "Feature", "properties": { "route": "85", "current_peak": 7100, "additional_peak": 0, "increase_percent": 0.0, "tags": null }, "geometry": { "type": "MultiLineString", "coordinates": [ [ [ -121.7708343101, 37.2419981874, 0.0 ], [ -121.7778000699, 37.2410346553, 0.0 ] ] ] } },
{ "type": "Feature", "properties": { "route": "35", "current_peak": 2350, "additional_peak": 0, "increase_percent": 0.0, "tags": null }, "geometry": { "type": "MultiLineString", "coordinates": [ [ [ -122.3428941442, 37.4601349083, 0.0 ], [ -122.3459852928, 37.4615246793, 0.0 ], [ -122.3460041772, 37.4641974011, 0.0 ], [ -122.3497983259, 37.468835206, 0.0 ], [ -122.3545093185, 37.4700004316, 0.0 ], [ -122.3565884181, 37.4723055061, 0.0 ], [ -122.3597562658, 37.4796285189, 0.0 ], [ -122.3588417548, 37.4841024343, 0.0 ], [ -122.3603299713, 37.4852246861, 0.0 ], [ -122.3622249719, 37.4842996864, 0.0 ], [ -122.3629789719, 37.4845176848, 0.0 ], [ -122.3639003227, 37.4881914326, 0.0 ], [ -122.3630835996, 37.4895844411, 0.0 ], [ -122.366265559, 37.4900798563, 0.0 ], [ -122.3663365151, 37.4907936832, 0.0 ], [ -122.3647749727, 37.4912166863, 0.0 ], [ -122.3645549735, 37.4919856862, 0.0 ], [ -122.3668895692, 37.4932461053, 0.0 ], [ -122.3689503889, 37.4955507578, 0.0 ] ] ] } },
{ "type": "Feature", "properties": { "route": "260", "current_peak": 11200, "additional_peak": 2298, "increase_percent": 20.517857142857142, "tags": [ "tunnels" ] }, "geometry": { "type": "MultiLineString", "coordinates": [ [ [ -122.2741282803, 37.7925331162, 0.0 ], [ -122.2713180136, 37.7970578215, 0.0 ] ] ] } },
{ "type": "Feature", "properties": { "route": "92", "current_peak": 8500, "additional_peak": 829, "increase_percent": 9.7529411764705873, "tags": null }, "geometry": { "type": "MultiLineString", "coordinates": [ [ [ -122.0966875001, 37.6400276108, 0.0 ], [ -122.0941052934, 37.6444933721, 0.0 ] ] ] } },
{ "type": "Feature", "properties": { "route": "17", "current_peak": 11100, "additional_peak": 0, "increase_percent": 0.0, "tags": null }, "geometry": { "type": "MultiLineString", "coordinates": [ [ [ -121.9504839405, 37.2627695502, 0.0 ], [ -121.9480665018, 37.2677373906, 0.0 ], [ -121.9454342242, 37.2781356361, 0.0 ], [ -121.9417159963, 37.2822152248, 0.0 ] ] ] } },
{ "type": "Feature", "properties": { "route": "92", "current_peak": 7700, "additional_peak": 26, "increase_percent": 0.33766233766233766, "tags": [ "bridges" ] }, "geometry": { "type": "MultiLineString", "coordinates": [ [ [ -122.2669433264, 37.5696461455, 0.0 ], [ -122.2437289977, 37.5905010166, 0.0 ], [ -122.2111436594, 37.6004380633, 0.0 ] ] ] } },
{ "type": "Feature", "properties": { "route": "82", "current_peak": 2350, "additional_peak": 0, "increase_percent": 0.0, "tags": null }, "geometry": { "type": "MultiLineString", "coordinates": [ [ [ -121.9242107018, 37.3416723329, 0.0 ], [ -121.9258179867, 37.3425257632, 0.0 ] ] ] } },
{ "type": "Feature", "properties": { "route": "130", "current_peak": 12800, "additional_peak": 3, "increase_percent": 0.0234375, "tags": null }, "geometry": { "type": "MultiLineString", "coordinates": [ [ [ -121.8617656722, 37.3497695824, 0.0 ], [ -121.8603242193, 37.350534392, 0.0 ] ] ] } },
{ "type": "Feature", "properties": { "route": "87", "current_peak": 15500, "additional_peak": 0, "increase_percent": 0.0, "tags": null }, "geometry": { "type": "MultiLineString", "coordinates": [ [ [ -121.8924481718, 37.3238843249, 0.0 ], [ -121.8941316323, 37.3264265599, 0.0 ] ] ] } },
{ "type": "Feature", "properties": { "route": "61", "current_peak": 2400, "additional_peak": 0, "increase_percent": 0.0, "tags": null }, "geometry": { "type": "MultiLineString", "coordinates": [ [ [ -122.1898510249, 37.7186206574, 0.0 ], [ -122.1969569584, 37.7243146358, 0.0 ], [ -122.2005408881, 37.7261615954, 0.0 ] ] ] } },
{ "type": "Feature", "properties": { "route": "160", "current_peak": 4150, "additional_peak": 0, "increase_percent": 0.0, "tags": [ "bridges" ] }, "geometry": { "type": "MultiLineString", "coordinates": [ [ [ -121.754824436, 38.0011431555, 0.0 ], [ -121.7517938828, 38.0143098322, 0.0 ], [ -121.7515389204, 38.0248174898, 0.0 ] ] ] } },
{ "type": "Feature", "properties": { "route": "82", "current_peak": 2150, "additional_peak": 254, "increase_percent": 11.813953488372093, "tags": null }, "geometry": { "type": "MultiLineString", "coordinates": [ [ [ -122.4526141197, 37.6698447192, 0.0 ], [ -122.4542391729, 37.6729818378, 0.0 ], [ -122.4611489995, 37.6792546946, 0.0 ] ] ] } },
{ "type": "Feature", "properties": { "route": "82", "current_peak": 3450, "additional_peak": 0, "increase_percent": 0.0, "tags": null }, "geometry": { "type": "MultiLineString", "coordinates": [ [ [ -122.0784323262, 37.3831454055, 0.0 ], [ -122.0897180979, 37.388720697, 0.0 ] ], [ [ -121.9775596621, 37.3524449408, 0.0 ], [ -122.0114481104, 37.3523850788, 0.0 ], [ -122.0150922557, 37.3537413716, 0.0 ], [ -122.023127656, 37.3603589626, 0.0 ] ] ] } },
{ "type": "Feature", "properties": { "route": "160", "current_peak": 7900, "additional_peak": 5, "increase_percent": 0.063291139240506333, "tags": null }, "geometry": { "type": "MultiLineString", "coordinates": [ [ [ -121.7639846105, 37.9909613171, 0.0 ], [ -121.7600019683, 37.990313283, 0.0 ], [ -121.7571823066, 37.9918480356, 0.0 ], [ -121.7545900704, 38.0011003927, 0.0 ] ] ] } },
{ "type": "Feature", "properties": { "route": "152", "current_peak": 2200, "additional_peak": 0, "increase_percent": 0.0, "tags": null }, "geometry": { "type": "MultiLineString", "coordinates": [ [ [ -121.6250329023, 37.0116980998, 0.0 ], [ -121.6079530056, 37.0119449368, 0.0 ], [ -121.5985754951, 37.0135075242, 0.0 ], [ -121.5860763085, 37.0134341208, 0.0 ] ] ] } },
{ "type": "Feature", "properties": { "route": "112", "current_peak": 1950, "additional_peak": 359, "increase_percent": 18.410256410256409, "tags": null }, "geometry": { "type": "MultiLineString", "coordinates": [ [ [ -122.1591366731, 37.7248713254, 0.0 ], [ -122.1568705579, 37.7257904414, 0.0 ] ] ] } },
{ "type": "Feature", "properties": { "route": "92", "current_peak": 2400, "additional_peak": 0, "increase_percent": 0.0, "tags": null }, "geometry": { "type": "MultiLineString", "coordinates": [ [ [ -122.4334310602, 37.4679827088, 0.0 ], [ -122.4318207674, 37.4678525681, 0.0 ] ] ] } },
{ "type": "Feature", "properties": { "route": "92", "current_peak": 7700, "additional_peak": 0, "increase_percent": 0.0, "tags": null }, "geometry": { "type": "MultiLineString", "coordinates": [ [ [ -122.3400162336, 37.5068765546, 0.0 ], [ -122.3371351985, 37.5073457473, 0.0 ], [ -122.3338425075, 37.509275829, 0.0 ] ] ] } },
{ "type": "Feature", "properties": { "route": "152", "current_peak": 2400, "additional_peak": 0, "increase_percent": 0.0, "tags": null }, "geometry": { "type": "MultiLineString", "coordinates": [ [ [ -121.5706317, 37.0208337309, 0.0 ], [ -121.5666764159, 37.0223251429, 0.0 ] ] ] } },
{ "type": "Feature", "properties": { "route": "35", "current_peak": 4700, "additional_peak": 0, "increase_percent": 0.0, "tags": null }, "geometry": { "type": "MultiLineString", "coordinates": [ [ [ -122.4852844256, 37.6684907931, 0.0 ], [ -122.4870459057, 37.6704220731, 0.0 ], [ -122.4897407986, 37.6754618913, 0.0 ] ] ] } },
{ "type": "Feature", "properties": { "route": "880", "current_peak": 13300, "additional_peak": 1375, "increase_percent": 10.338345864661653, "tags": [ "880" ] }, "geometry": { "type": "MultiLineString", "coordinates": [ [ [ -122.1927644494, 37.7362805651, 0.0 ], [ -122.2023379306, 37.7472437012, 0.0 ] ] ] } },
{ "type": "Feature", "properties": { "route": "101", "current_peak": 2300, "additional_peak": 123, "increase_percent": 5.3478260869565215, "tags": null }, "geometry": { "type": "MultiLineString", "coordinates": [ [ [ -122.3441595308, 37.58708817, 0.0 ], [ -122.3454392933, 37.587121587, 0.0 ] ] ] } },
{ "type": "Feature", "properties": { "route": "237", "current_peak": 10000, "additional_peak": 18, "increase_percent": 0.18, "tags": null }, "geometry": { "type": "MultiLineString", "coordinates": [ [ [ -121.9878791258, 37.4115646714, 0.0 ], [ -121.9694245907, 37.4186786949, 0.0 ] ] ] } },
{ "type": "Feature", "properties": { "route": "35", "current_peak": 9800, "additional_peak": 0, "increase_percent": 0.0, "tags": null }, "geometry": { "type": "MultiLineString", "coordinates": [ [ [ -122.3383172867, 37.4577102037, 0.0 ], [ -122.3388689622, 37.4586047136, 0.0 ], [ -122.3428941442, 37.4601349083, 0.0 ] ] ] } },
{ "type": "Feature", "properties": { "route": "82", "current_peak": 1800, "additional_peak": 0, "increase_percent": 0.0, "tags": null }, "geometry": { "type": "MultiLineString", "coordinates": [ [ [ -121.9418989514, 37.3549864828, 0.0 ], [ -121.9443502406, 37.3556878551, 0.0 ], [ -121.952473118, 37.352671149, 0.0 ] ] ] } },
{ "type": "Feature", "properties": { "route": "580", "current_peak": 8400, "additional_peak": 7300, "increase_percent": 86.904761904761912, "tags": [ "ccc-sf", "bay-bridge" ] }, "geometry": { "type": "MultiLineString", "coordinates": [ [ [ -122.2999166127, 37.8265076073, 0.0 ], [ -122.3005077824, 37.8263729441, 0.0 ] ] ] } },
{ "type": "Feature", "properties": { "route": "580", "current_peak": 13500, "additional_peak": 646, "increase_percent": 4.7851851851851857, "tags": null }, "geometry": { "type": "MultiLineString", "coordinates": [ [ [ -122.2065212821, 37.7947565914, 0.0 ], [ -122.2128127812, 37.7973591088, 0.0 ] ] ] } },
{ "type": "Feature", "properties": { "route": "82", "current_peak": 1300, "additional_peak": 1120, "increase_percent": 86.15384615384616, "tags": null }, "geometry": { "type": "MultiLineString", "coordinates": [ [ [ -122.4618522843, 37.7053946055, 0.0 ], [ -122.4589766645, 37.7083053924, 0.0 ] ] ] } },
{ "type": "Feature", "properties": { "route": "237", "current_peak": 6600, "additional_peak": 83, "increase_percent": 1.2575757575757576, "tags": null }, "geometry": { "type": "MultiLineString", "coordinates": [ [ [ -122.0356757762, 37.4007417854, 0.0 ], [ -122.0313594797, 37.4021040195, 0.0 ] ] ] } },
{ "type": "Feature", "properties": { "route": "237", "current_peak": 10100, "additional_peak": 18, "increase_percent": 0.17821782178217824, "tags": null }, "geometry": { "type": "MultiLineString", "coordinates": [ [ [ -121.9497003334, 37.4192925355, 0.0 ], [ -121.9437761551, 37.4193376436, 0.0 ], [ -121.9313245116, 37.4220769882, 0.0 ] ] ] } },
{ "type": "Feature", "properties": { "route": "101", "current_peak": 7900, "additional_peak": 0, "increase_percent": 0.0, "tags": null }, "geometry": { "type": "MultiLineString", "coordinates": [ [ [ -121.5631479685, 37.0155476419, 0.0 ], [ -121.5666472053, 37.0219862424, 0.0 ] ] ] } },
{ "type": "Feature", "properties": { "route": "82", "current_peak": 3400, "additional_peak": 0, "increase_percent": 0.0, "tags": null }, "geometry": { "type": "MultiLineString", "coordinates": [ [ [ -122.2866715579, 37.5286710743, 0.0 ], [ -122.2942894258, 37.5340732256, 0.0 ], [ -122.3047878599, 37.5435477911, 0.0 ] ] ] } },
{ "type": "Feature", "properties": { "route": "84", "current_peak": 5100, "additional_peak": 101, "increase_percent": 1.9803921568627449, "tags": null }, "geometry": { "type": "MultiLineString", "coordinates": [ [ [ -122.1806875245, 37.4833668831, 0.0 ], [ -122.1791578759, 37.4862989217, 0.0 ], [ -122.1772419817, 37.4861277815, 0.0 ] ] ] } },
{ "type": "Feature", "properties": { "route": "380", "current_peak": 14000, "additional_peak": 411, "increase_percent": 2.9357142857142855, "tags": null }, "geometry": { "type": "MultiLineString", "coordinates": [ [ [ -122.4113291652, 37.6342107509, 0.0 ], [ -122.4089996951, 37.6340843951, 0.0 ] ], [ [ -122.4041410655, 37.6359180857, 0.0 ], [ -122.4012839056, 37.6381732228, 0.0 ] ] ] } },
{ "type": "Feature", "properties": { "route": "880", "current_peak": 10000, "additional_peak": 0, "increase_percent": 0.0, "tags": [ "880" ] }, "geometry": { "type": "MultiLineString", "coordinates": [ [ [ -121.9313746355, 37.3385123126, 0.0 ], [ -121.9253266574, 37.3433667395, 0.0 ] ], [ [ -121.9124139805, 37.3533004574, 0.0 ], [ -121.904523398, 37.3611367698, 0.0 ] ] ] } },
{ "type": "Feature", "properties": { "route": "130", "current_peak": 120, "additional_peak": 0, "increase_percent": 0.0, "tags": null }, "geometry": { "type": "MultiLineString", "coordinates": [ [ [ -121.7535088651, 37.3594861388, 0.0 ], [ -121.7479390664, 37.3584419578, 0.0 ], [ -121.7478220662, 37.3577909571, 0.0 ], [ -121.7456218414, 37.3573621212, 0.0 ], [ -121.7449080653, 37.3557249567, 0.0 ], [ -121.7414680657, 37.3550729578, 0.0 ], [ -121.7407284809, 37.3543413958, 0.0 ], [ -121.7410440654, 37.3537839576, 0.0 ], [ -121.7386670639, 37.3537609587, 0.0 ], [ -121.7373510634, 37.3525119578, 0.0 ], [ -121.7363560642, 37.3529509571, 0.0 ], [ -121.7342670653, 37.3521019573, 0.0 ], [ -121.7315750632, 37.3497319587, 0.0 ], [ -121.7279380622, 37.3480679565, 0.0 ], [ -121.7214929141, 37.3416422127, 0.0 ], [ -121.7153396269, 37.342195438, 0.0 ], [ -121.7136133282, 37.3409569284, 0.0 ], [ -121.7099530581, 37.3396849598, 0.0 ], [ -121.7091330588, 37.3385549587, 0.0 ], [ -121.7071911617, 37.3378338864, 0.0 ], [ -121.7066831455, 37.3366132236, 0.0 ], [ -121.7047783866, 37.3357494792, 0.0 ], [ -121.7016737766, 37.3344863449, 0.0 ], [ -121.6997892432, 37.3356951122, 0.0 ], [ -121.6990635077, 37.3344518413, 0.0 ], [ -121.6964651362, 37.3342376912, 0.0 ], [ -121.6965314929, 37.333467578, 0.0 ], [ -121.6975608778, 37.333063427, 0.0 ], [ -121.6972539271, 37.33238885, 0.0 ], [ -121.6964294425, 37.3313406967, 0.0 ], [ -121.6953182355, 37.3316202842, 0.0 ], [ -121.6951897441, 37.3307910428, 0.0 ], [ -121.6930767843, 37.3306934831, 0.0 ], [ -121.6921214296, 37.3300486484, 0.0 ], [ -121.6929589981, 37.3288589188, 0.0 ], [ -121.6893541146, 37.3296441418, 0.0 ], [ -121.6895742135, 37.3306851559, 0.0 ], [ -121.6882167325, 37.3311658073, 0.0 ], [ -121.6880573085, 37.3318225382, 0.0 ], [ -121.6860002653, 37.3317916061, 0.0 ], [ -121.6851393271, 37.3312406313, 0.0 ], [ -121.6859645734, 37.3305090764, 0.0 ], [ -121.6846237453, 37.3303234792, 0.0 ], [ -121.68279394, 37.3286947376, 0.0 ], [ -121.6773770961, 37.3295097032, 0.0 ], [ -121.6761100341, 37.3290016881, 0.0 ], [ -121.6743837344, 37.3278155271, 0.0 ], [ -121.6732427815, 37.3256335608, 0.0 ], [ -121.6694653864, 37.3234551643, 0.0 ], [ -121.6687768115, 37.3244277769, 0.0 ], [ -121.6711429066, 37.3275823401, 0.0 ], [ -121.6679889315, 37.3262141503, 0.0 ], [ -121.6677426566, 37.3272575434, 0.0 ], [ -121.6659711492, 37.3275502183, 0.0 ], [ -121.6663530509, 37.328826799, 0.0 ], [ -121.6649241843, 37.3294668742, 0.0 ], [ -121.665542846, 37.3308219774, 0.0 ], [ -121.6665208041, 37.3304876625, 0.0 ], [ -121.6670335777, 37.3309516565, 0.0 ], [ -121.6667908727, 37.332773135, 0.0 ], [ -121.6680603162, 37.3330991213, 0.0 ], [ -121.6669435549, 37.3350381431, 0.0 ], [ -121.6676364551, 37.3350476619, 0.0 ], [ -121.6669806759, 37.335662514, 0.0 ], [ -121.6672289721, 37.3368825837, 0.0 ], [ -121.6659238592, 37.3377840269, 0.0 ], [ -121.6666579014, 37.3392639482, 0.0 ], [ -121.6678457284, 37.3397195353, 0.0 ], [ -121.6668853782, 37.3410320468, 0.0 ], [ -121.6646111322, 37.3405366982, 0.0 ], [ -121.662959443, 37.3418330705, 0.0 ], [ -121.6624843268, 37.3412328728, 0.0 ], [ -121.6648913904, 37.339153223, 0.0 ], [ -121.664382184, 37.3387334862, 0.0 ], [ -121.6630306498, 37.33992417, 0.0 ], [ -121.6611175643, 37.3405323601, 0.0 ], [ -121.6582070066, 37.3401478392, 0.0 ], [ -121.6570505883, 37.3408940391, 0.0 ], [ -121.6566812352, 37.3389956959, 0.0 ], [ -121.6583155177, 37.3381021536, 0.0 ], [ -121.6571642467, 37.3362992196, 0.0 ], [ -121.6564799146, 37.3373813976, 0.0 ], [ -121.6549380238, 37.336996877, 0.0 ], [ -121.6539062881, 37.3379248681, 0.0 ], [ -121.6533000016, 37.3369026516, 0.0 ], [ -121.6530972393, 37.3380929673, 0.0 ], [ -121.654420252, 37.3384350247, 0.0 ], [ -121.6549830501, 37.3400949623, 0.0 ], [ -121.6536894042, 37.3389073881, 0.0 ], [ -121.6520493572, 37.3392297631, 0.0 ], [ -121.6519208667, 37.3408430389, 0.0 ], [ -121.6504246615, 37.3409877103, 0.0 ], [ -121.650063934, 37.3423297261, 0.0 ], [ -121.6479300345, 37.3416615744, 0.0 ], [ -121.6483802288, 37.3410057937, 0.0 ], [ -121.6481670281, 37.3404832652, 0.0 ], [ -121.6472856757, 37.3418966653, 0.0 ], [ -121.6475778734, 37.3425238902, 0.0 ], [ -121.6469439862, 37.3417929202, 0.0 ], [ -121.6453430491, 37.3423149632, 0.0 ], [ -121.6455229709, 37.3385026007, 0.0 ], [ -121.6440708352, 37.3372685198, 0.0 ], [ -121.6438423577, 37.3419430647, 0.0 ], [ -121.6434188111, 37.3423666087, 0.0 ], [ -121.641587104, 37.3420256318, 0.0 ] ] ] } },
{ "type": "Feature", "properties": { "route": "25", "current_peak": 2300, "additional_peak": 0, "increase_percent": 0.0, "tags": null }, "geometry": { "type": "MultiLineString", "coordinates": [ [ [ -121.5121780261, 36.9480744576, 0.0 ], [ -121.5254129874, 36.9514649387, 0.0 ], [ -121.5347129904, 36.9600249379, 0.0 ], [ -121.5380168808, 36.9618253523, 0.0 ], [ -121.5455529915, 36.962774937, 0.0 ], [ -121.5516132025, 36.9610383082, 0.0 ] ] ] } },
{ "type": "Feature", "properties": { "route": "82", "current_peak": 2850, "additional_peak": 0, "increase_percent": 0.0, "tags": null }, "geometry": { "type": "MultiLineString", "coordinates": [ [ [ -122.2611392998, 37.507871411, 0.0 ], [ -122.2689914281, 37.514433596, 0.0 ] ], [ [ -122.2285456895, 37.4812252471, 0.0 ], [ -122.2394494056, 37.4900720095, 0.0 ] ], [ [ -122.1737864134, 37.4481570416, 0.0 ], [ -122.1794397394, 37.4517020535, 0.0 ], [ -122.1916914084, 37.4578066975, 0.0 ] ] ] } },
{ "type": "Feature", "properties": { "route": "82", "current_peak": 2750, "additional_peak": 277, "increase_percent": 10.072727272727272, "tags": null }, "geometry": { "type": "MultiLineString", "coordinates": [ [ [ -122.3931247187, 37.6031580281, 0.0 ], [ -122.3981921836, 37.6069124027, 0.0 ], [ -122.4032135931, 37.6119801688, 0.0 ] ] ] } },
{ "type": "Feature", "properties": { "route": "280", "current_peak": 11700, "additional_peak": 0, "increase_percent": 0.0, "tags": null }, "geometry": { "type": "MultiLineString", "coordinates": [ [ [ -122.1443956355, 37.3726479738, 0.0 ], [ -122.1507112636, 37.3787492697, 0.0 ], [ -122.1525912641, 37.3849492698, 0.0 ], [ -122.1543012656, 37.3869292705, 0.0 ], [ -122.1569712653, 37.3881392703, 0.0 ], [ -122.1626512661, 37.3891992696, 0.0 ], [ -122.1672512683, 37.3915292699, 0.0 ], [ -122.1748212688, 37.3928492693, 0.0 ], [ -122.1802656147, 37.3974740728, 0.0 ] ] ] } },
{ "type": "Feature", "properties": { "route": "880", "current_peak": 13400, "additional_peak": 1602, "increase_percent": 11.955223880597014, "tags": [ "880" ] }, "geometry": { "type": "MultiLineString", "coordinates": [ [ [ -122.2021873148, 37.7473264493, 0.0 ], [ -122.213674134, 37.7605322773, 0.0 ] ] ] } },
{ "type": "Feature", "properties": { "route": "980", "current_peak": 7700, "additional_peak": 2922, "increase_percent": 37.948051948051948, "tags": null }, "geometry": { "type": "MultiLineString", "coordinates": [ [ [ -122.2761661251, 37.7991482237, 0.0 ], [ -122.2794121982, 37.8007439571, 0.0 ], [ -122.2799952941, 37.8026277011, 0.0 ] ] ] } },
{ "type": "Feature", "properties": { "route": "280", "current_peak": 10500, "additional_peak": 0, "increase_percent": 0.0, "tags": null }, "geometry": { "type": "MultiLineString", "coordinates": [ [ [ -122.4261039527, 37.6209148721, 0.0 ], [ -122.4295101995, 37.6259840764, 0.0 ] ], [ [ -122.3871264646, 37.5644353803, 0.0 ], [ -122.3950371962, 37.5689131078, 0.0 ], [ -122.3995581969, 37.5736571081, 0.0 ], [ -122.4025225232, 37.5795854993, 0.0 ], [ -122.4074651792, 37.5852716462, 0.0 ] ] ] } },
{ "type": "Feature", "properties": { "route": "280", "current_peak": 10000, "additional_peak": 0, "increase_percent": 0.0, "tags": null }, "geometry": { "type": "MultiLineString", "coordinates": [ [ [ -122.3521594122, 37.5177207886, 0.0 ], [ -122.3589672423, 37.5269992982, 0.0 ], [ -122.3628072448, 37.5357330937, 0.0 ] ], [ [ -122.271236578, 37.4454062684, 0.0 ], [ -122.288378168, 37.4569971064, 0.0 ], [ -122.2902744325, 37.4600541941, 0.0 ], [ -122.2906987164, 37.4641495763, 0.0 ] ], [ [ -122.1799959167, 37.3977455316, 0.0 ], [ -122.1909375444, 37.4079331164, 0.0 ], [ -122.2074761523, 37.4133871085, 0.0 ], [ -122.2135181211, 37.4178903986, 0.0 ], [ -122.2194277607, 37.4191388949, 0.0 ] ] ] } },
{ "type": "Feature", "properties": { "route": "101", "current_peak": 5300, "additional_peak": 83, "increase_percent": 1.5660377358490567, "tags": null }, "geometry": { "type": "MultiLineString", "coordinates": [ [ [ -122.0702847352, 37.4086416589, 0.0 ], [ -122.0773040317, 37.4115268707, 0.0 ] ] ] } },
{ "type": "Feature", "properties": { "route": "101", "current_peak": 12300, "additional_peak": 123, "increase_percent": 1.0, "tags": null }, "geometry": { "type": "MultiLineString", "coordinates": [ [ [ -122.2918559622, 37.5489327712, 0.0 ], [ -122.2959143857, 37.5533020386, 0.0 ] ] ] } },
{ "type": "Feature", "properties": { "route": "880", "current_peak": 3350, "additional_peak": 2545, "increase_percent": 75.97014925373135, "tags": [ "880" ] }, "geometry": { "type": "MultiLineString", "coordinates": [ [ [ -122.3003950987, 37.8150863719, 0.0 ], [ -122.2973669982, 37.81780219, 0.0 ], [ -122.2967000292, 37.8192064351, 0.0 ] ] ] } },
{ "type": "Feature", "properties": { "route": "280", "current_peak": 11000, "additional_peak": 0, "increase_percent": 0.0, "tags": null }, "geometry": { "type": "MultiLineString", "coordinates": [ [ [ -122.243363719, 37.4352787869, 0.0 ], [ -122.2515979604, 37.441827799, 0.0 ] ] ] } },
{ "type": "Feature", "properties": { "route": "130", "current_peak": 1900, "additional_peak": 0, "increase_percent": 0.0, "tags": null }, "geometry": { "type": "MultiLineString", "coordinates": [ [ [ -121.824411631, 37.3708474994, 0.0 ], [ -121.8172673278, 37.3821316452, 0.0 ] ] ] } },
{ "type": "Feature", "properties": { "route": "580", "current_peak": 11800, "additional_peak": 723, "increase_percent": 6.1271186440677967, "tags": null }, "geometry": { "type": "MultiLineString", "coordinates": [ [ [ -122.1450426388, 37.7415902826, 0.0 ], [ -122.1492200494, 37.7454659449, 0.0 ], [ -122.1510997378, 37.7491229051, 0.0 ] ] ] } },
{ "type": "Feature", "properties": { "route": "280", "current_peak": 10800, "additional_peak": 0, "increase_percent": 0.0, "tags": null }, "geometry": { "type": "MultiLineString", "coordinates": [ [ [ -122.1802656147, 37.3974740728, 0.0 ], [ -122.190471273, 37.4073292709, 0.0 ], [ -122.2070623161, 37.4129470815, 0.0 ] ] ] } },
{ "type": "Feature", "properties": { "route": "84", "current_peak": 4000, "additional_peak": 714, "increase_percent": 17.85, "tags": null }, "geometry": { "type": "MultiLineString", "coordinates": [ [ [ -122.0228949612, 37.546717755, 0.0 ], [ -122.0206723028, 37.5494757205, 0.0 ] ] ] } },
{ "type": "Feature", "properties": { "route": "87", "current_peak": 12000, "additional_peak": 0, "increase_percent": 0.0, "tags": null }, "geometry": { "type": "MultiLineString", "coordinates": [ [ [ -121.8675948696, 37.2843390444, 0.0 ], [ -121.8709088195, 37.289140754, 0.0 ], [ -121.8751659242, 37.2992140883, 0.0 ] ] ] } },
{ "type": "Feature", "properties": { "route": "280", "current_peak": 10900, "additional_peak": 0, "increase_percent": 0.0, "tags": null }, "geometry": { "type": "MultiLineString", "coordinates": [ [ [ -122.243183713, 37.435462815, 0.0 ], [ -122.2514586972, 37.4420328753, 0.0 ] ] ] } },
{ "type": "Feature", "properties": { "route": "101", "current_peak": 5800, "additional_peak": 0, "increase_percent": 0.0, "tags": null }, "geometry": { "type": "MultiLineString", "coordinates": [ [ [ -121.5509587311, 36.9612860389, 0.0 ], [ -121.5546177536, 36.9740444632, 0.0 ], [ -121.5584977561, 36.9835444634, 0.0 ], [ -121.5567114435, 36.9947978785, 0.0 ] ] ] } },
{ "type": "Feature", "properties": { "route": "80", "current_peak": 7900, "additional_peak": 0, "increase_percent": 0.0, "tags": [ "80" ] }, "geometry": { "type": "MultiLineString", "coordinates": [ [ [ -122.2658631181, 38.0187004482, 0.0 ], [ -122.251268142, 38.0343908508, 0.0 ] ] ] } },
{ "type": "Feature", "properties": { "route": "92", "current_peak": 6400, "additional_peak": 26, "increase_percent": 0.40625, "tags": null }, "geometry": { "type": "MultiLineString", "coordinates": [ [ [ -122.1155956868, 37.6299508925, 0.0 ], [ -122.1052360164, 37.6342690028, 0.0 ] ] ] } },
{ "type": "Feature", "properties": { "route": "185", "current_peak": 1750, "additional_peak": 375, "increase_percent": 21.428571428571427, "tags": null }, "geometry": { "type": "MultiLineString", "coordinates": [ [ [ -122.1533080494, 37.7231342101, 0.0 ], [ -122.1568918246, 37.7258137266, 0.0 ], [ -122.1636758719, 37.735105902, 0.0 ] ] ] } },
{ "type": "Feature", "properties": { "route": "580", "current_peak": 11700, "additional_peak": 0, "increase_percent": 0.0, "tags": null }, "geometry": { "type": "MultiLineString", "coordinates": [ [ [ -121.833618882, 37.7012177457, 0.0 ], [ -121.8607695596, 37.7014732229, 0.0 ] ], [ [ -121.5735121647, 37.7421244428, 0.0 ], [ -121.6000145225, 37.7384167329, 0.0 ], [ -121.6098642487, 37.7377659684, 0.0 ], [ -121.6253491496, 37.735120066, 0.0 ] ] ] } },
{ "type": "Feature", "properties": { "route": "4", "current_peak": 6200, "additional_peak": 18, "increase_percent": 0.29032258064516131, "tags": null }, "geometry": { "type": "MultiLineString", "coordinates": [ [ [ -122.1101165219, 37.9954885848, 0.0 ], [ -122.0975681872, 37.9906986275, 0.0 ], [ -122.0842687521, 37.9911435735, 0.0 ] ] ] } },
{ "type": "Feature", "properties": { "route": "4", "current_peak": 12600, "additional_peak": 321, "increase_percent": 2.5476190476190474, "tags": null }, "geometry": { "type": "MultiLineString", "coordinates": [ [ [ -121.8294188308, 38.0017261479, 0.0 ], [ -121.8185695061, 37.9987278376, 0.0 ] ] ] } },
{ "type": "Feature", "properties": { "route": "880", "current_peak": 12000, "additional_peak": 714, "increase_percent": 5.95, "tags": [ "880" ] }, "geometry": { "type": "MultiLineString", "coordinates": [ [ [ -122.0300571472, 37.5554972936, 0.0 ], [ -122.0383629368, 37.5632437936, 0.0 ] ] ] } },
{ "type": "Feature", "properties": { "route": "123", "current_peak": 13300, "additional_peak": 485, "increase_percent": 3.6466165413533833, "tags": null }, "geometry": { "type": "MultiLineString", "coordinates": [ [ [ -122.3196534475, 37.9254122266, 0.0 ], [ -122.3206698267, 37.9254515447, 0.0 ] ] ] } },
{ "type": "Feature", "properties": { "route": "280", "current_peak": 15800, "additional_peak": 38, "increase_percent": 0.24050632911392406, "tags": null }, "geometry": { "type": "MultiLineString", "coordinates": [ [ [ -122.4295101995, 37.6259840764, 0.0 ], [ -122.4329339901, 37.6290100301, 0.0 ] ] ] } },
{ "type": "Feature", "properties": { "route": "4", "current_peak": 13800, "additional_peak": 776, "increase_percent": 5.6231884057971016, "tags": null }, "geometry": { "type": "MultiLineString", "coordinates": [ [ [ -122.0104806742, 38.0118037427, 0.0 ], [ -121.9963560777, 38.0143019918, 0.0 ], [ -121.982589603, 38.0211092781, 0.0 ] ] ] } },
{ "type": "Feature", "properties": { "route": "85", "current_peak": 10100, "additional_peak": 0, "increase_percent": 0.0, "tags": null }, "geometry": { "type": "MultiLineString", "coordinates": [ [ [ -121.9861281217, 37.2673304224, 0.0 ], [ -121.9943430941, 37.2713949329, 0.0 ], [ -122.0006430951, 37.2733849324, 0.0 ], [ -122.0067730971, 37.2762249326, 0.0 ], [ -122.0186930986, 37.2853149314, 0.0 ], [ -122.0211660424, 37.2880329825, 0.0 ] ] ] } },
{ "type": "Feature", "properties": { "route": "242", "current_peak": 19500, "additional_peak": 1153, "increase_percent": 5.9128205128205131, "tags": null }, "geometry": { "type": "MultiLineString", "coordinates": [ [ [ -122.0539411291, 37.9555086646, 0.0 ], [ -122.0504077649, 37.9635044489, 0.0 ] ] ] } },
{ "type": "Feature", "properties": { "route": "680", "current_peak": 9100, "additional_peak": 0, "increase_percent": 0.0, "tags": null }, "geometry": { "type": "MultiLineString", "coordinates": [ [ [ -122.0868795911, 38.0093032432, 0.0 ], [ -122.0966801451, 38.0189821126, 0.0 ], [ -122.1124732415, 38.0255870838, 0.0 ] ] ] } },
{ "type": "Feature", "properties": { "route": "280", "current_peak": 1800, "additional_peak": 0, "increase_percent": 0.0, "tags": null }, "geometry": { "type": "MultiLineString", "coordinates": [ [ [ -122.3247717966, 37.5003142617, 0.0 ], [ -122.3301853212, 37.5014226185, 0.0 ], [ -122.3391557293, 37.5071538454, 0.0 ] ] ] } },
{ "type": "Feature", "properties": { "route": "580", "current_peak": 11600, "additional_peak": 0, "increase_percent": 0.0, "tags": null }, "geometry": { "type": "MultiLineString", "coordinates": [ [ [ -121.5734561608, 37.7417261576, 0.0 ], [ -121.5896503698, 37.7396204023, 0.0 ], [ -121.6112001495, 37.7348063751, 0.0 ], [ -121.624751136, 37.7337865871, 0.0 ] ] ] } },
{ "type": "Feature", "properties": { "route": "680", "current_peak": 10200, "additional_peak": 103, "increase_percent": 1.0098039215686274, "tags": null }, "geometry": { "type": "MultiLineString", "coordinates": [ [ [ -121.8926089212, 37.6483352414, 0.0 ], [ -121.906485062, 37.6619513344, 0.0 ], [ -121.908599062, 37.6653263333, 0.0 ], [ -121.9116219658, 37.6730271308, 0.0 ] ] ] } },
{ "type": "Feature", "properties": { "route": "85", "current_peak": 13800, "additional_peak": 0, "increase_percent": 0.0, "tags": null }, "geometry": { "type": "MultiLineString", "coordinates": [ [ [ -121.8216767723, 37.2438442946, 0.0 ], [ -121.8437953888, 37.2542690898, 0.0 ], [ -121.847231961, 37.2553046061, 0.0 ] ] ] } },
{ "type": "Feature", "properties": { "route": "880", "current_peak": 4700, "additional_peak": 713, "increase_percent": 15.170212765957448, "tags": [ "880" ] }, "geometry": { "type": "MultiLineString", "coordinates": [ [ [ -122.0387388119, 37.5639351878, 0.0 ], [ -122.0450040148, 37.570442072, 0.0 ] ] ] } },
{ "type": "Feature", "properties": { "route": "580", "current_peak": 11500, "additional_peak": 718, "increase_percent": 6.2434782608695647, "tags": null }, "geometry": { "type": "MultiLineString", "coordinates": [ [ [ -122.1333743716, 37.7190613775, 0.0 ], [ -122.1376320841, 37.7258008271, 0.0 ] ] ] } },
{ "type": "Feature", "properties": { "route": "85", "current_peak": 11400, "additional_peak": 0, "increase_percent": 0.0, "tags": null }, "geometry": { "type": "MultiLineString", "coordinates": [ [ [ -121.9208940851, 37.2506734721, 0.0 ], [ -121.9292089595, 37.2507788964, 0.0 ], [ -121.9414325091, 37.2528945023, 0.0 ] ] ] } },
{ "type": "Feature", "properties": { "route": "280", "current_peak": 14900, "additional_peak": 32, "increase_percent": 0.21476510067114091, "tags": null }, "geometry": { "type": "MultiLineString", "coordinates": [ [ [ -122.4716727327, 37.6835313254, 0.0 ], [ -122.4705263467, 37.690464272, 0.0 ], [ -122.4706825282, 37.6949521755, 0.0 ] ] ] } },
{ "type": "Feature", "properties": { "route": "680", "current_peak": 12800, "additional_peak": 67, "increase_percent": 0.5234375, "tags": null }, "geometry": { "type": "MultiLineString", "coordinates": [ [ [ -122.0310339361, 37.857498731, 0.0 ], [ -122.03366467, 37.8616976252, 0.0 ], [ -122.0377749825, 37.8650955358, 0.0 ], [ -122.0421485816, 37.8709394808, 0.0 ] ] ] } },
{ "type": "Feature", "properties": { "route": "80", "current_peak": 16300, "additional_peak": 731, "increase_percent": 4.4846625766871169, "tags": [ "80" ] }, "geometry": { "type": "MultiLineString", "coordinates": [ [ [ -122.3011328885, 37.8578469701, 0.0 ], [ -122.3053292565, 37.8722192493, 0.0 ] ] ] } },
{ "type": "Feature", "properties": { "route": "380", "current_peak": 14100, "additional_peak": 417, "increase_percent": 2.9574468085106385, "tags": null }, "geometry": { "type": "MultiLineString", "coordinates": [ [ [ -122.411250512, 37.6339667896, 0.0 ], [ -122.4097069724, 37.6338174585, 0.0 ] ], [ [ -122.4032648942, 37.6362487558, 0.0 ], [ -122.4011580346, 37.637982239, 0.0 ] ] ] } },
{ "type": "Feature", "properties": { "route": "580", "current_peak": 11800, "additional_peak": 646, "increase_percent": 5.4745762711864403, "tags": null }, "geometry": { "type": "MultiLineString", "coordinates": [ [ [ -122.1945166778, 37.7859686584, 0.0 ], [ -122.2001704982, 37.788918914, 0.0 ] ] ] } },
{ "type": "Feature", "properties": { "route": "1", "current_peak": 4800, "additional_peak": 0, "increase_percent": 0.0, "tags": null }, "geometry": { "type": "MultiLineString", "coordinates": [ [ [ -122.4753473399, 37.7218652753, 0.0 ], [ -122.4748811376, 37.730123458, 0.0 ], [ -122.4769251399, 37.7599704591, 0.0 ], [ -122.4774841417, 37.7662584599, 0.0 ], [ -122.4795740923, 37.7715724848, 0.0 ] ] ] } },
{ "type": "Feature", "properties": { "route": "92", "current_peak": 7600, "additional_peak": 26, "increase_percent": 0.34210526315789475, "tags": [ "bridges" ] }, "geometry": { "type": "MultiLineString", "coordinates": [ [ [ -122.279014492, 37.5599368072, 0.0 ], [ -122.2717719763, 37.5649540975, 0.0 ] ] ] } },
{ "type": "Feature", "properties": { "route": "17", "current_peak": 8600, "additional_peak": 0, "increase_percent": 0.0, "tags": null }, "geometry": { "type": "MultiLineString", "coordinates": [ [ [ -121.9564482356, 37.2552462413, 0.0 ], [ -121.9507206528, 37.2628467572, 0.0 ] ] ] } },
{ "type": "Feature", "properties": { "route": "580", "current_peak": 11500, "additional_peak": 1098, "increase_percent": 9.5478260869565226, "tags": null }, "geometry": { "type": "MultiLineString", "coordinates": [ [ [ -122.1287876748, 37.7120756207, 0.0 ], [ -122.1312561656, 37.7143799599, 0.0 ], [ -122.1336050871, 37.71897705, 0.0 ] ] ] } },
{ "type": "Feature", "properties": { "route": "680", "current_peak": 13700, "additional_peak": 761, "increase_percent": 5.5547445255474459, "tags": null }, "geometry": { "type": "MultiLineString", "coordinates": [ [ [ -121.9205041315, 37.6957967044, 0.0 ], [ -121.9224015329, 37.7005775679, 0.0 ] ] ] } },
{ "type": "Feature", "properties": { "route": "35", "current_peak": 3450, "additional_peak": 0, "increase_percent": 0.0, "tags": null }, "geometry": { "type": "MultiLineString", "coordinates": [ [ [ -122.5027012844, 37.7260823014, 0.0 ], [ -122.5008451379, 37.7296721964, 0.0 ], [ -122.4963148633, 37.7336079515, 0.0 ] ] ] } },
{ "type": "Feature", "properties": { "route": "17", "current_peak": 5500, "additional_peak": 0, "increase_percent": 0.0, "tags": null }, "geometry": { "type": "MultiLineString", "coordinates": [ [ [ -121.9847935249, 37.1437900708, 0.0 ], [ -121.9848711159, 37.145551276, 0.0 ], [ -121.987303079, 37.1466649223, 0.0 ], [ -121.9878367241, 37.1479574219, 0.0 ], [ -121.9848373194, 37.1512458924, 0.0 ], [ -121.9854284414, 37.1546242261, 0.0 ], [ -121.9824389012, 37.1565480122, 0.0 ], [ -121.9820926635, 37.1580595739, 0.0 ], [ -121.9860188978, 37.1620000804, 0.0 ], [ -121.9872829864, 37.1623123847, 0.0 ], [ -121.989693081, 37.1617549232, 0.0 ], [ -121.9910633576, 37.1624164875, 0.0 ], [ -121.9910237347, 37.1637895971, 0.0 ], [ -121.9886594758, 37.1648468393, 0.0 ], [ -121.9881276965, 37.1661046513, 0.0 ], [ -121.9898920829, 37.1705529244, 0.0 ], [ -121.9928258197, 37.1733072206, 0.0 ] ] ] } },
{ "type": "Feature", "properties": { "route": "152", "current_peak": 2300, "additional_peak": 0, "increase_percent": 0.0, "tags": null }, "geometry": { "type": "MultiLineString", "coordinates": [ [ [ -121.5861248874, 37.0135598547, 0.0 ], [ -121.5849195424, 37.0135430809, 0.0 ] ], [ [ -121.5736804435, 37.0170038732, 0.0 ], [ -121.5747917751, 37.0194094034, 0.0 ], [ -121.5706966253, 37.0209445984, 0.0 ] ], [ [ -121.4356359112, 36.9758856667, 0.0 ], [ -121.434241858, 36.9737532417, 0.0 ], [ -121.432153504, 36.9725688765, 0.0 ], [ -121.4252396726, 36.9729918776, 0.0 ], [ -121.4176929744, 36.9707049462, 0.0 ], [ -121.4129801797, 36.9684809917, 0.0 ], [ -121.4057629719, 36.9621949461, 0.0 ], [ -121.4006307754, 36.9609333422, 0.0 ], [ -121.398642969, 36.9614349472, 0.0 ], [ -121.3916829695, 36.9655749473, 0.0 ], [ -121.3837677464, 36.9687760596, 0.0 ], [ -121.3812829686, 36.9771249498, 0.0 ], [ -121.3813898721, 36.9789201112, 0.0 ] ] ] } },
{ "type": "Feature", "properties": { "route": "280", "current_peak": 15600, "additional_peak": 2990, "increase_percent": 19.166666666666668, "tags": null }, "geometry": { "type": "MultiLineString", "coordinates": [ [ [ -122.3988421757, 37.7408759102, 0.0 ], [ -122.3966460448, 37.7433285782, 0.0 ] ] ] } },
{ "type": "Feature", "properties": { "route": "35", "current_peak": 210, "additional_peak": 0, "increase_percent": 0.0, "tags": null }, "geometry": { "type": "MultiLineString", "coordinates": [ [ [ -122.0483276219, 37.2055048561, 0.0 ], [ -122.0543783301, 37.2097308538, 0.0 ], [ -122.0550563102, 37.2120807591, 0.0 ], [ -122.0571692727, 37.2129956618, 0.0 ], [ -122.0599282585, 37.2127291619, 0.0 ], [ -122.0635593154, 37.2100843905, 0.0 ], [ -122.0658337931, 37.2103932407, 0.0 ], [ -122.0699124777, 37.2165208326, 0.0 ], [ -122.0719619939, 37.2173886853, 0.0 ], [ -122.0737493593, 37.2192476948, 0.0 ], [ -122.0765978245, 37.2202226825, 0.0 ], [ -122.0776253788, 37.2215438852, 0.0 ] ], [ [ -122.0472689244, 37.2046891546, 0.0 ], [ -122.0477182337, 37.2051232133, 0.0 ] ], [ [ -122.0462743, 37.2033859286, 0.0 ], [ -122.0466854235, 37.2040011088, 0.0 ] ], [ [ -122.0440824045, 37.2008644111, 0.0 ], [ -122.0444685853, 37.2013200446, 0.0 ] ], [ [ -122.0428533059, 37.199856161, 0.0 ], [ -122.0431550949, 37.1997529784, 0.0 ] ], [ [ -122.0418412683, 37.1984346143, 0.0 ], [ -122.0421711624, 37.199075217, 0.0 ] ], [ [ -122.0406674022, 37.1954399195, 0.0 ], [ -122.0406171015, 37.1956727573, 0.0 ] ], [ [ -122.0342216872, 37.1916710514, 0.0 ], [ -122.0345383078, 37.1918797618, 0.0 ] ], [ [ -122.0323130701, 37.1911208312, 0.0 ], [ -122.0332015505, 37.1912499667, 0.0 ] ], [ [ -122.0326609623, 37.1864045416, 0.0 ], [ -122.0326142215, 37.1864100685, 0.0 ] ], [ [ -122.0311825404, 37.1890409141, 0.0 ], [ -122.0310260619, 37.1892054906, 0.0 ] ], [ [ -122.0309537794, 37.1892815137, 0.0 ], [ -122.0309236719, 37.1893131791, 0.0 ] ], [ [ -122.0308537259, 37.1896249693, 0.0 ], [ -122.0308557041, 37.1897062374, 0.0 ] ] ] } },
{ "type": "Feature", "properties": { "route": "280", "current_peak": 12400, "additional_peak": 1120, "increase_percent": 9.0322580645161281, "tags": null }, "geometry": { "type": "MultiLineString", "coordinates": [ [ [ -122.4622232301, 37.7103975107, 0.0 ], [ -122.455457027, 37.7109590986, 0.0 ], [ -122.449484924, 37.7156639969, 0.0 ] ] ] } },
{ "type": "Feature", "properties": { "route": "280", "current_peak": 3700, "additional_peak": 0, "increase_percent": 0.0, "tags": null }, "geometry": { "type": "MultiLineString", "coordinates": [ [ [ -122.3940777467, 37.7661812758, 0.0 ], [ -122.3967438263, 37.768549203, 0.0 ], [ -122.3977622059, 37.7719017231, 0.0 ], [ -122.3997776868, 37.7736985514, 0.0 ] ] ] } },
{ "type": "Feature", "properties": { "route": "80", "current_peak": 12600, "additional_peak": 854, "increase_percent": 6.7777777777777786, "tags": [ "80" ] }, "geometry": { "type": "MultiLineString", "coordinates": [ [ [ -122.3140282486, 37.9057264821, 0.0 ], [ -122.3172129128, 37.9107369978, 0.0 ], [ -122.3173475923, 37.9155741429, 0.0 ] ] ] } },
{ "type": "Feature", "properties": { "route": "130", "current_peak": 120, "additional_peak": 0, "increase_percent": 0.0, "tags": null }, "geometry": { "type": "MultiLineString", "coordinates": [ [ [ -121.7535088651, 37.3594861388, 0.0 ], [ -121.7479390664, 37.3584419578, 0.0 ], [ -121.7478220662, 37.3577909571, 0.0 ], [ -121.7456218414, 37.3573621212, 0.0 ], [ -121.7449080653, 37.3557249567, 0.0 ], [ -121.7414680657, 37.3550729578, 0.0 ], [ -121.7407284809, 37.3543413958, 0.0 ], [ -121.7410440654, 37.3537839576, 0.0 ], [ -121.7386670639, 37.3537609587, 0.0 ], [ -121.7373510634, 37.3525119578, 0.0 ], [ -121.7363560642, 37.3529509571, 0.0 ], [ -121.7342670653, 37.3521019573, 0.0 ], [ -121.7315750632, 37.3497319587, 0.0 ], [ -121.7279380622, 37.3480679565, 0.0 ], [ -121.7214929141, 37.3416422127, 0.0 ], [ -121.7153396269, 37.342195438, 0.0 ], [ -121.7136133282, 37.3409569284, 0.0 ], [ -121.7099530581, 37.3396849598, 0.0 ], [ -121.7091330588, 37.3385549587, 0.0 ], [ -121.7071911617, 37.3378338864, 0.0 ], [ -121.7066831455, 37.3366132236, 0.0 ], [ -121.7047783866, 37.3357494792, 0.0 ], [ -121.7016737766, 37.3344863449, 0.0 ], [ -121.6997892432, 37.3356951122, 0.0 ], [ -121.6990635077, 37.3344518413, 0.0 ], [ -121.6964651362, 37.3342376912, 0.0 ], [ -121.6965314929, 37.333467578, 0.0 ], [ -121.6975608778, 37.333063427, 0.0 ], [ -121.6972539271, 37.33238885, 0.0 ], [ -121.6964294425, 37.3313406967, 0.0 ], [ -121.6953182355, 37.3316202842, 0.0 ], [ -121.6951897441, 37.3307910428, 0.0 ], [ -121.6930767843, 37.3306934831, 0.0 ], [ -121.6921214296, 37.3300486484, 0.0 ], [ -121.6929589981, 37.3288589188, 0.0 ], [ -121.6893541146, 37.3296441418, 0.0 ], [ -121.6895742135, 37.3306851559, 0.0 ], [ -121.6882167325, 37.3311658073, 0.0 ], [ -121.6880573085, 37.3318225382, 0.0 ], [ -121.6860002653, 37.3317916061, 0.0 ], [ -121.6851393271, 37.3312406313, 0.0 ], [ -121.6859645734, 37.3305090764, 0.0 ], [ -121.6846237453, 37.3303234792, 0.0 ], [ -121.68279394, 37.3286947376, 0.0 ], [ -121.6773770961, 37.3295097032, 0.0 ], [ -121.6761100341, 37.3290016881, 0.0 ], [ -121.6743837344, 37.3278155271, 0.0 ], [ -121.6732427815, 37.3256335608, 0.0 ], [ -121.6694653864, 37.3234551643, 0.0 ], [ -121.6687768115, 37.3244277769, 0.0 ], [ -121.6711429066, 37.3275823401, 0.0 ], [ -121.6679889315, 37.3262141503, 0.0 ], [ -121.6677426566, 37.3272575434, 0.0 ], [ -121.6659711492, 37.3275502183, 0.0 ], [ -121.6663530509, 37.328826799, 0.0 ], [ -121.6649241843, 37.3294668742, 0.0 ], [ -121.665542846, 37.3308219774, 0.0 ], [ -121.6665208041, 37.3304876625, 0.0 ], [ -121.6670335777, 37.3309516565, 0.0 ], [ -121.6667908727, 37.332773135, 0.0 ], [ -121.6680603162, 37.3330991213, 0.0 ], [ -121.6669435549, 37.3350381431, 0.0 ], [ -121.6676364551, 37.3350476619, 0.0 ], [ -121.6669806759, 37.335662514, 0.0 ], [ -121.6672289721, 37.3368825837, 0.0 ], [ -121.6659238592, 37.3377840269, 0.0 ], [ -121.6666579014, 37.3392639482, 0.0 ], [ -121.6678457284, 37.3397195353, 0.0 ], [ -121.6668853782, 37.3410320468, 0.0 ], [ -121.6646111322, 37.3405366982, 0.0 ], [ -121.662959443, 37.3418330705, 0.0 ], [ -121.6624843268, 37.3412328728, 0.0 ], [ -121.6648913904, 37.339153223, 0.0 ], [ -121.664382184, 37.3387334862, 0.0 ], [ -121.6630306498, 37.33992417, 0.0 ], [ -121.6611175643, 37.3405323601, 0.0 ], [ -121.6582070066, 37.3401478392, 0.0 ], [ -121.6570505883, 37.3408940391, 0.0 ], [ -121.6566812352, 37.3389956959, 0.0 ], [ -121.6583155177, 37.3381021536, 0.0 ], [ -121.6571642467, 37.3362992196, 0.0 ], [ -121.6564799146, 37.3373813976, 0.0 ], [ -121.6549380238, 37.336996877, 0.0 ], [ -121.6539062881, 37.3379248681, 0.0 ], [ -121.6533000016, 37.3369026516, 0.0 ], [ -121.6530972393, 37.3380929673, 0.0 ], [ -121.654420252, 37.3384350247, 0.0 ], [ -121.6549830501, 37.3400949623, 0.0 ], [ -121.6536894042, 37.3389073881, 0.0 ], [ -121.6520493572, 37.3392297631, 0.0 ], [ -121.6519208667, 37.3408430389, 0.0 ], [ -121.6504246615, 37.3409877103, 0.0 ], [ -121.650063934, 37.3423297261, 0.0 ], [ -121.6479300345, 37.3416615744, 0.0 ], [ -121.6483802288, 37.3410057937, 0.0 ], [ -121.6481670281, 37.3404832652, 0.0 ], [ -121.6472856757, 37.3418966653, 0.0 ], [ -121.6475778734, 37.3425238902, 0.0 ], [ -121.6469439862, 37.3417929202, 0.0 ], [ -121.6453430491, 37.3423149632, 0.0 ], [ -121.6455229709, 37.3385026007, 0.0 ], [ -121.6440708352, 37.3372685198, 0.0 ], [ -121.6438423577, 37.3419430647, 0.0 ], [ -121.6434188111, 37.3423666087, 0.0 ], [ -121.641587104, 37.3420256318, 0.0 ] ] ] } },
{ "type": "Feature", "properties": { "route": "24", "current_peak": 12400, "additional_peak": 2142, "increase_percent": 17.274193548387096, "tags": [ "ccc-sf", "24", "24" ] }, "geometry": { "type": "MultiLineString", "coordinates": [ [ [ -122.1784267415, 37.8856141533, 0.0 ], [ -122.1764752595, 37.8881879473, 0.0 ], [ -122.1733382733, 37.890461944, 0.0 ], [ -122.1656392945, 37.8926559494, 0.0 ], [ -122.1601973095, 37.8926769553, 0.0 ], [ -122.1477504299, 37.8908631842, 0.0 ], [ -122.1425413511, 37.8912529843, 0.0 ], [ -122.1355320762, 37.8904031043, 0.0 ] ] ] } },
{ "type": "Feature", "properties": { "route": "238", "current_peak": 10200, "additional_peak": 1118, "increase_percent": 10.96078431372549, "tags": null }, "geometry": { "type": "MultiLineString", "coordinates": [ [ [ -122.0927403489, 37.685606537, 0.0 ], [ -122.0953501784, 37.6874911104, 0.0 ] ] ] } },
{ "type": "Feature", "properties": { "route": "82", "current_peak": 2300, "additional_peak": 123, "increase_percent": 5.3478260869565215, "tags": null }, "geometry": { "type": "MultiLineString", "coordinates": [ [ [ -122.3349084072, 37.5697051946, 0.0 ], [ -122.342237181, 37.5743149335, 0.0 ], [ -122.3554055747, 37.5781576143, 0.0 ] ] ] } },
{ "type": "Feature", "properties": { "route": "84", "current_peak": 11000, "additional_peak": 0, "increase_percent": 0.0, "tags": null }, "geometry": { "type": "MultiLineString", "coordinates": [ [ [ -122.2458014877, 37.4327865033, 0.0 ], [ -122.2450205182, 37.4343927765, 0.0 ], [ -122.2431810229, 37.4354655651, 0.0 ] ], [ [ -122.2398173834, 37.4389042797, 0.0 ], [ -122.2390737797, 37.439664459, 0.0 ] ] ] } },
{ "type": "Feature", "properties": { "route": "280", "current_peak": 11600, "additional_peak": 0, "increase_percent": 0.0, "tags": null }, "geometry": { "type": "MultiLineString", "coordinates": [ [ [ -121.8848331793, 37.325643945, 0.0 ], [ -121.8918392195, 37.3240914449, 0.0 ] ] ] } },
{ "type": "Feature", "properties": { "route": "4", "current_peak": 11500, "additional_peak": 407, "increase_percent": 3.5391304347826087, "tags": null }, "geometry": { "type": "MultiLineString", "coordinates": [ [ [ -121.9157347183, 38.0199509161, 0.0 ], [ -121.9001453735, 38.0195412258, 0.0 ], [ -121.8784824219, 38.0141299495, 0.0 ] ] ] } },
{ "type": "Feature", "properties": { "route": "114", "current_peak": 7200, "additional_peak": 23, "increase_percent": 0.31944444444444448, "tags": null }, "geometry": { "type": "MultiLineString", "coordinates": [ [ [ -122.1530094368, 37.4755320701, 0.0 ], [ -122.1502184038, 37.482048557, 0.0 ] ] ] } },
{ "type": "Feature", "properties": { "route": "185", "current_peak": 11000, "additional_peak": 1077, "increase_percent": 9.790909090909091, "tags": null }, "geometry": { "type": "MultiLineString", "coordinates": [ [ [ -122.1224196286, 37.7008593824, 0.0 ], [ -122.1238784661, 37.701882802, 0.0 ] ] ] } },
{ "type": "Feature", "properties": { "route": "880", "current_peak": 7300, "additional_peak": 2515, "increase_percent": 34.452054794520549, "tags": [ "880" ] }, "geometry": { "type": "MultiLineString", "coordinates": [ [ [ -122.286027457, 37.8027638295, 0.0 ], [ -122.2893533791, 37.8030580054, 0.0 ], [ -122.2966573435, 37.8021286462, 0.0 ], [ -122.2997425078, 37.802720453, 0.0 ] ] ] } },
{ "type": "Feature", "properties": { "route": "84", "current_peak": 840, "additional_peak": 0, "increase_percent": 0.0, "tags": null }, "geometry": { "type": "MultiLineString", "coordinates": [ [ [ -122.274535181, 37.3155358719, 0.0 ], [ -122.2746189297, 37.322215912, 0.0 ], [ -122.2729700469, 37.3240972332, 0.0 ], [ -122.2742383989, 37.3256489891, 0.0 ], [ -122.2711537962, 37.326993067, 0.0 ], [ -122.2711395202, 37.3282708365, 0.0 ], [ -122.2694691397, 37.3297437236, 0.0 ], [ -122.2713798483, 37.3329012678, 0.0 ], [ -122.269176465, 37.334295632, 0.0 ], [ -122.2695619393, 37.3353640103, 0.0 ], [ -122.2689147669, 37.3362514262, 0.0 ], [ -122.2718693097, 37.3423172436, 0.0 ], [ -122.2723054598, 37.3447842972, 0.0 ], [ -122.2715773429, 37.3457455994, 0.0 ], [ -122.2699164792, 37.3463595004, 0.0 ], [ -122.2665120826, 37.3465432819, 0.0 ], [ -122.2665618986, 37.3493485896, 0.0 ], [ -122.2645317591, 37.3510482292, 0.0 ], [ -122.264327737, 37.3520499814, 0.0 ] ] ] } },
{ "type": "Feature", "properties": { "route": "380", "current_peak": 11800, "additional_peak": 411, "increase_percent": 3.4830508474576272, "tags": null }, "geometry": { "type": "MultiLineString", "coordinates": [ [ [ -122.4089996951, 37.6340843951, 0.0 ], [ -122.4062574442, 37.6346519626, 0.0 ], [ -122.4041410655, 37.6359180857, 0.0 ] ] ] } },
{ "type": "Feature", "properties": { "route": "237", "current_peak": 15800, "additional_peak": 113, "increase_percent": 0.71518987341772144, "tags": null }, "geometry": { "type": "MultiLineString", "coordinates": [ [ [ -121.9165969301, 37.4255350895, 0.0 ], [ -121.9108385463, 37.4272619704, 0.0 ] ] ] } },
{ "type": "Feature", "properties": { "route": "880", "current_peak": 13700, "additional_peak": 1506, "increase_percent": 10.992700729927007, "tags": [ "880" ] }, "geometry": { "type": "MultiLineString", "coordinates": [ [ [ -122.1720146719, 37.7146102318, 0.0 ], [ -122.1766309136, 37.7191476124, 0.0 ] ] ] } },
{ "type": "Feature", "properties": { "route": "580", "current_peak": 11000, "additional_peak": 718, "increase_percent": 6.5272727272727273, "tags": null }, "geometry": { "type": "MultiLineString", "coordinates": [ [ [ -122.1395462864, 37.7339991986, 0.0 ], [ -122.140776741, 37.7376633409, 0.0 ], [ -122.1489197426, 37.7454423413, 0.0 ], [ -122.1508566516, 37.7491688819, 0.0 ] ] ] } },
{ "type": "Feature", "properties": { "route": "82", "current_peak": 14900, "additional_peak": 277, "increase_percent": 1.8590604026845636, "tags": null }, "geometry": { "type": "MultiLineString", "coordinates": [ [ [ -122.4610426073, 37.6794880994, 0.0 ], [ -122.4632345921, 37.6823054748, 0.0 ] ] ] } },
{ "type": "Feature", "properties": { "route": "280", "current_peak": 12700, "additional_peak": 0, "increase_percent": 0.0, "tags": null }, "geometry": { "type": "MultiLineString", "coordinates": [ [ [ -121.9140597098, 37.3149353553, 0.0 ], [ -121.9197992228, 37.3167052809, 0.0 ], [ -121.9335369278, 37.3171720304, 0.0 ] ] ] } },
{ "type": "Feature", "properties": { "route": "880", "current_peak": 12600, "additional_peak": 2179, "increase_percent": 17.293650793650794, "tags": [ "880" ] }, "geometry": { "type": "MultiLineString", "coordinates": [ [ [ -122.2352200151, 37.7760744718, 0.0 ], [ -122.2375782069, 37.7785796088, 0.0 ], [ -122.2397844396, 37.7831424596, 0.0 ], [ -122.2461803995, 37.7867950102, 0.0 ], [ -122.2512954336, 37.7886370585, 0.0 ] ] ] } },
{ "type": "Feature", "properties": { "route": "580", "current_peak": 11900, "additional_peak": 4480, "increase_percent": 37.647058823529413, "tags": [ "ccc-sf" ] }, "geometry": { "type": "MultiLineString", "coordinates": [ [ [ -122.2601715276, 37.8224751852, 0.0 ], [ -122.2754964842, 37.8260734845, 0.0 ] ] ] } },
{ "type": "Feature", "properties": { "route": "280", "current_peak": 15600, "additional_peak": 2467, "increase_percent": 15.814102564102564, "tags": null }, "geometry": { "type": "MultiLineString", "coordinates": [ [ [ -122.4048322197, 37.7359075194, 0.0 ], [ -122.4017939186, 37.7377763026, 0.0 ], [ -122.3988398837, 37.7408756013, 0.0 ] ] ] } },
{ "type": "Feature", "properties": { "route": "237", "current_peak": 11800, "additional_peak": 113, "increase_percent": 0.9576271186440678, "tags": null }, "geometry": { "type": "MultiLineString", "coordinates": [ [ [ -121.916422455, 37.4258075559, 0.0 ], [ -121.9109315336, 37.4273575097, 0.0 ] ] ] } },
{ "type": "Feature", "properties": { "route": "101", "current_peak": 13600, "additional_peak": 409, "increase_percent": 3.0073529411764706, "tags": null }, "geometry": { "type": "MultiLineString", "coordinates": [ [ [ -122.3981802811, 37.6643366575, 0.0 ], [ -122.3943573893, 37.6680169898, 0.0 ] ] ] } },
{ "type": "Feature", "properties": { "route": "82", "current_peak": 11800, "additional_peak": 405, "increase_percent": 3.4322033898305087, "tags": null }, "geometry": { "type": "MultiLineString", "coordinates": [ [ [ -122.4178248903, 37.6309164704, 0.0 ], [ -122.4191486006, 37.6332245174, 0.0 ] ] ] } },
{ "type": "Feature", "properties": { "route": "580", "current_peak": 12300, "additional_peak": 3967, "increase_percent": 32.252032520325201, "tags": [ "ccc-sf" ] }, "geometry": { "type": "MultiLineString", "coordinates": [ [ [ -122.2754964842, 37.8260734845, 0.0 ], [ -122.2826157728, 37.8275973382, 0.0 ], [ -122.2874261004, 37.8266161674, 0.0 ] ] ] } },
{ "type": "Feature", "properties": { "route": "1", "current_peak": 4300, "additional_peak": 0, "increase_percent": 0.0, "tags": null }, "geometry": { "type": "MultiLineString", "coordinates": [ [ [ -122.472355658, 37.7797590561, 0.0 ], [ -122.4726461417, 37.786814461, 0.0 ], [ -122.4696701435, 37.7921984632, 0.0 ], [ -122.4698653537, 37.8026732694, 0.0 ] ] ] } },
{ "type": "Feature", "properties": { "route": "880", "current_peak": 11400, "additional_peak": 95, "increase_percent": 0.83333333333333337, "tags": [ "880" ] }, "geometry": { "type": "MultiLineString", "coordinates": [ [ [ -121.9025284676, 37.3745261114, 0.0 ], [ -121.9065971029, 37.3918702268, 0.0 ] ] ] } },
{ "type": "Feature", "properties": { "route": "84", "current_peak": 5200, "additional_peak": 0, "increase_percent": 0.0, "tags": null }, "geometry": { "type": "MultiLineString", "coordinates": [ [ [ -122.2205928795, 37.4788375501, 0.0 ], [ -122.217767589, 37.483121377, 0.0 ], [ -122.2153001699, 37.4846777172, 0.0 ] ] ] } },
{ "type": "Feature", "properties": { "route": "680", "current_peak": 9600, "additional_peak": 0, "increase_percent": 0.0, "tags": [ "bridges" ] }, "geometry": { "type": "MultiLineString", "coordinates": [ [ [ -122.0973833504, 38.0195579247, 0.0 ], [ -122.1120047705, 38.0256378552, 0.0 ], [ -122.1153306418, 38.0276469861, 0.0 ], [ -122.1166553874, 38.0300203207, 0.0 ], [ -122.1169962387, 38.0361414432, 0.0 ], [ -122.1194973049, 38.0399941622, 0.0 ] ] ] } },
{ "type": "Feature", "properties": { "route": "238", "current_peak": 3350, "additional_peak": 261, "increase_percent": 7.7910447761194028, "tags": null }, "geometry": { "type": "MultiLineString", "coordinates": [ [ [ -121.9698557003, 37.5746333273, 0.0 ], [ -121.972580376, 37.5771231939, 0.0 ], [ -121.9770446442, 37.5787047196, 0.0 ] ] ] } },
{ "type": "Feature", "properties": { "route": "101", "current_peak": 15700, "additional_peak": 101, "increase_percent": 0.64331210191082799, "tags": null }, "geometry": { "type": "MultiLineString", "coordinates": [ [ [ -122.2632075591, 37.5200888383, 0.0 ], [ -122.2748209752, 37.5303131245, 0.0 ], [ -122.2794323284, 37.5352124956, 0.0 ] ] ] } },
{ "type": "Feature", "properties": { "route": "238", "current_peak": 2500, "additional_peak": 1107, "increase_percent": 44.28, "tags": null }, "geometry": { "type": "MultiLineString", "coordinates": [ [ [ -122.0977419304, 37.6898966882, 0.0 ], [ -122.1019414188, 37.6894154041, 0.0 ] ], [ [ -122.0950289068, 37.6870942146, 0.0 ], [ -122.0963073532, 37.688023565, 0.0 ] ] ] } },
{ "type": "Feature", "properties": { "route": "280", "current_peak": 11700, "additional_peak": 0, "increase_percent": 0.0, "tags": null }, "geometry": { "type": "MultiLineString", "coordinates": [ [ [ -122.1147088594, 37.3558385866, 0.0 ], [ -122.1178111311, 37.3579301098, 0.0 ], [ -122.1204711316, 37.361920109, 0.0 ], [ -122.1223711331, 37.3636201101, 0.0 ], [ -122.1255732219, 37.3647855881, 0.0 ], [ -122.1309650845, 37.3651282308, 0.0 ], [ -122.1378111363, 37.3672501085, 0.0 ], [ -122.140681136, 37.3690001089, 0.0 ], [ -122.1441984778, 37.3728361541, 0.0 ] ] ] } },
{ "type": "Feature", "properties": { "route": "84", "current_peak": 12900, "additional_peak": 713, "increase_percent": 5.5271317829457365, "tags": null }, "geometry": { "type": "MultiLineString", "coordinates": [ [ [ -122.0384963997, 37.5634892894, 0.0 ], [ -122.0384763494, 37.563513985, 0.0 ] ] ] } },
{ "type": "Feature", "properties": { "route": "880", "current_peak": 15300, "additional_peak": 7060, "increase_percent": 46.143790849673202, "tags": [ "", "bay-bridge", "880", "880", "880" ] }, "geometry": { "type": "MultiLineString", "coordinates": [ [ [ -122.3014819523, 37.8232864602, 0.0 ], [ -122.3070858443, 37.8255903726, 0.0 ], [ -122.3122335673, 37.8250179409, 0.0 ] ] ] } },
{ "type": "Feature", "properties": { "route": "85", "current_peak": 10100, "additional_peak": 0, "increase_percent": 0.0, "tags": null }, "geometry": { "type": "MultiLineString", "coordinates": [ [ [ -121.9600923477, 37.2573046778, 0.0 ], [ -121.9705830897, 37.2606249327, 0.0 ], [ -121.9859813195, 37.2675506647, 0.0 ] ] ] } },
{ "type": "Feature", "properties": { "route": "1", "current_peak": 570, "additional_peak": 0, "increase_percent": 0.0, "tags": null }, "geometry": { "type": "MultiLineString", "coordinates": [ [ [ -122.2926977823, 37.1077119985, 0.0 ], [ -122.2970208405, 37.1117527909, 0.0 ], [ -122.3028525425, 37.1154487013, 0.0 ], [ -122.3104407941, 37.1281551408, 0.0 ], [ -122.3213868691, 37.1402042533, 0.0 ], [ -122.3457188004, 37.1486171386, 0.0 ], [ -122.3486178013, 37.1501131396, 0.0 ], [ -122.3547758029, 37.1564701394, 0.0 ], [ -122.3595247367, 37.1632189986, 0.0 ], [ -122.3648594925, 37.1745499923, 0.0 ], [ -122.3796073933, 37.182673472, 0.0 ], [ -122.3912477187, 37.184986308, 0.0 ], [ -122.3994901738, 37.1953226874, 0.0 ], [ -122.4004752708, 37.1976212464, 0.0 ], [ -122.4010939307, 37.202856061, 0.0 ], [ -122.40605749, 37.2139205556, 0.0 ], [ -122.4066000087, 37.2232480423, 0.0 ], [ -122.4142333197, 37.2326849861, 0.0 ], [ -122.4156752748, 37.23743439, 0.0 ], [ -122.4180119069, 37.2417269383, 0.0 ], [ -122.4174122832, 37.247889743, 0.0 ], [ -122.4143998844, 37.2546569315, 0.0 ], [ -122.4119680767, 37.2652931238, 0.0 ], [ -122.4096600002, 37.270085358, 0.0 ], [ -122.4081990108, 37.2760197349, 0.0 ], [ -122.4080086542, 37.2810118436, 0.0 ], [ -122.4047916263, 37.2868415238, 0.0 ], [ -122.4047821051, 37.2890401457, 0.0 ], [ -122.4059467512, 37.2921258831, 0.0 ] ] ] } },
{ "type": "Feature", "properties": { "route": "185", "current_peak": 1950, "additional_peak": 316, "increase_percent": 16.205128205128204, "tags": null }, "geometry": { "type": "MultiLineString", "coordinates": [ [ [ -122.1953175419, 37.76318948, 0.0 ], [ -122.2088065075, 37.7695530208, 0.0 ] ] ] } },
{ "type": "Feature", "properties": { "route": "80", "current_peak": 15300, "additional_peak": 4765, "increase_percent": 31.143790849673202, "tags": [ "ccc-sf", "bay-bridge", "80", "80", "80" ] }, "geometry": { "type": "MultiLineString", "coordinates": [ [ [ -122.3000607652, 37.826556875, 0.0 ], [ -122.2955644668, 37.8278912413, 0.0 ] ] ] } },
{ "type": "Feature", "properties": { "route": "680", "current_peak": 14300, "additional_peak": 68, "increase_percent": 0.47552447552447552, "tags": null }, "geometry": { "type": "MultiLineString", "coordinates": [ [ [ -122.0419843344, 37.8710289645, 0.0 ], [ -122.0516562298, 37.8825674688, 0.0 ] ] ] } },
{ "type": "Feature", "properties": { "route": "101", "current_peak": 2300, "additional_peak": 0, "increase_percent": 0.0, "tags": null }, "geometry": { "type": "MultiLineString", "coordinates": [ [ [ -121.560800457, 37.0120046637, 0.0 ], [ -121.5626029439, 37.0152914878, 0.0 ] ], [ [ -121.5479381338, 36.9174307526, 0.0 ], [ -121.5469577473, 36.9278644594, 0.0 ], [ -121.5513977496, 36.9338944589, 0.0 ], [ -121.55245775, 36.9369644597, 0.0 ], [ -121.5528077498, 36.9480744606, 0.0 ], [ -121.5509587311, 36.9612860389, 0.0 ] ] ] } },
{ "type": "Feature", "properties": { "route": "101", "current_peak": 5100, "additional_peak": 101, "increase_percent": 1.9803921568627449, "tags": null }, "geometry": { "type": "MultiLineString", "coordinates": [ [ [ -122.1807604236, 37.4832897988, 0.0 ], [ -122.1874559583, 37.485111127, 0.0 ], [ -122.1967772267, 37.4863368325, 0.0 ] ] ] } },
{ "type": "Feature", "properties": { "route": "85", "current_peak": 8700, "additional_peak": 0, "increase_percent": 0.0, "tags": null }, "geometry": { "type": "MultiLineString", "coordinates": [ [ [ -122.0631537694, 37.3651851611, 0.0 ], [ -122.0675742415, 37.3730175618, 0.0 ] ] ] } },
{ "type": "Feature", "properties": { "route": "280", "current_peak": 13000, "additional_peak": 38, "increase_percent": 0.29230769230769232, "tags": null }, "geometry": { "type": "MultiLineString", "coordinates": [ [ [ -122.4449352669, 37.6427658818, 0.0 ], [ -122.4492424746, 37.645421409, 0.0 ], [ -122.453300216, 37.6515591102, 0.0 ], [ -122.4568949821, 37.6545954029, 0.0 ] ] ] } },
{ "type": "Feature", "properties": { "route": "680", "current_peak": 17000, "additional_peak": 1980, "increase_percent": 11.647058823529411, "tags": [ "" ] }, "geometry": { "type": "MultiLineString", "coordinates": [ [ [ -122.0702312717, 37.8955452609, 0.0 ], [ -122.0713239844, 37.8977920385, 0.0 ], [ -122.0704457017, 37.9021104068, 0.0 ] ] ] } },
{ "type": "Feature", "properties": { "route": "280", "current_peak": 6400, "additional_peak": 402, "increase_percent": 6.28125, "tags": null }, "geometry": { "type": "MultiLineString", "coordinates": [ [ [ -122.4065273681, 37.7354100475, 0.0 ], [ -122.40559053, 37.7356849799, 0.0 ] ] ] } },
{ "type": "Feature", "properties": { "route": "101", "current_peak": 13200, "additional_peak": 3, "increase_percent": 0.022727272727272728, "tags": null }, "geometry": { "type": "MultiLineString", "coordinates": [ [ [ -121.8415670548, 37.3291571421, 0.0 ], [ -121.856826931, 37.3447742928, 0.0 ] ] ] } },
{ "type": "Feature", "properties": { "route": "13", "current_peak": 6800, "additional_peak": 91, "increase_percent": 1.338235294117647, "tags": null }, "geometry": { "type": "MultiLineString", "coordinates": [ [ [ -122.2118059199, 37.8270582827, 0.0 ], [ -122.2204348846, 37.8370873834, 0.0 ] ] ] } },
{ "type": "Feature", "properties": { "route": "880", "current_peak": 13900, "additional_peak": 1094, "increase_percent": 7.870503597122303, "tags": [ "880" ] }, "geometry": { "type": "MultiLineString", "coordinates": [ [ [ -122.1517321601, 37.7004110336, 0.0 ], [ -122.1720146719, 37.7146102318, 0.0 ] ] ] } },
{ "type": "Feature", "properties": { "route": "205", "current_peak": 1200, "additional_peak": 0, "increase_percent": 0.0, "tags": null }, "geometry": { "type": "MultiLineString", "coordinates": [ [ [ -121.5733760859, 37.7419910028, 0.0 ], [ -121.5574996225, 37.7431961077, 0.0 ] ] ] } },
{ "type": "Feature", "properties": { "route": "1", "current_peak": 6400, "additional_peak": 32, "increase_percent": 0.5, "tags": null }, "geometry": { "type": "MultiLineString", "coordinates": [ [ [ -122.4738589195, 37.6746598771, 0.0 ], [ -122.4724659469, 37.6767799439, 0.0 ], [ -122.4718509288, 37.6815769316, 0.0 ] ] ] } },
{ "type": "Feature", "properties": { "route": "237", "current_peak": 4000, "additional_peak": 0, "increase_percent": 0.0, "tags": null }, "geometry": { "type": "MultiLineString", "coordinates": [ [ [ -122.0729285084, 37.3803416756, 0.0 ], [ -122.0710373338, 37.3825408466, 0.0 ] ] ] } },
{ "type": "Feature", "properties": { "route": "101", "current_peak": 4300, "additional_peak": 0, "increase_percent": 0.0, "tags": null }, "geometry": { "type": "MultiLineString", "coordinates": [ [ [ -122.4653881144, 37.8020699638, 0.0 ], [ -122.469869327, 37.8030679607, 0.0 ], [ -122.4733941266, 37.8051895834, 0.0 ] ] ] } },
{ "type": "Feature", "properties": { "route": "280", "current_peak": 4800, "additional_peak": 0, "increase_percent": 0.0, "tags": null }, "geometry": { "type": "MultiLineString", "coordinates": [ [ [ -122.3966460448, 37.7433285782, 0.0 ], [ -122.3941859005, 37.7463178959, 0.0 ], [ -122.3918096625, 37.7511651819, 0.0 ], [ -122.3916104948, 37.7532427688, 0.0 ] ] ] } },
{ "type": "Feature", "properties": { "route": "82", "current_peak": 3300, "additional_peak": 0, "increase_percent": 0.0, "tags": null }, "geometry": { "type": "MultiLineString", "coordinates": [ [ [ -122.2865383532, 37.5287798843, 0.0 ], [ -122.294162474, 37.5341862515, 0.0 ], [ -122.3046452804, 37.5436462364, 0.0 ] ], [ [ -122.2113731511, 37.4689884685, 0.0 ], [ -122.2217095483, 37.4764621746, 0.0 ] ] ] } },
{ "type": "Feature", "properties": { "route": "580", "current_peak": 10900, "additional_peak": 646, "increase_percent": 5.9266055045871564, "tags": null }, "geometry": { "type": "MultiLineString", "coordinates": [ [ [ -122.2310001318, 37.8024690553, 0.0 ], [ -122.2346507627, 37.805198339, 0.0 ], [ -122.2393080013, 37.8074279964, 0.0 ] ] ] } },
{ "type": "Feature", "properties": { "route": "1", "current_peak": 2150, "additional_peak": 0, "increase_percent": 0.0, "tags": null }, "geometry": { "type": "MultiLineString", "coordinates": [ [ [ -122.434361607, 37.4588259973, 0.0 ], [ -122.4334043422, 37.4686559542, 0.0 ] ] ] } },
{ "type": "Feature", "properties": { "route": "13", "current_peak": 8200, "additional_peak": 84, "increase_percent": 1.024390243902439, "tags": null }, "geometry": { "type": "MultiLineString", "coordinates": [ [ [ -122.2203270795, 37.8371458013, 0.0 ], [ -122.2226305901, 37.83897129, 0.0 ], [ -122.2271725498, 37.8449791035, 0.0 ] ] ] } },
{ "type": "Feature", "properties": { "route": "87", "current_peak": 14100, "additional_peak": 0, "increase_percent": 0.0, "tags": null }, "geometry": { "type": "MultiLineString", "coordinates": [ [ [ -121.8748530372, 37.2993295982, 0.0 ], [ -121.882122647, 37.3087393365, 0.0 ] ] ] } },
{ "type": "Feature", "properties": { "route": "84", "current_peak": 4700, "additional_peak": 104, "increase_percent": 2.2127659574468086, "tags": null }, "geometry": { "type": "MultiLineString", "coordinates": [ [ [ -122.1806875245, 37.4833668831, 0.0 ], [ -122.1789517036, 37.4864393542, 0.0 ], [ -122.1774065215, 37.4859950657, 0.0 ] ] ] } },
{ "type": "Feature", "properties": { "route": "13", "current_peak": 2900, "additional_peak": 776, "increase_percent": 26.758620689655171, "tags": null }, "geometry": { "type": "MultiLineString", "coordinates": [ [ [ -122.2644325245, 37.8555293032, 0.0 ], [ -122.2778837006, 37.8534457405, 0.0 ] ] ] } },
{ "type": "Feature", "properties": { "route": "880", "current_peak": 8500, "additional_peak": 829, "increase_percent": 9.7529411764705873, "tags": [ "880" ] }, "geometry": { "type": "MultiLineString", "coordinates": [ [ [ -122.0890979679, 37.6379293037, 0.0 ], [ -122.0937044022, 37.6443545753, 0.0 ] ] ] } },
{ "type": "Feature", "properties": { "route": "17", "current_peak": 14300, "additional_peak": 0, "increase_percent": 0.0, "tags": null }, "geometry": { "type": "MultiLineString", "coordinates": [ [ [ -121.9407042565, 37.3057602176, 0.0 ], [ -121.9403695073, 37.3173233422, 0.0 ] ] ] } },
{ "type": "Feature", "properties": { "route": "101", "current_peak": 13500, "additional_peak": 402, "increase_percent": 2.9777777777777779, "tags": null }, "geometry": { "type": "MultiLineString", "coordinates": [ [ [ -122.3957255664, 37.710978519, 0.0 ], [ -122.3987779921, 37.7160584482, 0.0 ], [ -122.4003669127, 37.7211968875, 0.0 ] ] ] } },
{ "type": "Feature", "properties": { "route": "101", "current_peak": 8500, "additional_peak": 0, "increase_percent": 0.0, "tags": null }, "geometry": { "type": "MultiLineString", "coordinates": [ [ [ -121.5626029439, 37.0152914878, 0.0 ], [ -121.566724588, 37.0228840296, 0.0 ] ] ] } },
{ "type": "Feature", "properties": { "route": "61", "current_peak": 4450, "additional_peak": 0, "increase_percent": 0.0, "tags": [ "bridges" ] }, "geometry": { "type": "MultiLineString", "coordinates": [ [ [ -122.2193812264, 37.7442564352, 0.0 ], [ -122.2219597947, 37.7454925703, 0.0 ], [ -122.2280385774, 37.7453151256, 0.0 ], [ -122.2352718507, 37.7468837392, 0.0 ], [ -122.2362609039, 37.7477689832, 0.0 ], [ -122.2362517303, 37.7507594917, 0.0 ], [ -122.2394179802, 37.7522158039, 0.0 ] ] ] } },
{ "type": "Feature", "properties": { "route": "92", "current_peak": 3800, "additional_peak": 820, "increase_percent": 21.578947368421055, "tags": null }, "geometry": { "type": "MultiLineString", "coordinates": [ [ [ -122.0926645073, 37.6470832181, 0.0 ], [ -122.0913797795, 37.6497617936, 0.0 ] ] ] } },
{ "type": "Feature", "properties": { "route": "82", "current_peak": 3050, "additional_peak": 497, "increase_percent": 16.295081967213115, "tags": null }, "geometry": { "type": "MultiLineString", "coordinates": [ [ [ -122.4632345921, 37.6823054748, 0.0 ], [ -122.4659823787, 37.6889203449, 0.0 ], [ -122.4644031038, 37.6968649492, 0.0 ] ] ] } },
{ "type": "Feature", "properties": { "route": "80", "current_peak": 15600, "additional_peak": 1761, "increase_percent": 11.288461538461538, "tags": [ "80" ] }, "geometry": { "type": "MultiLineString", "coordinates": [ [ [ -122.2975630165, 37.8434562451, 0.0 ], [ -122.3011328885, 37.8578469701, 0.0 ] ] ] } },
{ "type": "Feature", "properties": { "route": "101", "current_peak": 11800, "additional_peak": 411, "increase_percent": 3.4830508474576272, "tags": null }, "geometry": { "type": "MultiLineString", "coordinates": [ [ [ -122.402066365, 37.6268350204, 0.0 ], [ -122.4038900865, 37.6360128062, 0.0 ] ] ] } },
{ "type": "Feature", "properties": { "route": "82", "current_peak": 5100, "additional_peak": 89, "increase_percent": 1.7450980392156863, "tags": null }, "geometry": { "type": "MultiLineString", "coordinates": [ [ [ -122.4190512275, 37.6326100063, 0.0 ], [ -122.426457794, 37.6442849915, 0.0 ] ] ] } },
{ "type": "Feature", "properties": { "route": "101", "current_peak": 14600, "additional_peak": 79, "increase_percent": 0.54109589041095885, "tags": null }, "geometry": { "type": "MultiLineString", "coordinates": [ [ [ -122.3708454686, 37.5961962375, 0.0 ], [ -122.3885298249, 37.6076965919, 0.0 ] ] ] } },
{ "type": "Feature", "properties": { "route": "80", "current_peak": 15300, "additional_peak": 7060, "increase_percent": 46.143790849673202, "tags": [ "ccc-sf", "bridges", "bay-bridge", "80", "80", "80" ] }, "geometry": { "type": "MultiLineString", "coordinates": [ [ [ -122.3415877853, 37.8200069362, 0.0 ], [ -122.3228931139, 37.8222433373, 0.0 ], [ -122.3020417174, 37.8257984133, 0.0 ] ] ] } },
{ "type": "Feature", "properties": { "route": "80", "current_peak": 8600, "additional_peak": 7186, "increase_percent": 83.558139534883722, "tags": [ "ccc-sf", "bridges", "bay-bridge", "80", "80", "80" ] }, "geometry": { "type": "MultiLineString", "coordinates": [ [ [ -122.3929755955, 37.7847684813, 0.0 ], [ -122.3789539218, 37.7970270791, 0.0 ] ] ] } },
{ "type": "Feature", "properties": { "route": "580", "current_peak": 11900, "additional_peak": 747, "increase_percent": 6.2773109243697469, "tags": null }, "geometry": { "type": "MultiLineString", "coordinates": [ [ [ -122.3099609646, 37.8948093057, 0.0 ], [ -122.311111319, 37.8963250548, 0.0 ] ] ] } },
{ "type": "Feature", "properties": { "route": "114", "current_peak": 12600, "additional_peak": 87, "increase_percent": 0.69047619047619047, "tags": null }, "geometry": { "type": "MultiLineString", "coordinates": [ [ [ -122.1551578138, 37.4688488574, 0.0 ], [ -122.1549529404, 37.4716553638, 0.0 ], [ -122.1530094368, 37.4755320701, 0.0 ] ] ] } },
{ "type": "Feature", "properties": { "route": "4", "current_peak": 5600, "additional_peak": 16, "increase_percent": 0.2857142857142857, "tags": null }, "geometry": { "type": "MultiLineString", "coordinates": [ [ [ -122.0939650693, 37.9907934741, 0.0 ], [ -122.0842980937, 37.9914157047, 0.0 ] ] ] } },
{ "type": "Feature", "properties": { "route": "1", "current_peak": 6400, "additional_peak": 0, "increase_percent": 0.0, "tags": null }, "geometry": { "type": "MultiLineString", "coordinates": [ [ [ -122.4809456834, 37.6703838662, 0.0 ], [ -122.4780629083, 37.6706485292, 0.0 ], [ -122.4758992432, 37.671552685, 0.0 ], [ -122.4736693338, 37.6745782561, 0.0 ] ] ] } },
{ "type": "Feature", "properties": { "route": "237", "current_peak": 10300, "additional_peak": 83, "increase_percent": 0.80582524271844669, "tags": null }, "geometry": { "type": "MultiLineString", "coordinates": [ [ [ -122.0433252146, 37.3968689665, 0.0 ], [ -122.0356757762, 37.4007417854, 0.0 ] ] ] } },
{ "type": "Feature", "properties": { "route": "82", "current_peak": 5000, "additional_peak": 511, "increase_percent": 10.22, "tags": null }, "geometry": { "type": "MultiLineString", "coordinates": [ [ [ -122.4644031038, 37.6968649492, 0.0 ], [ -122.4641229665, 37.6983577794, 0.0 ] ] ] } },
{ "type": "Feature", "properties": { "route": "85", "current_peak": 7500, "additional_peak": 0, "increase_percent": 0.0, "tags": null }, "geometry": { "type": "MultiLineString", "coordinates": [ [ [ -122.0681983267, 37.384156253, 0.0 ], [ -122.0685489392, 37.3876466012, 0.0 ] ] ] } },
{ "type": "Feature", "properties": { "route": "280", "current_peak": 15500, "additional_peak": 0, "increase_percent": 0.0, "tags": null }, "geometry": { "type": "MultiLineString", "coordinates": [ [ [ -121.9037287134, 37.317548026, 0.0 ], [ -121.9097832203, 37.3148242812, 0.0 ], [ -121.9140597098, 37.3149353553, 0.0 ] ], [ [ -121.8935132903, 37.3235220498, 0.0 ], [ -121.8953575826, 37.3231650141, 0.0 ] ] ] } },
{ "type": "Feature", "properties": { "route": "77", "current_peak": 13200, "additional_peak": 1825, "increase_percent": 13.825757575757574, "tags": null }, "geometry": { "type": "MultiLineString", "coordinates": [ [ [ -122.2211890653, 37.7695194667, 0.0 ], [ -122.2203957338, 37.7700830091, 0.0 ] ] ] } },
{ "type": "Feature", "properties": { "route": "101", "current_peak": 13800, "additional_peak": 3294, "increase_percent": 23.869565217391305, "tags": null }, "geometry": { "type": "MultiLineString", "coordinates": [ [ [ -122.4033255795, 37.7561977466, 0.0 ], [ -122.4065040219, 37.7602611341, 0.0 ], [ -122.4051417672, 37.7638581335, 0.0 ], [ -122.4055367106, 37.7675358464, 0.0 ], [ -122.4062900225, 37.7683181348, 0.0 ], [ -122.4082986264, 37.7688286674, 0.0 ] ] ] } },
{ "type": "Feature", "properties": { "route": "35", "current_peak": 3350, "additional_peak": 0, "increase_percent": 0.0, "tags": null }, "geometry": { "type": "MultiLineString", "coordinates": [ [ [ -122.4964769032, 37.7338819974, 0.0 ], [ -122.4844768141, 37.7344093727, 0.0 ] ] ] } },
{ "type": "Feature", "properties": { "route": "84", "current_peak": 3350, "additional_peak": 713, "increase_percent": 21.28358208955224, "tags": null }, "geometry": { "type": "MultiLineString", "coordinates": [ [ [ -122.0228949612, 37.546717755, 0.0 ], [ -122.0205538599, 37.5494201667, 0.0 ] ] ] } },
{ "type": "Feature", "properties": { "route": "280", "current_peak": 8100, "additional_peak": 530, "increase_percent": 6.5432098765432105, "tags": null }, "geometry": { "type": "MultiLineString", "coordinates": [ [ [ -122.4706825282, 37.6949521755, 0.0 ], [ -122.4721393579, 37.7029634728, 0.0 ] ] ] } },
{ "type": "Feature", "properties": { "route": "1", "current_peak": 6400, "additional_peak": 38, "increase_percent": 0.59375, "tags": null }, "geometry": { "type": "MultiLineString", "coordinates": [ [ [ -122.4736693338, 37.6745782561, 0.0 ], [ -122.4717977297, 37.677044984, 0.0 ] ], [ [ -122.471194332, 37.6798934156, 0.0 ], [ -122.4713052966, 37.6815955349, 0.0 ] ] ] } },
{ "type": "Feature", "properties": { "route": "1", "current_peak": 6200, "additional_peak": 0, "increase_percent": 0.0, "tags": null }, "geometry": { "type": "MultiLineString", "coordinates": [ [ [ -122.4719504227, 37.7149002713, 0.0 ], [ -122.4727347497, 37.7171562261, 0.0 ], [ -122.4752571364, 37.7198584561, 0.0 ], [ -122.4753473399, 37.7218652753, 0.0 ] ] ] } },
{ "type": "Feature", "properties": { "route": "82", "current_peak": 4700, "additional_peak": 0, "increase_percent": 0.0, "tags": null }, "geometry": { "type": "MultiLineString", "coordinates": [ [ [ -122.2115022514, 37.4688659172, 0.0 ], [ -122.2219924214, 37.4764697734, 0.0 ] ] ] } },
{ "type": "Feature", "properties": { "route": "101", "current_peak": 14800, "additional_peak": 83, "increase_percent": 0.56081081081081086, "tags": null }, "geometry": { "type": "MultiLineString", "coordinates": [ [ [ -122.1481416864, 37.4645895325, 0.0 ], [ -122.1678985604, 37.4761621119, 0.0 ] ] ] } },
{ "type": "Feature", "properties": { "route": "280", "current_peak": 13800, "additional_peak": 2997, "increase_percent": 21.717391304347828, "tags": null }, "geometry": { "type": "MultiLineString", "coordinates": [ [ [ -122.3988398837, 37.7408756013, 0.0 ], [ -122.3966391043, 37.7433005877, 0.0 ] ] ] } },
{ "type": "Feature", "properties": { "route": "80", "current_peak": 16400, "additional_peak": 696, "increase_percent": 4.2439024390243905, "tags": [ "80" ] }, "geometry": { "type": "MultiLineString", "coordinates": [ [ [ -122.3091376068, 37.8882319051, 0.0 ], [ -122.3075662121, 37.8922439611, 0.0 ], [ -122.3081932622, 37.8949832391, 0.0 ] ] ] } },
{ "type": "Feature", "properties": { "route": "101", "current_peak": 9400, "additional_peak": 113, "increase_percent": 1.2021276595744681, "tags": null }, "geometry": { "type": "MultiLineString", "coordinates": [ [ [ -121.9057393367, 37.3660146349, 0.0 ], [ -121.9095702369, 37.3690639463, 0.0 ], [ -121.9126374829, 37.370415056, 0.0 ] ] ] } },
{ "type": "Feature", "properties": { "route": "24", "current_peak": 17000, "additional_peak": 1980, "increase_percent": 11.647058823529411, "tags": [ "ccc-sf", "24", "24" ] }, "geometry": { "type": "MultiLineString", "coordinates": [ [ [ -122.083698023, 37.8980420479, 0.0 ], [ -122.0767493299, 37.8962514186, 0.0 ], [ -122.0740880178, 37.8964515535, 0.0 ], [ -122.0716107347, 37.898392566, 0.0 ], [ -122.0707295845, 37.9021500058, 0.0 ] ] ] } },
{ "type": "Feature", "properties": { "route": "238", "current_peak": 13400, "additional_peak": 1095, "increase_percent": 8.1716417910447756, "tags": null }, "geometry": { "type": "MultiLineString", "coordinates": [ [ [ -122.0919645962, 37.6848842236, 0.0 ], [ -122.092733443, 37.6854384143, 0.0 ] ] ] } },
{ "type": "Feature", "properties": { "route": "980", "current_peak": 13600, "additional_peak": 4363, "increase_percent": 32.080882352941174, "tags": [ "" ] }, "geometry": { "type": "MultiLineString", "coordinates": [ [ [ -122.2703330811, 37.8162643478, 0.0 ], [ -122.2680408364, 37.8242291584, 0.0 ] ] ] } },
{ "type": "Feature", "properties": { "route": "9", "current_peak": 1150, "additional_peak": 0, "increase_percent": 0.0, "tags": null }, "geometry": { "type": "MultiLineString", "coordinates": [ [ [ -122.0638357268, 37.251669121, 0.0 ], [ -122.0608808293, 37.2525098399, 0.0 ], [ -122.0576657041, 37.2524501636, 0.0 ], [ -122.053374028, 37.2509808887, 0.0 ], [ -122.0517518431, 37.2521174995, 0.0 ], [ -122.0472505435, 37.252169563, 0.0 ] ] ] } },
{ "type": "Feature", "properties": { "route": "238", "current_peak": 12500, "additional_peak": 588, "increase_percent": 4.704, "tags": null }, "geometry": { "type": "MultiLineString", "coordinates": [ [ [ -121.9245398068, 37.5407121274, 0.0 ], [ -121.9480852721, 37.5551875522, 0.0 ] ] ] } },
{ "type": "Feature", "properties": { "route": "101", "current_peak": 3450, "additional_peak": 0, "increase_percent": 0.0, "tags": null }, "geometry": { "type": "MultiLineString", "coordinates": [ [ [ -122.4346334986, 37.8000932433, 0.0 ], [ -122.444728982, 37.7988714693, 0.0 ], [ -122.4506512333, 37.8030900583, 0.0 ], [ -122.4522167885, 37.8034790138, 0.0 ], [ -122.4611969364, 37.8017645653, 0.0 ], [ -122.4655417022, 37.8022857993, 0.0 ] ] ] } },
{ "type": "Feature", "properties": { "route": "101", "current_peak": 3950, "additional_peak": 0, "increase_percent": 0.0, "tags": null }, "geometry": { "type": "MultiLineString", "coordinates": [ [ [ -121.5666472053, 37.0219862424, 0.0 ], [ -121.5765861461, 37.0405975009, 0.0 ] ] ] } },
{ "type": "Feature", "properties": { "route": "35", "current_peak": 2300, "additional_peak": 0, "increase_percent": 0.0, "tags": null }, "geometry": { "type": "MultiLineString", "coordinates": [ [ [ -122.4287125113, 37.6050161344, 0.0 ], [ -122.4337284425, 37.6098090561, 0.0 ] ] ] } },
{ "type": "Feature", "properties": { "route": "680", "current_peak": 11800, "additional_peak": 3, "increase_percent": 0.025423728813559324, "tags": null }, "geometry": { "type": "MultiLineString", "coordinates": [ [ [ -121.8750656753, 37.3969812796, 0.0 ], [ -121.878154613, 37.4066404449, 0.0 ] ] ] } },
{ "type": "Feature", "properties": { "route": "87", "current_peak": 14500, "additional_peak": 0, "increase_percent": 0.0, "tags": null }, "geometry": { "type": "MultiLineString", "coordinates": [ [ [ -121.8898933701, 37.3184014383, 0.0 ], [ -121.8924481718, 37.3238843249, 0.0 ] ] ] } },
{ "type": "Feature", "properties": { "route": "280", "current_peak": 11200, "additional_peak": 0, "increase_percent": 0.0, "tags": null }, "geometry": { "type": "MultiLineString", "coordinates": [ [ [ -122.4279912551, 37.6043269199, 0.0 ], [ -122.4284059034, 37.6074168339, 0.0 ], [ -122.4267818672, 37.6110907397, 0.0 ] ] ] } },
{ "type": "Feature", "properties": { "route": "680", "current_peak": 5800, "additional_peak": 18, "increase_percent": 0.31034482758620691, "tags": null }, "geometry": { "type": "MultiLineString", "coordinates": [ [ [ -122.06984982, 37.9946759375, 0.0 ], [ -122.0776802293, 38.0011589613, 0.0 ] ] ] } },
{ "type": "Feature", "properties": { "route": "280", "current_peak": 14800, "additional_peak": 0, "increase_percent": 0.0, "tags": null }, "geometry": { "type": "MultiLineString", "coordinates": [ [ [ -121.8640510216, 37.332406077, 0.0 ], [ -121.8706270899, 37.3288181251, 0.0 ], [ -121.8771971314, 37.3278463182, 0.0 ] ] ] } },
{ "type": "Feature", "properties": { "route": "101", "current_peak": 3100, "additional_peak": 0, "increase_percent": 0.0, "tags": null }, "geometry": { "type": "MultiLineString", "coordinates": [ [ [ -122.4235497465, 37.7958373936, 0.0 ], [ -122.4246866437, 37.8012612101, 0.0 ], [ -122.4346165155, 37.8000093315, 0.0 ] ] ] } },
{ "type": "Feature", "properties": { "route": "82", "current_peak": 3700, "additional_peak": 0, "increase_percent": 0.0, "tags": null }, "geometry": { "type": "MultiLineString", "coordinates": [ [ [ -122.0785346427, 37.3830145184, 0.0 ], [ -122.0938331216, 37.3906149356, 0.0 ], [ -122.0973231241, 37.3936149372, 0.0 ], [ -122.1154631272, 37.4022249352, 0.0 ], [ -122.120153128, 37.4063549351, 0.0 ], [ -122.1271231302, 37.4148149351, 0.0 ], [ -122.1317710989, 37.4176130391, 0.0 ] ], [ [ -122.0049311352, 37.3521055609, 0.0 ], [ -122.0108452923, 37.3521586476, 0.0 ], [ -122.0137531066, 37.3528049378, 0.0 ], [ -122.0232757192, 37.360243206, 0.0 ] ] ] } },
{ "type": "Feature", "properties": { "route": "35", "current_peak": 6600, "additional_peak": 0, "increase_percent": 0.0, "tags": null }, "geometry": { "type": "MultiLineString", "coordinates": [ [ [ -122.0275565265, 37.1710821742, 0.0 ], [ -122.0266233108, 37.1720013928, 0.0 ] ], [ [ -122.0267862725, 37.172549679, 0.0 ], [ -122.0256799793, 37.1734586759, 0.0 ] ], [ [ -122.0262832986, 37.168252331, 0.0 ], [ -122.0254002237, 37.1690353146, 0.0 ] ] ] } },
{ "type": "Feature", "properties": { "route": "1", "current_peak": 6400, "additional_peak": 0, "increase_percent": 0.0, "tags": null }, "geometry": { "type": "MultiLineString", "coordinates": [ [ [ -122.4717448916, 37.7049805234, 0.0 ], [ -122.4714672297, 37.7073417353, 0.0 ] ] ] } },
{ "type": "Feature", "properties": { "route": "580", "current_peak": 1200, "additional_peak": 0, "increase_percent": 0.0, "tags": null }, "geometry": { "type": "MultiLineString", "coordinates": [ [ [ -121.5575345412, 37.7389331687, 0.0 ], [ -121.5627756619, 37.7410723135, 0.0 ], [ -121.5682517694, 37.741800545, 0.0 ], [ -121.5734561608, 37.7417261576, 0.0 ] ] ] } },
{ "type": "Feature", "properties": { "route": "880", "current_peak": 13700, "additional_peak": 1402, "increase_percent": 10.233576642335766, "tags": [ "880" ] }, "geometry": { "type": "MultiLineString", "coordinates": [ [ [ -122.1925249878, 37.7364119585, 0.0 ], [ -122.2021873148, 37.7473264493, 0.0 ] ] ] } },
{ "type": "Feature", "properties": { "route": "84", "current_peak": 5800, "additional_peak": 23, "increase_percent": 0.39655172413793105, "tags": null }, "geometry": { "type": "MultiLineString", "coordinates": [ [ [ -122.059860218, 37.5459562311, 0.0 ], [ -122.0444219449, 37.5568038192, 0.0 ] ] ] } },
{ "type": "Feature", "properties": { "route": "84", "current_peak": 1550, "additional_peak": 0, "increase_percent": 0.0, "tags": null }, "geometry": { "type": "MultiLineString", "coordinates": [ [ [ -121.9147683896, 37.5940919699, 0.0 ], [ -121.9118896439, 37.5937071033, 0.0 ], [ -121.9059326439, 37.5955841051, 0.0 ], [ -121.9038146438, 37.5956621049, 0.0 ], [ -121.8867826399, 37.5926081053, 0.0 ], [ -121.8822577656, 37.5929210965, 0.0 ], [ -121.8767701622, 37.5905511947, 0.0 ] ] ] } },
{ "type": "Feature", "properties": { "route": "4", "current_peak": 12200, "additional_peak": 318, "increase_percent": 2.6065573770491803, "tags": null }, "geometry": { "type": "MultiLineString", "coordinates": [ [ [ -121.8186218769, 37.9985789687, 0.0 ], [ -121.8108974735, 37.9980687352, 0.0 ] ] ] } },
{ "type": "Feature", "properties": { "route": "35", "current_peak": 3600, "additional_peak": 0, "increase_percent": 0.0, "tags": null }, "geometry": { "type": "MultiLineString", "coordinates": [ [ [ -122.484585275, 37.6682776159, 0.0 ], [ -122.4866252355, 37.6701883401, 0.0 ], [ -122.4894869371, 37.6755064805, 0.0 ] ] ] } },
{ "type": "Feature", "properties": { "route": "24", "current_peak": 11500, "additional_peak": 2535, "increase_percent": 22.043478260869563, "tags": [ "ccc-sf", "24", "24" ] }, "geometry": { "type": "MultiLineString", "coordinates": [ [ [ -122.2660292286, 37.8326817652, 0.0 ], [ -122.2652290853, 37.8377566232, 0.0 ], [ -122.2637883457, 37.839893392, 0.0 ], [ -122.261442849, 37.8411690729, 0.0 ], [ -122.2533266375, 37.8437514897, 0.0 ] ] ] } },
{ "type": "Feature", "properties": { "route": "4", "current_peak": 6000, "additional_peak": 18, "increase_percent": 0.3, "tags": null }, "geometry": { "type": "MultiLineString", "coordinates": [ [ [ -122.0842687521, 37.9911435735, 0.0 ], [ -122.0786992319, 37.9916075834, 0.0 ], [ -122.0756246429, 37.9925230383, 0.0 ] ] ] } },
{ "type": "Feature", "properties": { "route": "84", "current_peak": 1750, "additional_peak": 0, "increase_percent": 0.0, "tags": null }, "geometry": { "type": "MultiLineString", "coordinates": [ [ [ -121.9600340078, 37.587740699, 0.0 ], [ -121.9576890027, 37.5894541253, 0.0 ], [ -121.9570236511, 37.5914880998, 0.0 ], [ -121.9521156507, 37.5971741012, 0.0 ], [ -121.9500496504, 37.5981121017, 0.0 ], [ -121.9453636867, 37.5974658738, 0.0 ], [ -121.9395006487, 37.5987821024, 0.0 ], [ -121.9380506484, 37.5976931025, 0.0 ], [ -121.9375616468, 37.5928761019, 0.0 ], [ -121.9359166474, 37.5910031019, 0.0 ], [ -121.9325936471, 37.5918851022, 0.0 ], [ -121.9300915624, 37.5959169492, 0.0 ], [ -121.9253296469, 37.5990071044, 0.0 ], [ -121.9217466455, 37.5983481035, 0.0 ], [ -121.9166336478, 37.5945859318, 0.0 ], [ -121.9147683896, 37.5940919699, 0.0 ] ] ] } },
{ "type": "Feature", "properties": { "route": "1", "current_peak": 6200, "additional_peak": 0, "increase_percent": 0.0, "tags": null }, "geometry": { "type": "MultiLineString", "coordinates": [ [ [ -122.4710538367, 37.7111313889, 0.0 ], [ -122.4717357294, 37.7149411833, 0.0 ] ] ] } },
{ "type": "Feature", "properties": { "route": "680", "current_peak": 19500, "additional_peak": 1225, "increase_percent": 6.2820512820512819, "tags": [ "ccc-sf" ] }, "geometry": { "type": "MultiLineString", "coordinates": [ [ [ -122.0594893191, 37.9420526907, 0.0 ], [ -122.0551517643, 37.9518354721, 0.0 ] ] ] } },
{ "type": "Feature", "properties": { "route": "101", "current_peak": 14200, "additional_peak": 104, "increase_percent": 0.73239436619718312, "tags": null }, "geometry": { "type": "MultiLineString", "coordinates": [ [ [ -122.1967328491, 37.4864975277, 0.0 ], [ -122.2110704959, 37.4885381499, 0.0 ], [ -122.2227585343, 37.4931261109, 0.0 ] ] ] } },
{ "type": "Feature", "properties": { "route": "61", "current_peak": 1050, "additional_peak": 0, "increase_percent": 0.0, "tags": null }, "geometry": { "type": "MultiLineString", "coordinates": [ [ [ -122.242777487, 37.7580686563, 0.0 ], [ -122.2407833213, 37.7606192181, 0.0 ], [ -122.2628838356, 37.7707135411, 0.0 ], [ -122.276907193, 37.7714639543, 0.0 ] ] ] } },
{ "type": "Feature", "properties": { "route": "80", "current_peak": 12300, "additional_peak": 16, "increase_percent": 0.13008130081300812, "tags": [ "80" ] }, "geometry": { "type": "MultiLineString", "coordinates": [ [ [ -122.3171335494, 37.9806104321, 0.0 ], [ -122.3149972244, 37.986602968, 0.0 ], [ -122.3104252708, 37.9907667655, 0.0 ] ] ] } },
{ "type": "Feature", "properties": { "route": "123", "current_peak": 12300, "additional_peak": 3967, "increase_percent": 32.252032520325201, "tags": [ "" ] }, "geometry": { "type": "MultiLineString", "coordinates": [ [ [ -122.2827759865, 37.8278434726, 0.0 ], [ -122.2788595034, 37.8285617045, 0.0 ] ], [ [ -122.2792149182, 37.8286651147, 0.0 ], [ -122.2809929765, 37.8341434161, 0.0 ] ] ] } },
{ "type": "Feature", "properties": { "route": "1", "current_peak": 4800, "additional_peak": 0, "increase_percent": 0.0, "tags": null }, "geometry": { "type": "MultiLineString", "coordinates": [ [ [ -122.4717357294, 37.7149411833, 0.0 ], [ -122.4725777036, 37.7173013745, 0.0 ], [ -122.4751589739, 37.7203596733, 0.0 ], [ -122.4747021078, 37.7290157074, 0.0 ], [ -122.4766016156, 37.7570623152, 0.0 ] ] ] } },
{ "type": "Feature", "properties": { "route": "82", "current_peak": 5000, "additional_peak": 204, "increase_percent": 4.08, "tags": null }, "geometry": { "type": "MultiLineString", "coordinates": [ [ [ -122.4141201724, 37.624881909, 0.0 ], [ -122.4180310909, 37.6308405951, 0.0 ] ] ] } },
{ "type": "Feature", "properties": { "route": "17", "current_peak": 4300, "additional_peak": 0, "increase_percent": 0.0, "tags": null }, "geometry": { "type": "MultiLineString", "coordinates": [ [ [ -121.991743846, 37.20471586, 0.0 ], [ -121.9896237867, 37.2078731173, 0.0 ], [ -121.9897657915, 37.2109848228, 0.0 ], [ -121.9877737567, 37.2131971637, 0.0 ], [ -121.9883329292, 37.2167842001, 0.0 ], [ -121.9865594748, 37.2186469688, 0.0 ] ] ] } },
{ "type": "Feature", "properties": { "route": "82", "current_peak": 10100, "additional_peak": 414, "increase_percent": 4.0990099009900991, "tags": null }, "geometry": { "type": "MultiLineString", "coordinates": [ [ [ -122.4180310909, 37.6308405951, 0.0 ], [ -122.4190512275, 37.6326100063, 0.0 ] ] ] } },
{ "type": "Feature", "properties": { "route": "4", "current_peak": 7900, "additional_peak": 5, "increase_percent": 0.063291139240506333, "tags": null }, "geometry": { "type": "MultiLineString", "coordinates": [ [ [ -121.7718229419, 37.9937520609, 0.0 ], [ -121.7643293776, 37.9912070423, 0.0 ], [ -121.7539464169, 37.9895177931, 0.0 ], [ -121.7516189134, 37.9882691803, 0.0 ], [ -121.7495022581, 37.9861167243, 0.0 ] ] ] } },
{ "type": "Feature", "properties": { "route": "280", "current_peak": 11200, "additional_peak": 0, "increase_percent": 0.0, "tags": null }, "geometry": { "type": "MultiLineString", "coordinates": [ [ [ -122.4157014924, 37.5926494294, 0.0 ], [ -122.4222384366, 37.5987538361, 0.0 ] ] ] } },
{ "type": "Feature", "properties": { "route": "280", "current_peak": 10700, "additional_peak": 0, "increase_percent": 0.0, "tags": null }, "geometry": { "type": "MultiLineString", "coordinates": [ [ [ -122.2514586972, 37.4420328753, 0.0 ], [ -122.2562731622, 37.4440901075, 0.0 ], [ -122.2657901308, 37.4439026637, 0.0 ], [ -122.271236578, 37.4454062684, 0.0 ] ] ] } },
{ "type": "Feature", "properties": { "route": "101", "current_peak": 12200, "additional_peak": 75, "increase_percent": 0.61475409836065575, "tags": null }, "geometry": { "type": "MultiLineString", "coordinates": [ [ [ -121.9529482212, 37.3790522146, 0.0 ], [ -121.9863496427, 37.3885035772, 0.0 ] ] ] } },
{ "type": "Feature", "properties": { "route": "580", "current_peak": 13000, "additional_peak": 688, "increase_percent": 5.2923076923076922, "tags": null }, "geometry": { "type": "MultiLineString", "coordinates": [ [ [ -121.9288587557, 37.6994463678, 0.0 ], [ -121.9356209445, 37.6981655426, 0.0 ], [ -121.957951476, 37.6982835628, 0.0 ], [ -121.9675476212, 37.6970989724, 0.0 ], [ -121.9780711285, 37.6982505021, 0.0 ] ] ] } },
{ "type": "Feature", "properties": { "route": "123", "current_peak": 4550, "additional_peak": 1229, "increase_percent": 27.010989010989011, "tags": null }, "geometry": { "type": "MultiLineString", "coordinates": [ [ [ -122.2848503462, 37.8465614278, 0.0 ], [ -122.287030238, 37.853288295, 0.0 ] ] ] } },
{ "type": "Feature", "properties": { "route": "680", "current_peak": 12700, "additional_peak": 67, "increase_percent": 0.5275590551181103, "tags": null }, "geometry": { "type": "MultiLineString", "coordinates": [ [ [ -121.9934486755, 37.8170483593, 0.0 ], [ -121.9937575669, 37.8228532916, 0.0 ], [ -121.9964158234, 37.8265785826, 0.0 ] ] ] } },
{ "type": "Feature", "properties": { "route": "35", "current_peak": 760, "additional_peak": 0, "increase_percent": 0.0, "tags": null }, "geometry": { "type": "MultiLineString", "coordinates": [ [ [ -122.0776253788, 37.2215438852, 0.0 ], [ -122.0797657846, 37.2234037676, 0.0 ], [ -122.0844700237, 37.2225039856, 0.0 ], [ -122.0907844722, 37.2236646776, 0.0 ], [ -122.092818912, 37.225708635, 0.0 ], [ -122.0931710714, 37.2288471438, 0.0 ], [ -122.0939607435, 37.2299850125, 0.0 ], [ -122.1007390858, 37.2336667764, 0.0 ] ] ] } },
{ "type": "Feature", "properties": { "route": "80", "current_peak": 11900, "additional_peak": 792, "increase_percent": 6.655462184873949, "tags": [ "80" ] }, "geometry": { "type": "MultiLineString", "coordinates": [ [ [ -122.3141999545, 37.9056937278, 0.0 ], [ -122.3172782158, 37.9105139632, 0.0 ], [ -122.3175294517, 37.9155696001, 0.0 ] ] ] } },
{ "type": "Feature", "properties": { "route": "80", "current_peak": 6200, "additional_peak": 4867, "increase_percent": 78.5, "tags": [ "ccc-sf", "80", "80" ] }, "geometry": { "type": "MultiLineString", "coordinates": [ [ [ -122.3966469494, 37.7822365912, 0.0 ], [ -122.3929957548, 37.7847925985, 0.0 ] ] ] } },
{ "type": "Feature", "properties": { "route": "101", "current_peak": 3600, "additional_peak": 288, "increase_percent": 8.0, "tags": null }, "geometry": { "type": "MultiLineString", "coordinates": [ [ [ -122.4001870469, 37.6221260814, 0.0 ], [ -122.4017821023, 37.6267451876, 0.0 ] ] ] } },
{ "type": "Feature", "properties": { "route": "280", "current_peak": 15300, "additional_peak": 38, "increase_percent": 0.24836601307189543, "tags": null }, "geometry": { "type": "MultiLineString", "coordinates": [ [ [ -122.4656138044, 37.6665056014, 0.0 ], [ -122.4659077979, 37.6700490651, 0.0 ], [ -122.4684647094, 37.6738953963, 0.0 ] ] ] } },
{ "type": "Feature", "properties": { "route": "84", "current_peak": 340, "additional_peak": 0, "increase_percent": 0.0, "tags": null }, "geometry": { "type": "MultiLineString", "coordinates": [ [ [ -122.264327737, 37.3520499814, 0.0 ], [ -122.2643411132, 37.3542207173, 0.0 ], [ -122.2663663246, 37.3568707718, 0.0 ], [ -122.2639678273, 37.3594762801, 0.0 ], [ -122.2617954773, 37.3593888711, 0.0 ], [ -122.260771476, 37.3598988712, 0.0 ], [ -122.2604254773, 37.3608908706, 0.0 ], [ -122.2611350439, 37.3622070868, 0.0 ], [ -122.2602515832, 37.3630899002, 0.0 ], [ -122.2625175458, 37.364362504, 0.0 ], [ -122.2630940405, 37.3655722432, 0.0 ], [ -122.2616078776, 37.3675609095, 0.0 ], [ -122.2636068141, 37.3684256258, 0.0 ], [ -122.2640607374, 37.370310555, 0.0 ], [ -122.2627937086, 37.3718534354, 0.0 ], [ -122.2643846591, 37.37232009, 0.0 ], [ -122.2642647349, 37.3734298703, 0.0 ], [ -122.2654478044, 37.3751050098, 0.0 ], [ -122.2643694335, 37.3821463121, 0.0 ], [ -122.265777593, 37.3841900476, 0.0 ] ], [ [ -122.2636647097, 37.3862372187, 0.0 ], [ -122.2613708571, 37.3851112744, 0.0 ], [ -122.2613464804, 37.386137693, 0.0 ], [ -122.2624890872, 37.386704179, 0.0 ], [ -122.2623266679, 37.3875336175, 0.0 ] ] ] } },
{ "type": "Feature", "properties": { "route": "84", "current_peak": 5200, "additional_peak": 0, "increase_percent": 0.0, "tags": null }, "geometry": { "type": "MultiLineString", "coordinates": [ [ [ -122.2217547298, 37.4764633884, 0.0 ], [ -122.2204733058, 37.478793064, 0.0 ] ] ] } },
{ "type": "Feature", "properties": { "route": "101", "current_peak": 16000, "additional_peak": 104, "increase_percent": 0.65, "tags": null }, "geometry": { "type": "MultiLineString", "coordinates": [ [ [ -122.2227585343, 37.4931261109, 0.0 ], [ -122.2359579148, 37.4973104595, 0.0 ], [ -122.2408569482, 37.5005926101, 0.0 ] ] ] } },
{ "type": "Feature", "properties": { "route": "80", "current_peak": 12900, "additional_peak": 0, "increase_percent": 0.0, "tags": [ "80" ] }, "geometry": { "type": "MultiLineString", "coordinates": [ [ [ -122.2660191314, 38.0187905874, 0.0 ], [ -122.251423113, 38.0344937381, 0.0 ] ] ] } },
{ "type": "Feature", "properties": { "route": "280", "current_peak": 460, "additional_peak": 0, "increase_percent": 0.0, "tags": null }, "geometry": { "type": "MultiLineString", "coordinates": [ [ [ -122.3440664457, 37.5101616059, 0.0 ], [ -122.3526207581, 37.5175615433, 0.0 ] ] ] } },
{ "type": "Feature", "properties": { "route": "680", "current_peak": 8400, "additional_peak": 109, "increase_percent": 1.2976190476190477, "tags": null }, "geometry": { "type": "MultiLineString", "coordinates": [ [ [ -121.8733755071, 37.596548082, 0.0 ], [ -121.8735505447, 37.5989017803, 0.0 ], [ -121.872129745, 37.6018634472, 0.0 ], [ -121.8720666931, 37.6040065594, 0.0 ], [ -121.8793495605, 37.6200799525, 0.0 ] ] ] } },
{ "type": "Feature", "properties": { "route": "35", "current_peak": 5200, "additional_peak": 0, "increase_percent": 0.0, "tags": null }, "geometry": { "type": "MultiLineString", "coordinates": [ [ [ -121.9971623417, 37.1521452009, 0.0 ], [ -121.9974098582, 37.1522339194, 0.0 ] ], [ [ -121.9938170764, 37.1493039625, 0.0 ], [ -121.9940384337, 37.1496147292, 0.0 ] ], [ [ -121.9934597244, 37.1485877094, 0.0 ], [ -121.9935904713, 37.1488541356, 0.0 ] ], [ [ -121.9906532656, 37.1442576506, 0.0 ], [ -121.9908207753, 37.1442769746, 0.0 ] ], [ [ -121.9898666415, 37.1439827347, 0.0 ], [ -121.9902261132, 37.1440929807, 0.0 ] ], [ [ -121.9840950164, 37.1453076558, 0.0 ], [ -121.9859158574, 37.1454270081, 0.0 ], [ -121.9852454483, 37.1444176724, 0.0 ], [ -121.9860799322, 37.1446307022, 0.0 ] ] ] } },
{ "type": "Feature", "properties": { "route": "24", "current_peak": 13000, "additional_peak": 2419, "increase_percent": 18.607692307692307, "tags": [ "ccc-sf", "tunnels", "caldecott", "24", "24" ] }, "geometry": { "type": "MultiLineString", "coordinates": [ [ [ -122.2204538779, 37.8542855214, 0.0 ], [ -122.2172932848, 37.8558303373, 0.0 ], [ -122.2144192041, 37.8581078944, 0.0 ] ] ] } },
{ "type": "Feature", "properties": { "route": "4", "current_peak": 5300, "additional_peak": 0, "increase_percent": 0.0, "tags": null }, "geometry": { "type": "MultiLineString", "coordinates": [ [ [ -121.7392207632, 37.9706703413, 0.0 ], [ -121.7394853949, 37.9666339172, 0.0 ], [ -121.7445239367, 37.9590766376, 0.0 ], [ -121.7449003389, 37.9528442127, 0.0 ] ] ] } },
{ "type": "Feature", "properties": { "route": "114", "current_peak": 14800, "additional_peak": 83, "increase_percent": 0.56081081081081086, "tags": null }, "geometry": { "type": "MultiLineString", "coordinates": [ [ [ -122.1552958148, 37.4689142503, 0.0 ], [ -122.1550867301, 37.471659772, 0.0 ], [ -122.1531633882, 37.4755685018, 0.0 ] ] ] } },
{ "type": "Feature", "properties": { "route": "35", "current_peak": 9600, "additional_peak": 0, "increase_percent": 0.0, "tags": null }, "geometry": { "type": "MultiLineString", "coordinates": [ [ [ -122.3544880205, 37.5169170069, 0.0 ], [ -122.3565816807, 37.520587935, 0.0 ], [ -122.3573215008, 37.5242252456, 0.0 ], [ -122.3584657281, 37.5249831455, 0.0 ] ] ] } },
{ "type": "Feature", "properties": { "route": "101", "current_peak": 2750, "additional_peak": 288, "increase_percent": 10.472727272727273, "tags": null }, "geometry": { "type": "MultiLineString", "coordinates": [ [ [ -122.3884133117, 37.6079570627, 0.0 ], [ -122.3898112941, 37.6088690106, 0.0 ] ] ] } },
{ "type": "Feature", "properties": { "route": "80", "current_peak": 10700, "additional_peak": 0, "increase_percent": 0.0, "tags": [ "bridges", "80", "80" ] }, "geometry": { "type": "MultiLineString", "coordinates": [ [ [ -122.2330888092, 38.0486693515, 0.0 ], [ -122.2254379026, 38.0542897183, 0.0 ], [ -122.2248738271, 38.0562271965, 0.0 ], [ -122.2252855977, 38.060971764, 0.0 ] ] ] } },
{ "type": "Feature", "properties": { "route": "580", "current_peak": 4600, "additional_peak": 0, "increase_percent": 0.0, "tags": null }, "geometry": { "type": "MultiLineString", "coordinates": [ [ [ -121.8010030693, 37.7009387097, 0.0 ], [ -121.8024300642, 37.7009522006, 0.0 ] ] ] } },
{ "type": "Feature", "properties": { "route": "17", "current_peak": 5000, "additional_peak": 0, "increase_percent": 0.0, "tags": null }, "geometry": { "type": "MultiLineString", "coordinates": [ [ [ -121.9865594748, 37.2186469688, 0.0 ], [ -121.9806146927, 37.22248532, 0.0 ] ], [ [ -121.9505924857, 37.2626263608, 0.0 ], [ -121.9504839405, 37.2627695502, 0.0 ] ] ] } },
{ "type": "Feature", "properties": { "route": "280", "current_peak": 12900, "additional_peak": 0, "increase_percent": 0.0, "tags": null }, "geometry": { "type": "MultiLineString", "coordinates": [ [ [ -122.0896378883, 37.340900352, 0.0 ], [ -122.0953557274, 37.3449214502, 0.0 ], [ -122.1035033168, 37.3488280545, 0.0 ], [ -122.10832847, 37.3537573548, 0.0 ], [ -122.1147088594, 37.3558385866, 0.0 ] ], [ [ -122.0562787588, 37.3324922018, 0.0 ], [ -122.0585533106, 37.3323392605, 0.0 ], [ -122.0616772739, 37.33303943, 0.0 ] ] ] } },
{ "type": "Feature", "properties": { "route": "580", "current_peak": 11900, "additional_peak": 646, "increase_percent": 5.4285714285714288, "tags": null }, "geometry": { "type": "MultiLineString", "coordinates": [ [ [ -122.2514327284, 37.8153843505, 0.0 ], [ -122.2536711956, 37.8187289605, 0.0 ], [ -122.2602750221, 37.8223036909, 0.0 ] ] ] } },
{ "type": "Feature", "properties": { "route": "680", "current_peak": 20100, "additional_peak": 1153, "increase_percent": 5.7363184079601988, "tags": [ "ccc-sf" ] }, "geometry": { "type": "MultiLineString", "coordinates": [ [ [ -122.0604724808, 37.9299892645, 0.0 ], [ -122.0604334468, 37.9362455146, 0.0 ] ] ] } },
{ "type": "Feature", "properties": { "route": "4", "current_peak": 2650, "additional_peak": 0, "increase_percent": 0.0, "tags": null }, "geometry": { "type": "MultiLineString", "coordinates": [ [ [ -121.727458974, 37.9085884534, 0.0 ], [ -121.7211660666, 37.9040209422, 0.0 ], [ -121.7174471554, 37.898890483, 0.0 ], [ -121.7125994796, 37.8957935422, 0.0 ], [ -121.7104987128, 37.8963788975, 0.0 ], [ -121.6770376576, 37.8965292003, 0.0 ] ], [ [ -121.641302516, 37.8933939072, 0.0 ], [ -121.6410546186, 37.8906626739, 0.0 ], [ -121.6386580464, 37.8893721329, 0.0 ], [ -121.6143383331, 37.8894146733, 0.0 ], [ -121.6024707734, 37.8901903025, 0.0 ], [ -121.5756847957, 37.8900829702, 0.0 ], [ -121.5723227977, 37.8910409691, 0.0 ], [ -121.5709157953, 37.8921549717, 0.0 ], [ -121.5699793604, 37.8909157648, 0.0 ] ] ] } },
{ "type": "Feature", "properties": { "route": "13", "current_peak": 4800, "additional_peak": 91, "increase_percent": 1.8958333333333335, "tags": null }, "geometry": { "type": "MultiLineString", "coordinates": [ [ [ -122.1836486918, 37.7962544858, 0.0 ], [ -122.1915926042, 37.8045069199, 0.0 ] ] ] } },
{ "type": "Feature", "properties": { "route": "84", "current_peak": 3800, "additional_peak": 0, "increase_percent": 0.0, "tags": null }, "geometry": { "type": "MultiLineString", "coordinates": [ [ [ -122.2218993082, 37.4764672721, 0.0 ], [ -122.2205928795, 37.4788375501, 0.0 ] ] ] } },
{ "type": "Feature", "properties": { "route": "680", "current_peak": 10600, "additional_peak": 510, "increase_percent": 4.8113207547169816, "tags": null }, "geometry": { "type": "MultiLineString", "coordinates": [ [ [ -121.9458534133, 37.522513744, 0.0 ], [ -121.947013131, 37.5252399166, 0.0 ], [ -121.9457751761, 37.5283300702, 0.0 ], [ -121.941616837, 37.5312357049, 0.0 ], [ -121.9329780076, 37.5357561617, 0.0 ] ] ] } },
{ "type": "Feature", "properties": { "route": "880", "current_peak": 15900, "additional_peak": 98, "increase_percent": 0.61635220125786161, "tags": [ "880" ] }, "geometry": { "type": "MultiLineString", "coordinates": [ [ [ -121.9203556993, 37.4406028279, 0.0 ], [ -121.9240251126, 37.4583166694, 0.0 ], [ -121.9292760957, 37.4690360666, 0.0 ] ] ] } },
{ "type": "Feature", "properties": { "route": "35", "current_peak": 3450, "additional_peak": 0, "increase_percent": 0.0, "tags": null }, "geometry": { "type": "MultiLineString", "coordinates": [ [ [ -122.5028409444, 37.7260959082, 0.0 ], [ -122.5009328485, 37.7297373456, 0.0 ], [ -122.4964769032, 37.7338819974, 0.0 ] ] ] } },
{ "type": "Feature", "properties": { "route": "123", "current_peak": 1750, "additional_peak": 588, "increase_percent": 33.6, "tags": null }, "geometry": { "type": "MultiLineString", "coordinates": [ [ [ -122.3168602686, 37.9230669636, 0.0 ], [ -122.3184961633, 37.9254148803, 0.0 ], [ -122.3196534475, 37.9254122266, 0.0 ] ] ] } },
{ "type": "Feature", "properties": { "route": "280", "current_peak": 11300, "additional_peak": 0, "increase_percent": 0.0, "tags": null }, "geometry": { "type": "MultiLineString", "coordinates": [ [ [ -122.4264730258, 37.6110363941, 0.0 ], [ -122.4241099926, 37.6158901099, 0.0 ], [ -122.4243726376, 37.6181039575, 0.0 ], [ -122.4261039527, 37.6209148721, 0.0 ] ], [ [ -122.3388167857, 37.5073191301, 0.0 ], [ -122.3438164792, 37.510535265, 0.0 ] ] ] } },
{ "type": "Feature", "properties": { "route": "580", "current_peak": 6100, "additional_peak": 0, "increase_percent": 0.0, "tags": [ "bridges" ] }, "geometry": { "type": "MultiLineString", "coordinates": [ [ [ -122.3960852504, 37.9325916576, 0.0 ], [ -122.4010502312, 37.931901958, 0.0 ], [ -122.4337230749, 37.934377882, 0.0 ] ] ] } },
{ "type": "Feature", "properties": { "route": "101", "current_peak": 11400, "additional_peak": 87, "increase_percent": 0.76315789473684204, "tags": null }, "geometry": { "type": "MultiLineString", "coordinates": [ [ [ -122.0356861788, 37.4007753181, 0.0 ], [ -122.0433328672, 37.4024508087, 0.0 ] ] ] } },
{ "type": "Feature", "properties": { "route": "262", "current_peak": 9500, "additional_peak": 732, "increase_percent": 7.7052631578947377, "tags": null }, "geometry": { "type": "MultiLineString", "coordinates": [ [ [ -121.9258749756, 37.4929571706, 0.0 ], [ -121.9231964509, 37.4954695065, 0.0 ] ] ] } },
{ "type": "Feature", "properties": { "route": "242", "current_peak": 6100, "additional_peak": 891, "increase_percent": 14.606557377049182, "tags": null }, "geometry": { "type": "MultiLineString", "coordinates": [ [ [ -122.0377268998, 38.0017888277, 0.0 ], [ -122.0362452711, 38.0059146185, 0.0 ] ] ] } },
{ "type": "Feature", "properties": { "route": "130", "current_peak": 1300, "additional_peak": 0, "increase_percent": 0.0, "tags": null }, "geometry": { "type": "MultiLineString", "coordinates": [ [ [ -121.8172673278, 37.3821316452, 0.0 ], [ -121.8160479541, 37.3840789758, 0.0 ], [ -121.812841079, 37.3819659556, 0.0 ], [ -121.8104142866, 37.3789325164, 0.0 ], [ -121.8041090772, 37.3770709549, 0.0 ], [ -121.8019970769, 37.3772139559, 0.0 ], [ -121.8007092174, 37.3760904034, 0.0 ] ] ] } },
{ "type": "Feature", "properties": { "route": "580", "current_peak": 11000, "additional_peak": 723, "increase_percent": 6.5727272727272732, "tags": null }, "geometry": { "type": "MultiLineString", "coordinates": [ [ [ -122.1378812569, 37.725742075, 0.0 ], [ -122.1404811683, 37.7367079611, 0.0 ], [ -122.1450426388, 37.7415902826, 0.0 ] ], [ [ -122.1038947471, 37.6948061199, 0.0 ], [ -122.1087261587, 37.7000569606, 0.0 ], [ -122.1152550502, 37.7042511005, 0.0 ] ] ] } },
{ "type": "Feature", "properties": { "route": "82", "current_peak": 15300, "additional_peak": 277, "increase_percent": 1.8104575163398691, "tags": null }, "geometry": { "type": "MultiLineString", "coordinates": [ [ [ -122.4611489995, 37.6792546946, 0.0 ], [ -122.4634808819, 37.6823768979, 0.0 ] ] ] } },
{ "type": "Feature", "properties": { "route": "880", "current_peak": 15600, "additional_peak": 820, "increase_percent": 5.2564102564102564, "tags": [ "880" ] }, "geometry": { "type": "MultiLineString", "coordinates": [ [ [ -122.098412699, 37.6512044879, 0.0 ], [ -122.1046221267, 37.661237141, 0.0 ] ] ] } },
{ "type": "Feature", "properties": { "route": "123", "current_peak": 1950, "additional_peak": 1229, "increase_percent": 63.025641025641022, "tags": null }, "geometry": { "type": "MultiLineString", "coordinates": [ [ [ -122.287030238, 37.853288295, 0.0 ], [ -122.2893841612, 37.8606511902, 0.0 ] ] ] } },
{ "type": "Feature", "properties": { "route": "84", "current_peak": 4700, "additional_peak": 22, "increase_percent": 0.46808510638297873, "tags": null }, "geometry": { "type": "MultiLineString", "coordinates": [ [ [ -122.1654497555, 37.4829294119, 0.0 ], [ -122.1584467643, 37.4820928715, 0.0 ], [ -122.1505703323, 37.4820909161, 0.0 ], [ -122.1483583845, 37.4824259446, 0.0 ], [ -122.1459084621, 37.4836421337, 0.0 ] ] ] } },
{ "type": "Feature", "properties": { "route": "580", "current_peak": 13000, "additional_peak": 661, "increase_percent": 5.0846153846153843, "tags": null }, "geometry": { "type": "MultiLineString", "coordinates": [ [ [ -121.9780504971, 37.6986126077, 0.0 ], [ -121.9876737149, 37.7000403486, 0.0 ], [ -121.9953687151, 37.7029083478, 0.0 ], [ -122.0019317176, 37.7037373471, 0.0 ], [ -122.0155437175, 37.7030723474, 0.0 ], [ -122.0238327188, 37.7010593459, 0.0 ], [ -122.0344407201, 37.7022793449, 0.0 ], [ -122.0388897208, 37.7009983451, 0.0 ], [ -122.0421298549, 37.6984568127, 0.0 ] ] ] } },
{ "type": "Feature", "properties": { "route": "580", "current_peak": 16400, "additional_peak": 696, "increase_percent": 4.2439024390243905, "tags": null }, "geometry": { "type": "MultiLineString", "coordinates": [ [ [ -122.3085514529, 37.8881507504, 0.0 ], [ -122.3082913044, 37.8899795583, 0.0 ], [ -122.3097823125, 37.8948268842, 0.0 ] ] ] } },
{ "type": "Feature", "properties": { "route": "101", "current_peak": 11400, "additional_peak": 75, "increase_percent": 0.6578947368421052, "tags": null }, "geometry": { "type": "MultiLineString", "coordinates": [ [ [ -121.9347911809, 37.3754999747, 0.0 ], [ -121.9529482212, 37.3790522146, 0.0 ] ] ] } },
{ "type": "Feature", "properties": { "route": "101", "current_peak": 14200, "additional_peak": 277, "increase_percent": 1.9507042253521127, "tags": null }, "geometry": { "type": "MultiLineString", "coordinates": [ [ [ -122.3906579167, 37.6090655462, 0.0 ], [ -122.3952770032, 37.6121221219, 0.0 ], [ -122.3974350036, 37.6143471221, 0.0 ], [ -122.4004267183, 37.6218292136, 0.0 ] ] ] } },
{ "type": "Feature", "properties": { "route": "61", "current_peak": 2400, "additional_peak": 0, "increase_percent": 0.0, "tags": null }, "geometry": { "type": "MultiLineString", "coordinates": [ [ [ -122.2006303024, 37.7260215419, 0.0 ], [ -122.2104133405, 37.7312720646, 0.0 ], [ -122.2133563046, 37.7369191969, 0.0 ] ] ] } },
{ "type": "Feature", "properties": { "route": "280", "current_peak": 2300, "additional_peak": 0, "increase_percent": 0.0, "tags": null }, "geometry": { "type": "MultiLineString", "coordinates": [ [ [ -122.426850149, 37.6028396144, 0.0 ], [ -122.427468595, 37.6038274751, 0.0 ] ] ] } },
{ "type": "Feature", "properties": { "route": "92", "current_peak": 2250, "additional_peak": 0, "increase_percent": 0.0, "tags": null }, "geometry": { "type": "MultiLineString", "coordinates": [ [ [ -122.3577054766, 37.5020257625, 0.0 ], [ -122.3583161757, 37.5043017333, 0.0 ], [ -122.3576555106, 37.5070253167, 0.0 ], [ -122.3555296089, 37.5079632738, 0.0 ], [ -122.3534156179, 37.5079855498, 0.0 ], [ -122.3500612968, 37.5115857112, 0.0 ] ] ] } },
{ "type": "Feature", "properties": { "route": "101", "current_peak": 11800, "additional_peak": 3571, "increase_percent": 30.262711864406779, "tags": null }, "geometry": { "type": "MultiLineString", "coordinates": [ [ [ -122.4082986264, 37.7688286674, 0.0 ], [ -122.4136785065, 37.7694723417, 0.0 ] ] ] } },
{ "type": "Feature", "properties": { "route": "680", "current_peak": 4900, "additional_peak": 724, "increase_percent": 14.775510204081632, "tags": null }, "geometry": { "type": "MultiLineString", "coordinates": [ [ [ -121.9131445565, 37.4807720897, 0.0 ], [ -121.9145068662, 37.48446078, 0.0 ] ] ] } },
{ "type": "Feature", "properties": { "route": "880", "current_peak": 2900, "additional_peak": 1402, "increase_percent": 48.344827586206897, "tags": [ "880" ] }, "geometry": { "type": "MultiLineString", "coordinates": [ [ [ -122.1766309136, 37.7191476124, 0.0 ], [ -122.183007543, 37.7254712099, 0.0 ] ] ] } },
{ "type": "Feature", "properties": { "route": "9", "current_peak": 1150, "additional_peak": 0, "increase_percent": 0.0, "tags": null }, "geometry": { "type": "MultiLineString", "coordinates": [ [ [ -122.0472505435, 37.252169563, 0.0 ], [ -122.0463803237, 37.2526941011, 0.0 ], [ -122.0433373966, 37.2528639246, 0.0 ], [ -122.042498636, 37.2538692465, 0.0 ], [ -122.038403099, 37.2543549272, 0.0 ], [ -122.0380430991, 37.2554449271, 0.0 ], [ -122.0355045634, 37.2560343182, 0.0 ], [ -122.0341649393, 37.2571832312, 0.0 ] ], [ [ -122.0228250642, 37.2525341823, 0.0 ], [ -122.0148114702, 37.2465070229, 0.0 ], [ -122.0056773041, 37.2423181974, 0.0 ] ] ] } },
{ "type": "Feature", "properties": { "route": "92", "current_peak": 9600, "additional_peak": 53, "increase_percent": 0.55208333333333337, "tags": null }, "geometry": { "type": "MultiLineString", "coordinates": [ [ [ -122.309094292, 37.5519252001, 0.0 ], [ -122.3007755161, 37.5524797284, 0.0 ] ] ] } },
{ "type": "Feature", "properties": { "route": "880", "current_peak": 11800, "additional_peak": 95, "increase_percent": 0.80508474576271183, "tags": [ "880" ] }, "geometry": { "type": "MultiLineString", "coordinates": [ [ [ -121.9011879205, 37.3655398725, 0.0 ], [ -121.9010312704, 37.3679169966, 0.0 ], [ -121.9025284676, 37.3745261114, 0.0 ] ] ] } },
{ "type": "Feature", "properties": { "route": "580", "current_peak": 6300, "additional_peak": 747, "increase_percent": 11.857142857142858, "tags": null }, "geometry": { "type": "MultiLineString", "coordinates": [ [ [ -122.311111319, 37.8963250548, 0.0 ], [ -122.3181272097, 37.9049445674, 0.0 ] ], [ [ -122.3093257475, 37.8882579537, 0.0 ], [ -122.3088629976, 37.8917772805, 0.0 ], [ -122.3099609646, 37.8948093057, 0.0 ] ] ] } },
{ "type": "Feature", "properties": { "route": "380", "current_peak": 15800, "additional_peak": 38, "increase_percent": 0.24050632911392406, "tags": null }, "geometry": { "type": "MultiLineString", "coordinates": [ [ [ -122.4308097457, 37.6272210573, 0.0 ], [ -122.4250392332, 37.6301030258, 0.0 ] ] ] } },
{ "type": "Feature", "properties": { "route": "84", "current_peak": 4600, "additional_peak": 0, "increase_percent": 0.0, "tags": null }, "geometry": { "type": "MultiLineString", "coordinates": [ [ [ -121.8053192283, 37.6674434791, 0.0 ], [ -121.8052731827, 37.6815421063, 0.0 ] ] ] } },
{ "type": "Feature", "properties": { "route": "580", "current_peak": 12900, "additional_peak": 0, "increase_percent": 0.0, "tags": null }, "geometry": { "type": "MultiLineString", "coordinates": [ [ [ -121.8336217856, 37.7009909405, 0.0 ], [ -121.8607730808, 37.7012548842, 0.0 ] ] ] } },
{ "type": "Feature", "properties": { "route": "35", "current_peak": 9900, "additional_peak": 0, "increase_percent": 0.0, "tags": null }, "geometry": { "type": "MultiLineString", "coordinates": [ [ [ -122.4337284425, 37.6098090561, 0.0 ], [ -122.4351660822, 37.6113535019, 0.0 ] ], [ [ -122.4263474301, 37.6031051171, 0.0 ], [ -122.4287125113, 37.6050161344, 0.0 ] ] ] } },
{ "type": "Feature", "properties": { "route": "24", "current_peak": 13600, "additional_peak": 4363, "increase_percent": 32.080882352941174, "tags": [ "ccc-sf", "24", "24" ] }, "geometry": { "type": "MultiLineString", "coordinates": [ [ [ -122.2680408364, 37.8242291584, 0.0 ], [ -122.2660292286, 37.8326817652, 0.0 ] ] ] } },
{ "type": "Feature", "properties": { "route": "84", "current_peak": 4950, "additional_peak": 22, "increase_percent": 0.44444444444444442, "tags": null }, "geometry": { "type": "MultiLineString", "coordinates": [ [ [ -122.0599824634, 37.5460581999, 0.0 ], [ -122.0445833586, 37.5569228799, 0.0 ] ] ] } },
{ "type": "Feature", "properties": { "route": "13", "current_peak": 8200, "additional_peak": 2465, "increase_percent": 30.060975609756095, "tags": [ "" ] }, "geometry": { "type": "MultiLineString", "coordinates": [ [ [ -122.22726917, 37.844948613, 0.0 ], [ -122.2283912489, 37.8486889022, 0.0 ] ] ] } },
{ "type": "Feature", "properties": { "route": "580", "current_peak": 13900, "additional_peak": 0, "increase_percent": 0.0, "tags": null }, "geometry": { "type": "MultiLineString", "coordinates": [ [ [ -121.8024300642, 37.7009522006, 0.0 ], [ -121.833618882, 37.7012177457, 0.0 ] ], [ [ -121.7794747401, 37.7003155999, 0.0 ], [ -121.787853683, 37.6996663636, 0.0 ], [ -121.7941610313, 37.7008492519, 0.0 ], [ -121.8010030693, 37.7009387097, 0.0 ] ] ] } },
{ "type": "Feature", "properties": { "route": "280", "current_peak": 17700, "additional_peak": 38, "increase_percent": 0.21468926553672316, "tags": null }, "geometry": { "type": "MultiLineString", "coordinates": [ [ [ -122.4329339901, 37.6290100301, 0.0 ], [ -122.4369812103, 37.6321971117, 0.0 ], [ -122.4387418444, 37.6347363287, 0.0 ] ] ] } },
{ "type": "Feature", "properties": { "route": "101", "current_peak": 2950, "additional_peak": 2064, "increase_percent": 69.966101694915253, "tags": null }, "geometry": { "type": "MultiLineString", "coordinates": [ [ [ -122.4136580298, 37.7696116645, 0.0 ], [ -122.4212576305, 37.7702257746, 0.0 ], [ -122.423357994, 37.7719407959, 0.0 ] ], [ [ -122.4198838989, 37.7703918627, 0.0 ], [ -122.4186254365, 37.7730181793, 0.0 ], [ -122.4197977208, 37.7781101047, 0.0 ] ] ] } },
{ "type": "Feature", "properties": { "route": "9", "current_peak": 1400, "additional_peak": 0, "increase_percent": 0.0, "tags": null }, "geometry": { "type": "MultiLineString", "coordinates": [ [ [ -122.0229290095, 37.2524450342, 0.0 ], [ -122.0137730941, 37.2457549291, 0.0 ], [ -122.0057374196, 37.2422086224, 0.0 ] ] ] } },
{ "type": "Feature", "properties": { "route": "85", "current_peak": 7500, "additional_peak": 0, "increase_percent": 0.0, "tags": null }, "geometry": { "type": "MultiLineString", "coordinates": [ [ [ -122.0688025284, 37.3876413778, 0.0 ], [ -122.0684331186, 37.3936849379, 0.0 ], [ -122.0690839101, 37.3969677894, 0.0 ] ] ] } },
{ "type": "Feature", "properties": { "route": "101", "current_peak": 14400, "additional_peak": 83, "increase_percent": 0.57638888888888884, "tags": null }, "geometry": { "type": "MultiLineString", "coordinates": [ [ [ -122.0973022372, 37.4244292032, 0.0 ], [ -122.1123348179, 37.4385731104, 0.0 ] ] ] } },
{ "type": "Feature", "properties": { "route": "61", "current_peak": 2500, "additional_peak": 0, "increase_percent": 0.0, "tags": null }, "geometry": { "type": "MultiLineString", "coordinates": [ [ [ -122.2193812268, 37.7442564362, 0.0 ], [ -122.2219597947, 37.7454925703, 0.0 ], [ -122.2280385774, 37.7453151256, 0.0 ], [ -122.2359569201, 37.7471535697, 0.0 ] ], [ [ -122.189895162, 37.7185236409, 0.0 ], [ -122.1968710885, 37.7241109088, 0.0 ], [ -122.2006303024, 37.7260215419, 0.0 ] ] ] } },
{ "type": "Feature", "properties": { "route": "4", "current_peak": 1150, "additional_peak": 0, "increase_percent": 0.0, "tags": null }, "geometry": { "type": "MultiLineString", "coordinates": [ [ [ -121.7371425035, 37.9346474467, 0.0 ], [ -121.7326679006, 37.9240072024, 0.0 ], [ -121.7318387753, 37.9136129861, 0.0 ], [ -121.7302624279, 37.9109147638, 0.0 ], [ -121.727458974, 37.9085884534, 0.0 ] ] ] } },
{ "type": "Feature", "properties": { "route": "1", "current_peak": 2600, "additional_peak": 0, "increase_percent": 0.0, "tags": null }, "geometry": { "type": "MultiLineString", "coordinates": [ [ [ -122.4898510076, 37.6378760174, 0.0 ], [ -122.4919542007, 37.6442222336, 0.0 ], [ -122.4907207405, 37.649458411, 0.0 ] ] ] } },
{ "type": "Feature", "properties": { "route": "280", "current_peak": 11500, "additional_peak": 0, "increase_percent": 0.0, "tags": null }, "geometry": { "type": "MultiLineString", "coordinates": [ [ [ -122.0897864795, 37.3407011796, 0.0 ], [ -122.0955912522, 37.3447092711, 0.0 ], [ -122.1033415796, 37.348336717, 0.0 ], [ -122.1081012564, 37.3532892708, 0.0 ], [ -122.1149665119, 37.3555853382, 0.0 ] ] ] } },
{ "type": "Feature", "properties": { "route": "580", "current_peak": 11800, "additional_peak": 646, "increase_percent": 5.4745762711864403, "tags": null }, "geometry": { "type": "MultiLineString", "coordinates": [ [ [ -122.2000125274, 37.7890559045, 0.0 ], [ -122.2065212821, 37.7947565914, 0.0 ] ] ] } },
{ "type": "Feature", "properties": { "route": "580", "current_peak": 10100, "additional_peak": 535, "increase_percent": 5.2970297029702973, "tags": null }, "geometry": { "type": "MultiLineString", "coordinates": [ [ [ -121.9148510856, 37.7017085576, 0.0 ], [ -121.9226434449, 37.7008430795, 0.0 ] ] ] } },
{ "type": "Feature", "properties": { "route": "82", "current_peak": 4900, "additional_peak": 58, "increase_percent": 1.1836734693877551, "tags": null }, "geometry": { "type": "MultiLineString", "coordinates": [ [ [ -122.426457794, 37.6442849915, 0.0 ], [ -122.4334626809, 37.6542216662, 0.0 ], [ -122.4407896818, 37.6590776657, 0.0 ], [ -122.442729804, 37.6610459842, 0.0 ] ] ] } },
{ "type": "Feature", "properties": { "route": "280", "current_peak": 13500, "additional_peak": 0, "increase_percent": 0.0, "tags": null }, "geometry": { "type": "MultiLineString", "coordinates": [ [ [ -121.9335275724, 37.3173330729, 0.0 ], [ -121.9452305448, 37.3170783962, 0.0 ] ] ] } },
{ "type": "Feature", "properties": { "route": "92", "current_peak": 7800, "additional_peak": 26, "increase_percent": 0.33333333333333337, "tags": [ "bridges" ] }, "geometry": { "type": "MultiLineString", "coordinates": [ [ [ -122.2719679725, 37.5650963932, 0.0 ], [ -122.2669433264, 37.5696461455, 0.0 ] ], [ [ -122.2111436594, 37.6004380633, 0.0 ], [ -122.1560271539, 37.6167954127, 0.0 ], [ -122.1368231038, 37.6230340615, 0.0 ] ] ] } },
{ "type": "Feature", "properties": { "route": "35", "current_peak": 800, "additional_peak": 0, "increase_percent": 0.0, "tags": null }, "geometry": { "type": "MultiLineString", "coordinates": [ [ [ -122.2319587064, 37.3486898328, 0.0 ], [ -122.2363202871, 37.34964043, 0.0 ], [ -122.2395003618, 37.3513479595, 0.0 ], [ -122.2442673761, 37.3562034878, 0.0 ], [ -122.2471357839, 37.3582575093, 0.0 ], [ -122.2476672173, 37.3599737594, 0.0 ], [ -122.2469259482, 37.3632519277, 0.0 ], [ -122.2478467995, 37.3648580646, 0.0 ], [ -122.2476259568, 37.3672719381, 0.0 ], [ -122.2516265743, 37.3713397163, 0.0 ], [ -122.2524974586, 37.3718679561, 0.0 ], [ -122.2568917277, 37.3721421885, 0.0 ], [ -122.2599647736, 37.3753882001, 0.0 ], [ -122.2628849729, 37.3762379537, 0.0 ], [ -122.2629913981, 37.3831678298, 0.0 ], [ -122.2624238928, 37.3846313259, 0.0 ], [ -122.2638243437, 37.3860825514, 0.0 ] ] ] } },
{ "type": "Feature", "properties": { "route": "280", "current_peak": 12400, "additional_peak": 0, "increase_percent": 0.0, "tags": null }, "geometry": { "type": "MultiLineString", "coordinates": [ [ [ -121.9972174332, 37.3218177399, 0.0 ], [ -122.0067604201, 37.3267743767, 0.0 ] ] ] } },
{ "type": "Feature", "properties": { "route": "880", "current_peak": 2000, "additional_peak": 2467, "increase_percent": 123.35, "tags": [ "880" ] }, "geometry": { "type": "MultiLineString", "coordinates": [ [ [ -122.3006153907, 37.8142507223, 0.0 ], [ -122.2970832851, 37.8168477644, 0.0 ], [ -122.2961596007, 37.8188521339, 0.0 ] ] ] } },
{ "type": "Feature", "properties": { "route": "580", "current_peak": 12500, "additional_peak": 723, "increase_percent": 5.784, "tags": null }, "geometry": { "type": "MultiLineString", "coordinates": [ [ [ -122.1687923238, 37.7784031421, 0.0 ], [ -122.1758840236, 37.7822861644, 0.0 ] ] ] } },
{ "type": "Feature", "properties": { "route": "185", "current_peak": 9800, "additional_peak": 1098, "increase_percent": 11.204081632653061, "tags": null }, "geometry": { "type": "MultiLineString", "coordinates": [ [ [ -122.1223709229, 37.7009962547, 0.0 ], [ -122.1239853822, 37.7021173785, 0.0 ] ] ] } },
{ "type": "Feature", "properties": { "route": "880", "current_peak": 11400, "additional_peak": 98, "increase_percent": 0.85964912280701755, "tags": [ "880" ] }, "geometry": { "type": "MultiLineString", "coordinates": [ [ [ -121.9067756156, 37.3918435869, 0.0 ], [ -121.910794321, 37.4086528364, 0.0 ] ] ] } },
{ "type": "Feature", "properties": { "route": "85", "current_peak": 11200, "additional_peak": 0, "increase_percent": 0.0, "tags": null }, "geometry": { "type": "MultiLineString", "coordinates": [ [ [ -121.9209015608, 37.2503931012, 0.0 ], [ -121.929318068, 37.2505140802, 0.0 ], [ -121.9415088342, 37.2526223224, 0.0 ] ] ] } },
{ "type": "Feature", "properties": { "route": "680", "current_peak": 12900, "additional_peak": 68, "increase_percent": 0.52713178294573637, "tags": null }, "geometry": { "type": "MultiLineString", "coordinates": [ [ [ -122.030816347, 37.8575709537, 0.0 ], [ -122.0334373935, 37.8617865018, 0.0 ], [ -122.0374628054, 37.8650635169, 0.0 ], [ -122.0419843344, 37.8710289645, 0.0 ] ], [ [ -122.0046816417, 37.8322485814, 0.0 ], [ -122.0202540962, 37.8419746692, 0.0 ] ] ] } },
{ "type": "Feature", "properties": { "route": "4", "current_peak": 4700, "additional_peak": 0, "increase_percent": 0.0, "tags": null }, "geometry": { "type": "MultiLineString", "coordinates": [ [ [ -121.7387368012, 37.9706966918, 0.0 ], [ -121.7389266563, 37.9666350354, 0.0 ], [ -121.7439629693, 37.9591153768, 0.0 ], [ -121.7444362997, 37.9528592337, 0.0 ] ] ] } },
{ "type": "Feature", "properties": { "route": "80", "current_peak": 14000, "additional_peak": 16, "increase_percent": 0.1142857142857143, "tags": [ "80" ] }, "geometry": { "type": "MultiLineString", "coordinates": [ [ [ -122.3235190173, 37.9288801675, 0.0 ], [ -122.3269731671, 37.9348743952, 0.0 ] ] ] } },
{ "type": "Feature", "properties": { "route": "35", "current_peak": 2300, "additional_peak": 0, "increase_percent": 0.0, "tags": null }, "geometry": { "type": "MultiLineString", "coordinates": [ [ [ -122.4351660822, 37.6113535019, 0.0 ], [ -122.4448080888, 37.6212730491, 0.0 ] ] ] } },
{ "type": "Feature", "properties": { "route": "380", "current_peak": 10500, "additional_peak": 32, "increase_percent": 0.30476190476190479, "tags": null }, "geometry": { "type": "MultiLineString", "coordinates": [ [ [ -122.4319996065, 37.6281878186, 0.0 ], [ -122.4307781996, 37.6292669319, 0.0 ], [ -122.4252949193, 37.6304511204, 0.0 ] ] ] } },
{ "type": "Feature", "properties": { "route": "61", "current_peak": 1150, "additional_peak": 0, "increase_percent": 0.0, "tags": null }, "geometry": { "type": "MultiLineString", "coordinates": [ [ [ -122.2428632381, 37.7581126852, 0.0 ], [ -122.2407731461, 37.7605743407, 0.0 ], [ -122.2520109738, 37.7659215789, 0.0 ] ] ] } },
{ "type": "Feature", "properties": { "route": "85", "current_peak": 5300, "additional_peak": 83, "increase_percent": 1.5660377358490567, "tags": null }, "geometry": { "type": "MultiLineString", "coordinates": [ [ [ -122.0700342672, 37.4057513137, 0.0 ], [ -122.0707135333, 37.4081231141, 0.0 ], [ -122.073350209, 37.4095864606, 0.0 ] ] ] } },
{ "type": "Feature", "properties": { "route": "680", "current_peak": 13500, "additional_peak": 1616, "increase_percent": 11.97037037037037, "tags": [ "ccc-sf" ] }, "geometry": { "type": "MultiLineString", "coordinates": [ [ [ -122.0681185863, 37.9105190159, 0.0 ], [ -122.0662710229, 37.9152277398, 0.0 ], [ -122.0623149229, 37.920752801, 0.0 ] ] ] } },
{ "type": "Feature", "properties": { "route": "101", "current_peak": 14300, "additional_peak": 409, "increase_percent": 2.86013986013986, "tags": null }, "geometry": { "type": "MultiLineString", "coordinates": [ [ [ -122.4060083758, 37.6428513431, 0.0 ], [ -122.4067568516, 37.6514584703, 0.0 ] ] ] } },
{ "type": "Feature", "properties": { "route": "84", "current_peak": 12300, "additional_peak": 109, "increase_percent": 0.88617886178861782, "tags": null }, "geometry": { "type": "MultiLineString", "coordinates": [ [ [ -121.8767701622, 37.5905511947, 0.0 ], [ -121.8708640996, 37.588878278, 0.0 ] ] ] } },
{ "type": "Feature", "properties": { "route": "80", "current_peak": 1750, "additional_peak": 588, "increase_percent": 33.6, "tags": [ "80" ] }, "geometry": { "type": "MultiLineString", "coordinates": [ [ [ -122.3189010642, 37.9228101509, 0.0 ], [ -122.3195545307, 37.9237928129, 0.0 ] ] ] } },
{ "type": "Feature", "properties": { "route": "1", "current_peak": 1850, "additional_peak": 0, "increase_percent": 0.0, "tags": null }, "geometry": { "type": "MultiLineString", "coordinates": [ [ [ -122.5134707775, 37.5614148464, 0.0 ], [ -122.5126153229, 37.5646246397, 0.0 ], [ -122.5140772538, 37.5680361051, 0.0 ], [ -122.515800483, 37.5701307643, 0.0 ], [ -122.5158988099, 37.571421561, 0.0 ], [ -122.5090032088, 37.5840313069, 0.0 ], [ -122.5043115264, 37.5860134169, 0.0 ], [ -122.5053758746, 37.5883371654, 0.0 ], [ -122.5039088745, 37.5905781661, 0.0 ], [ -122.5057867622, 37.5929489753, 0.0 ], [ -122.5057647616, 37.593942976, 0.0 ], [ -122.5000688381, 37.5994676178, 0.0 ], [ -122.4984088906, 37.601875648, 0.0 ] ] ] } },
{ "type": "Feature", "properties": { "route": "87", "current_peak": 6700, "additional_peak": 0, "increase_percent": 0.0, "tags": null }, "geometry": { "type": "MultiLineString", "coordinates": [ [ [ -121.8941316323, 37.3264265599, 0.0 ], [ -121.8963562419, 37.3300463805, 0.0 ], [ -121.8970286344, 37.332794659, 0.0 ] ] ] } },
{ "type": "Feature", "properties": { "route": "85", "current_peak": 8700, "additional_peak": 0, "increase_percent": 0.0, "tags": null }, "geometry": { "type": "MultiLineString", "coordinates": [ [ [ -122.0597601229, 37.3447217025, 0.0 ], [ -122.0599577205, 37.3503292827, 0.0 ], [ -122.0626831148, 37.3575149351, 0.0 ], [ -122.0629763833, 37.3652157832, 0.0 ] ] ] } },
{ "type": "Feature", "properties": { "route": "580", "current_peak": 11900, "additional_peak": 792, "increase_percent": 6.655462184873949, "tags": null }, "geometry": { "type": "MultiLineString", "coordinates": [ [ [ -122.3179570147, 37.9049770339, 0.0 ], [ -122.3214179355, 37.9091897402, 0.0 ] ] ] } },
{ "type": "Feature", "properties": { "route": "680", "current_peak": 11600, "additional_peak": 68, "increase_percent": 0.5862068965517242, "tags": null }, "geometry": { "type": "MultiLineString", "coordinates": [ [ [ -122.0516562298, 37.8825674688, 0.0 ], [ -122.0553591341, 37.8859409372, 0.0 ], [ -122.0576273928, 37.889185146, 0.0 ], [ -122.0598591603, 37.8906369272, 0.0 ] ] ] } },
{ "type": "Feature", "properties": { "route": "101", "current_peak": 12000, "additional_peak": 3, "increase_percent": 0.025, "tags": null }, "geometry": { "type": "MultiLineString", "coordinates": [ [ [ -121.8637665157, 37.3521552782, 0.0 ], [ -121.8707969119, 37.3581942539, 0.0 ], [ -121.8773809546, 37.3612396295, 0.0 ] ] ] } },
{ "type": "Feature", "properties": { "route": "680", "current_peak": 11000, "additional_peak": 173, "increase_percent": 1.5727272727272728, "tags": null }, "geometry": { "type": "MultiLineString", "coordinates": [ [ [ -121.8779130633, 37.4066875389, 0.0 ], [ -121.8833646717, 37.4248565637, 0.0 ] ] ] } },
{ "type": "Feature", "properties": { "route": "680", "current_peak": 18300, "additional_peak": 1631, "increase_percent": 8.9125683060109289, "tags": [ "ccc-sf" ] }, "geometry": { "type": "MultiLineString", "coordinates": [ [ [ -122.0677962821, 37.9104449598, 0.0 ], [ -122.0661949796, 37.9146754297, 0.0 ], [ -122.0620265826, 37.9206681311, 0.0 ] ] ] } },
{ "type": "Feature", "properties": { "route": "82", "current_peak": 3800, "additional_peak": 0, "increase_percent": 0.0, "tags": null }, "geometry": { "type": "MultiLineString", "coordinates": [ [ [ -122.2219924214, 37.4764697734, 0.0 ], [ -122.2285456895, 37.4812252471, 0.0 ] ] ] } },
{ "type": "Feature", "properties": { "route": "280", "current_peak": 20100, "additional_peak": 3, "increase_percent": 0.014925373134328358, "tags": null }, "geometry": { "type": "MultiLineString", "coordinates": [ [ [ -121.8519295277, 37.3395482465, 0.0 ], [ -121.8545757899, 37.3379335999, 0.0 ] ] ] } },
{ "type": "Feature", "properties": { "route": "680", "current_peak": 14400, "additional_peak": 3, "increase_percent": 0.020833333333333336, "tags": null }, "geometry": { "type": "MultiLineString", "coordinates": [ [ [ -121.8399332964, 37.357491728, 0.0 ], [ -121.8437116861, 37.3638086643, 0.0 ] ] ] } },
{ "type": "Feature", "properties": { "route": "80", "current_peak": 6200, "additional_peak": 3806, "increase_percent": 61.387096774193552, "tags": [ "ccc-sf", "80", "80" ] }, "geometry": { "type": "MultiLineString", "coordinates": [ [ [ -122.4029663764, 37.7771319633, 0.0 ], [ -122.39638833, 37.7820238432, 0.0 ] ] ] } },
{ "type": "Feature", "properties": { "route": "4", "current_peak": 4800, "additional_peak": 18, "increase_percent": 0.375, "tags": null }, "geometry": { "type": "MultiLineString", "coordinates": [ [ [ -122.1536189012, 38.003499203, 0.0 ], [ -122.1472856577, 37.9997225772, 0.0 ], [ -122.1430342378, 37.9921750483, 0.0 ], [ -122.1397218071, 37.9898598126, 0.0 ], [ -122.1356751043, 37.9894714464, 0.0 ], [ -122.1279555415, 37.9909890716, 0.0 ], [ -122.1249068717, 37.9922692614, 0.0 ] ] ] } },
{ "type": "Feature", "properties": { "route": "85", "current_peak": 8600, "additional_peak": 0, "increase_percent": 0.0, "tags": null }, "geometry": { "type": "MultiLineString", "coordinates": [ [ [ -121.7778000699, 37.2410346553, 0.0 ], [ -121.7877617944, 37.2395872163, 0.0 ], [ -121.7938478279, 37.2404242489, 0.0 ] ] ] } },
{ "type": "Feature", "properties": { "route": "880", "current_peak": 14100, "additional_peak": 820, "increase_percent": 5.8156028368794326, "tags": [ "880" ] }, "geometry": { "type": "MultiLineString", "coordinates": [ [ [ -122.0937044022, 37.6443545753, 0.0 ], [ -122.0964930649, 37.6483157669, 0.0 ] ] ] } },
{ "type": "Feature", "properties": { "route": "680", "current_peak": 10600, "additional_peak": 661, "increase_percent": 6.2358490566037732, "tags": null }, "geometry": { "type": "MultiLineString", "coordinates": [ [ [ -121.9328295666, 37.5042182725, 0.0 ], [ -121.9350510721, 37.5068389136, 0.0 ], [ -121.9446220767, 37.5226011614, 0.0 ] ] ] } },
{ "type": "Feature", "properties": { "route": "680", "current_peak": 15800, "additional_peak": 730, "increase_percent": 4.6202531645569627, "tags": null }, "geometry": { "type": "MultiLineString", "coordinates": [ [ [ -121.920834123, 37.6957141436, 0.0 ], [ -121.9229732242, 37.7012050288, 0.0 ] ] ] } },
{ "type": "Feature", "properties": { "route": "87", "current_peak": 7700, "additional_peak": 0, "increase_percent": 0.0, "tags": null }, "geometry": { "type": "MultiLineString", "coordinates": [ [ [ -121.917050162, 37.3617439828, 0.0 ], [ -121.9202465155, 37.3656020669, 0.0 ], [ -121.9258028399, 37.3692120023, 0.0 ], [ -121.9268755827, 37.3706145359, 0.0 ] ] ] } },
{ "type": "Feature", "properties": { "route": "280", "current_peak": 13100, "additional_peak": 0, "increase_percent": 0.0, "tags": null }, "geometry": { "type": "MultiLineString", "coordinates": [ [ [ -121.9853951507, 37.3179829017, 0.0 ], [ -121.9906767946, 37.318414658, 0.0 ], [ -121.9973918605, 37.3216066364, 0.0 ] ] ] } },
{ "type": "Feature", "properties": { "route": "87", "current_peak": 10200, "additional_peak": 0, "increase_percent": 0.0, "tags": null }, "geometry": { "type": "MultiLineString", "coordinates": [ [ [ -121.8938447627, 37.3265466104, 0.0 ], [ -121.8961048501, 37.3300690688, 0.0 ], [ -121.8968202634, 37.3328277418, 0.0 ] ] ] } },
{ "type": "Feature", "properties": { "route": "580", "current_peak": 11800, "additional_peak": 718, "increase_percent": 6.0847457627118642, "tags": null }, "geometry": { "type": "MultiLineString", "coordinates": [ [ [ -122.1508566516, 37.7491688819, 0.0 ], [ -122.1516887447, 37.7511313407, 0.0 ], [ -122.151517745, 37.7529593406, 0.0 ], [ -122.1482987454, 37.7567423407, 0.0 ], [ -122.1477487447, 37.7585673413, 0.0 ], [ -122.148100745, 37.760388341, 0.0 ], [ -122.1500468441, 37.7635141777, 0.0 ] ] ] } },
{ "type": "Feature", "properties": { "route": "237", "current_peak": 10300, "additional_peak": 15, "increase_percent": 0.14563106796116504, "tags": null }, "geometry": { "type": "MultiLineString", "coordinates": [ [ [ -121.9695029793, 37.4189215392, 0.0 ], [ -121.9497161748, 37.419463021, 0.0 ] ] ] } },
{ "type": "Feature", "properties": { "route": "85", "current_peak": 11200, "additional_peak": 0, "increase_percent": 0.0, "tags": null }, "geometry": { "type": "MultiLineString", "coordinates": [ [ [ -121.8923808362, 37.2510985076, 0.0 ], [ -121.9208940851, 37.2506734721, 0.0 ] ] ] } },
{ "type": "Feature", "properties": { "route": "580", "current_peak": 6300, "additional_peak": 696, "increase_percent": 11.047619047619047, "tags": null }, "geometry": { "type": "MultiLineString", "coordinates": [ [ [ -122.3112487846, 37.8967795367, 0.0 ], [ -122.3179570147, 37.9049770339, 0.0 ] ] ] } },
{ "type": "Feature", "properties": { "route": "152", "current_peak": 2550, "additional_peak": 0, "increase_percent": 0.0, "tags": null }, "geometry": { "type": "MultiLineString", "coordinates": [ [ [ -121.5860763085, 37.0134341208, 0.0 ], [ -121.585283107, 37.0134311279, 0.0 ] ], [ [ -121.5735888047, 37.0170320903, 0.0 ], [ -121.5747917751, 37.0194094034, 0.0 ], [ -121.5706317, 37.0208337309, 0.0 ] ] ] } },
{ "type": "Feature", "properties": { "route": "4", "current_peak": 4750, "additional_peak": 16, "increase_percent": 0.33684210526315789, "tags": null }, "geometry": { "type": "MultiLineString", "coordinates": [ [ [ -122.1100703012, 37.9956690157, 0.0 ], [ -122.0986378885, 37.9912089389, 0.0 ], [ -122.0939650693, 37.9907934741, 0.0 ] ] ] } },
{ "type": "Feature", "properties": { "route": "101", "current_peak": 16300, "additional_peak": 87, "increase_percent": 0.53374233128834359, "tags": null }, "geometry": { "type": "MultiLineString", "coordinates": [ [ [ -122.0771560417, 37.4117282796, 0.0 ], [ -122.0825178821, 37.4139944635, 0.0 ], [ -122.0880706906, 37.417928803, 0.0 ] ] ] } },
{ "type": "Feature", "properties": { "route": "880", "current_peak": 11200, "additional_peak": 2811, "increase_percent": 25.098214285714288, "tags": [ "880" ] }, "geometry": { "type": "MultiLineString", "coordinates": [ [ [ -122.2726515416, 37.7975078976, 0.0 ], [ -122.2843380932, 37.8020741822, 0.0 ] ] ] } },
{ "type": "Feature", "properties": { "route": "280", "current_peak": 11400, "additional_peak": 2060, "increase_percent": 18.070175438596493, "tags": null }, "geometry": { "type": "MultiLineString", "coordinates": [ [ [ -122.4186425298, 37.7320354648, 0.0 ], [ -122.4146254721, 37.7323599746, 0.0 ], [ -122.4096956872, 37.7345735588, 0.0 ] ] ] } },
{ "type": "Feature", "properties": { "route": "82", "current_peak": 12400, "additional_peak": 1120, "increase_percent": 9.0322580645161281, "tags": null }, "geometry": { "type": "MultiLineString", "coordinates": [ [ [ -122.4589766645, 37.7083053924, 0.0 ], [ -122.4564520261, 37.7107411059, 0.0 ] ] ] } },
{ "type": "Feature", "properties": { "route": "101", "current_peak": 5700, "additional_peak": 409, "increase_percent": 7.1754385964912277, "tags": null }, "geometry": { "type": "MultiLineString", "coordinates": [ [ [ -122.4034164277, 37.7295573389, 0.0 ], [ -122.4067488009, 37.7353450638, 0.0 ] ] ] } },
{ "type": "Feature", "properties": { "route": "84", "current_peak": 3350, "additional_peak": 261, "increase_percent": 7.7910447761194028, "tags": null }, "geometry": { "type": "MultiLineString", "coordinates": [ [ [ -121.971559897, 37.5766041872, 0.0 ], [ -121.9686796521, 37.5792900991, 0.0 ], [ -121.9649756511, 37.581291099, 0.0 ], [ -121.9643106499, 37.5858001, 0.0 ], [ -121.9600340078, 37.587740699, 0.0 ] ] ] } },
{ "type": "Feature", "properties": { "route": "82", "current_peak": 9900, "additional_peak": 1168, "increase_percent": 11.797979797979798, "tags": null }, "geometry": { "type": "MultiLineString", "coordinates": [ [ [ -122.4589766645, 37.7083053924, 0.0 ], [ -122.4564520261, 37.7107411059, 0.0 ] ] ] } },
{ "type": "Feature", "properties": { "route": "77", "current_peak": 1550, "additional_peak": 2199, "increase_percent": 141.87096774193549, "tags": null }, "geometry": { "type": "MultiLineString", "coordinates": [ [ [ -122.2203957338, 37.7700830091, 0.0 ], [ -122.2162145232, 37.7730098033, 0.0 ] ] ] } },
{ "type": "Feature", "properties": { "route": "880", "current_peak": 6400, "additional_peak": 2670, "increase_percent": 41.71875, "tags": [ "880" ] }, "geometry": { "type": "MultiLineString", "coordinates": [ [ [ -122.2843380932, 37.8020741822, 0.0 ], [ -122.2859060592, 37.8024903829, 0.0 ] ] ] } },
{ "type": "Feature", "properties": { "route": "35", "current_peak": 570, "additional_peak": 0, "increase_percent": 0.0, "tags": null }, "geometry": { "type": "MultiLineString", "coordinates": [ [ [ -122.4260353482, 37.6013286102, 0.0 ], [ -122.4340196164, 37.6100872749, 0.0 ] ] ] } },
{ "type": "Feature", "properties": { "route": "380", "current_peak": 11800, "additional_peak": 405, "increase_percent": 3.4322033898305087, "tags": null }, "geometry": { "type": "MultiLineString", "coordinates": [ [ [ -122.4190870148, 37.6328358565, 0.0 ], [ -122.4152741976, 37.6341089321, 0.0 ], [ -122.411250512, 37.6339667896, 0.0 ] ] ] } },
{ "type": "Feature", "properties": { "route": "84", "current_peak": 800, "additional_peak": 0, "increase_percent": 0.0, "tags": null }, "geometry": { "type": "MultiLineString", "coordinates": [ [ [ -122.264327737, 37.3520499814, 0.0 ], [ -122.2643411132, 37.3542207173, 0.0 ], [ -122.2663663246, 37.3568707718, 0.0 ], [ -122.2639678273, 37.3594762801, 0.0 ], [ -122.2617954773, 37.3593888711, 0.0 ], [ -122.260771476, 37.3598988712, 0.0 ], [ -122.2604254773, 37.3608908706, 0.0 ], [ -122.2611350439, 37.3622070868, 0.0 ], [ -122.2602515832, 37.3630899002, 0.0 ], [ -122.2625175458, 37.364362504, 0.0 ], [ -122.2630940405, 37.3655722432, 0.0 ], [ -122.2616078776, 37.3675609095, 0.0 ], [ -122.2636068141, 37.3684256258, 0.0 ], [ -122.2640607374, 37.370310555, 0.0 ], [ -122.2627937086, 37.3718534354, 0.0 ], [ -122.2643846591, 37.37232009, 0.0 ], [ -122.2642647349, 37.3734298703, 0.0 ], [ -122.2654478044, 37.3751050098, 0.0 ], [ -122.2643694335, 37.3821463121, 0.0 ], [ -122.265777593, 37.3841900476, 0.0 ] ], [ [ -122.2636647097, 37.3862372187, 0.0 ], [ -122.2613708571, 37.3851112744, 0.0 ], [ -122.2613464804, 37.386137693, 0.0 ], [ -122.2624890872, 37.386704179, 0.0 ], [ -122.2623266679, 37.3875336175, 0.0 ] ] ] } },
{ "type": "Feature", "properties": { "route": "92", "current_peak": 15600, "additional_peak": 835, "increase_percent": 5.3525641025641022, "tags": null }, "geometry": { "type": "MultiLineString", "coordinates": [ [ [ -122.0939314308, 37.6444331773, 0.0 ], [ -122.09249265, 37.6470278907, 0.0 ] ] ] } },
{ "type": "Feature", "properties": { "route": "92", "current_peak": 14100, "additional_peak": 820, "increase_percent": 5.8156028368794326, "tags": null }, "geometry": { "type": "MultiLineString", "coordinates": [ [ [ -122.0941052934, 37.6444933721, 0.0 ], [ -122.0926645073, 37.6470832181, 0.0 ] ] ] } },
{ "type": "Feature", "properties": { "route": "4", "current_peak": 6100, "additional_peak": 891, "increase_percent": 14.606557377049182, "tags": null }, "geometry": { "type": "MultiLineString", "coordinates": [ [ [ -122.0447093945, 38.0032259645, 0.0 ], [ -122.0389608449, 38.0047587057, 0.0 ], [ -122.0300331397, 38.0086794271, 0.0 ] ] ] } },
{ "type": "Feature", "properties": { "route": "101", "current_peak": 4900, "additional_peak": 0, "increase_percent": 0.0, "tags": null }, "geometry": { "type": "MultiLineString", "coordinates": [ [ [ -121.5480371385, 36.9174432438, 0.0 ], [ -121.5475928292, 36.9279183841, 0.0 ], [ -121.5517507417, 36.9337827224, 0.0 ], [ -121.55263714, 36.9363667424, 0.0 ], [ -121.5530018012, 36.9487761256, 0.0 ], [ -121.5511717461, 36.9611937147, 0.0 ], [ -121.5548276534, 36.9739744582, 0.0 ] ] ] } },
{ "type": "Feature", "properties": { "route": "980", "current_peak": 7400, "additional_peak": 1263, "increase_percent": 17.067567567567568, "tags": null }, "geometry": { "type": "MultiLineString", "coordinates": [ [ [ -122.2771995982, 37.8082835278, 0.0 ], [ -122.2719491978, 37.8141629593, 0.0 ], [ -122.2708667789, 37.8164538804, 0.0 ] ] ] } },
{ "type": "Feature", "properties": { "route": "82", "current_peak": 2950, "additional_peak": 519, "increase_percent": 17.593220338983052, "tags": null }, "geometry": { "type": "MultiLineString", "coordinates": [ [ [ -122.4634808819, 37.6823768979, 0.0 ], [ -122.4661832052, 37.6887804326, 0.0 ], [ -122.4645866435, 37.6968026741, 0.0 ] ] ] } },
{ "type": "Feature", "properties": { "route": "880", "current_peak": 3800, "additional_peak": 842, "increase_percent": 22.157894736842103, "tags": [ "880" ] }, "geometry": { "type": "MultiLineString", "coordinates": [ [ [ -122.0888942037, 37.638028957, 0.0 ], [ -122.0932158433, 37.6441854258, 0.0 ] ] ] } },
{ "type": "Feature", "properties": { "route": "880", "current_peak": 12000, "additional_peak": 713, "increase_percent": 5.9416666666666664, "tags": [ "880" ] }, "geometry": { "type": "MultiLineString", "coordinates": [ [ [ -122.0144766916, 37.5367560041, 0.0 ], [ -122.0169035899, 37.5390371602, 0.0 ], [ -122.022702274, 37.5467474519, 0.0 ] ] ] } },
{ "type": "Feature", "properties": { "route": "4", "current_peak": 6100, "additional_peak": 18, "increase_percent": 0.29508196721311475, "tags": null }, "geometry": { "type": "MultiLineString", "coordinates": [ [ [ -122.0615921895, 37.9976578595, 0.0 ], [ -122.0563857495, 38.0000722742, 0.0 ], [ -122.0446040259, 38.0030010675, 0.0 ] ] ] } },
{ "type": "Feature", "properties": { "route": "82", "current_peak": 2500, "additional_peak": 53, "increase_percent": 2.12, "tags": null }, "geometry": { "type": "MultiLineString", "coordinates": [ [ [ -122.3266751203, 37.5637412922, 0.0 ], [ -122.3294141777, 37.566584933, 0.0 ], [ -122.3349084072, 37.5697051946, 0.0 ] ] ] } },
{ "type": "Feature", "properties": { "route": "24", "current_peak": 13200, "additional_peak": 2419, "increase_percent": 18.325757575757574, "tags": [ "ccc-sf", "24", "24" ] }, "geometry": { "type": "MultiLineString", "coordinates": [ [ [ -122.2238649818, 37.8497961789, 0.0 ], [ -122.2221001951, 37.853090965, 0.0 ], [ -122.2204538779, 37.8542855214, 0.0 ] ] ] } },
{ "type": "Feature", "properties": { "route": "580", "current_peak": 12500, "additional_peak": 718, "increase_percent": 5.744, "tags": null }, "geometry": { "type": "MultiLineString", "coordinates": [ [ [ -122.1757397013, 37.782446961, 0.0 ], [ -122.1791877539, 37.7839843411, 0.0 ], [ -122.1858080598, 37.7842262059, 0.0 ] ] ] } },
{ "type": "Feature", "properties": { "route": "880", "current_peak": 3350, "additional_peak": 713, "increase_percent": 21.28358208955224, "tags": [ "880" ] }, "geometry": { "type": "MultiLineString", "coordinates": [ [ [ -122.022702274, 37.5467474519, 0.0 ], [ -122.0297965944, 37.5556494013, 0.0 ] ] ] } },
{ "type": "Feature", "properties": { "route": "92", "current_peak": 1800, "additional_peak": 0, "increase_percent": 0.0, "tags": null }, "geometry": { "type": "MultiLineString", "coordinates": [ [ [ -122.3392920508, 37.5071099169, 0.0 ], [ -122.3359121727, 37.5080887336, 0.0 ], [ -122.3340138961, 37.509445145, 0.0 ] ] ] } },
{ "type": "Feature", "properties": { "route": "35", "current_peak": 3800, "additional_peak": 0, "increase_percent": 0.0, "tags": null }, "geometry": { "type": "MultiLineString", "coordinates": [ [ [ -122.4769590243, 37.6620664937, 0.0 ], [ -122.4812774541, 37.6659127691, 0.0 ], [ -122.4852844256, 37.6684907931, 0.0 ] ] ] } },
{ "type": "Feature", "properties": { "route": "101", "current_peak": 11800, "additional_peak": 87, "increase_percent": 0.73728813559322037, "tags": null }, "geometry": { "type": "MultiLineString", "coordinates": [ [ [ -122.0433328672, 37.4024508087, 0.0 ], [ -122.0586112678, 37.406072997, 0.0 ] ] ] } },
{ "type": "Feature", "properties": { "route": "82", "current_peak": 2400, "additional_peak": 101, "increase_percent": 4.208333333333333, "tags": null }, "geometry": { "type": "MultiLineString", "coordinates": [ [ [ -122.2522992869, 37.5004394968, 0.0 ], [ -122.2611392998, 37.507871411, 0.0 ] ] ] } },
{ "type": "Feature", "properties": { "route": "880", "current_peak": 3350, "additional_peak": 2545, "increase_percent": 75.97014925373135, "tags": [ "880" ] }, "geometry": { "type": "MultiLineString", "coordinates": [ [ [ -122.3044143143, 37.8110301504, 0.0 ], [ -122.3025812513, 37.8133539932, 0.0 ], [ -122.2959089463, 37.818687806, 0.0 ] ] ] } },
{ "type": "Feature", "properties": { "route": "82", "current_peak": 2750, "additional_peak": 266, "increase_percent": 9.6727272727272737, "tags": null }, "geometry": { "type": "MultiLineString", "coordinates": [ [ [ -122.4425917001, 37.661175846, 0.0 ], [ -122.444639561, 37.6630536518, 0.0 ], [ -122.4484409519, 37.6640672224, 0.0 ], [ -122.4512787542, 37.6663308484, 0.0 ], [ -122.4513322075, 37.6684359327, 0.0 ], [ -122.4526141197, 37.6698447192, 0.0 ] ] ] } },
{ "type": "Feature", "properties": { "route": "80", "current_peak": 12400, "additional_peak": 16, "increase_percent": 0.12903225806451613, "tags": [ "80" ] }, "geometry": { "type": "MultiLineString", "coordinates": [ [ [ -122.3249646136, 37.9460771364, 0.0 ], [ -122.3279523171, 37.9523646452, 0.0 ] ] ] } },
{ "type": "Feature", "properties": { "route": "980", "current_peak": 7400, "additional_peak": 2759, "increase_percent": 37.28378378378379, "tags": null }, "geometry": { "type": "MultiLineString", "coordinates": [ [ [ -122.2799952941, 37.8026277011, 0.0 ], [ -122.2769478374, 37.8081775988, 0.0 ] ] ] } },
{ "type": "Feature", "properties": { "route": "280", "current_peak": 13400, "additional_peak": 1671, "increase_percent": 12.470149253731343, "tags": null }, "geometry": { "type": "MultiLineString", "coordinates": [ [ [ -122.449484924, 37.7156639969, 0.0 ], [ -122.4485803857, 37.7173217788, 0.0 ], [ -122.4473430669, 37.7239699929, 0.0 ], [ -122.4456822005, 37.7264398731, 0.0 ], [ -122.4430106085, 37.7284719184, 0.0 ] ] ] } },
{ "type": "Feature", "properties": { "route": "280", "current_peak": 12500, "additional_peak": 38, "increase_percent": 0.304, "tags": null }, "geometry": { "type": "MultiLineString", "coordinates": [ [ [ -122.4387418444, 37.6347363287, 0.0 ], [ -122.4403178857, 37.6378251004, 0.0 ], [ -122.4449352669, 37.6427658818, 0.0 ] ] ] } },
{ "type": "Feature", "properties": { "route": "101", "current_peak": 11800, "additional_peak": 75, "increase_percent": 0.63559322033898313, "tags": null }, "geometry": { "type": "MultiLineString", "coordinates": [ [ [ -121.9863496427, 37.3885035772, 0.0 ], [ -122.0042444874, 37.393692579, 0.0 ] ] ] } },
{ "type": "Feature", "properties": { "route": "101", "current_peak": 4950, "additional_peak": 0, "increase_percent": 0.0, "tags": null }, "geometry": { "type": "MultiLineString", "coordinates": [ [ [ -122.4655417022, 37.8022857993, 0.0 ], [ -122.4695616396, 37.8031919973, 0.0 ], [ -122.4733941266, 37.8051895834, 0.0 ] ] ] } },
{ "type": "Feature", "properties": { "route": "101", "current_peak": 13400, "additional_peak": 121, "increase_percent": 0.90298507462686572, "tags": null }, "geometry": { "type": "MultiLineString", "coordinates": [ [ [ -122.2960918985, 37.5531425976, 0.0 ], [ -122.3005891644, 37.5579849794, 0.0 ] ] ] } },
{ "type": "Feature", "properties": { "route": "82", "current_peak": 3400, "additional_peak": 254, "increase_percent": 7.4705882352941178, "tags": null }, "geometry": { "type": "MultiLineString", "coordinates": [ [ [ -122.4526141197, 37.6698447192, 0.0 ], [ -122.454373427, 37.673399467, 0.0 ], [ -122.4610426073, 37.6794880994, 0.0 ] ] ] } },
{ "type": "Feature", "properties": { "route": "82", "current_peak": 2500, "additional_peak": 51, "increase_percent": 2.04, "tags": null }, "geometry": { "type": "MultiLineString", "coordinates": [ [ [ -122.3267815778, 37.5636768498, 0.0 ], [ -122.3294141777, 37.566584933, 0.0 ], [ -122.3349084072, 37.5697051946, 0.0 ] ] ] } },
{ "type": "Feature", "properties": { "route": "101", "current_peak": 14400, "additional_peak": 87, "increase_percent": 0.60416666666666663, "tags": null }, "geometry": { "type": "MultiLineString", "coordinates": [ [ [ -122.0880706906, 37.417928803, 0.0 ], [ -122.0971515676, 37.4245454532, 0.0 ] ] ] } },
{ "type": "Feature", "properties": { "route": "35", "current_peak": 5800, "additional_peak": 0, "increase_percent": 0.0, "tags": null }, "geometry": { "type": "MultiLineString", "coordinates": [ [ [ -122.4769174987, 37.6621674342, 0.0 ], [ -122.4812425537, 37.6662259837, 0.0 ], [ -122.484585275, 37.6682776159, 0.0 ] ] ] } },
{ "type": "Feature", "properties": { "route": "101", "current_peak": 13400, "additional_peak": 101, "increase_percent": 0.75373134328358204, "tags": null }, "geometry": { "type": "MultiLineString", "coordinates": [ [ [ -122.1967772267, 37.4863368325, 0.0 ], [ -122.2116739607, 37.4885391264, 0.0 ], [ -122.2228437223, 37.4929792216, 0.0 ] ] ] } },
{ "type": "Feature", "properties": { "route": "238", "current_peak": 1750, "additional_peak": 263, "increase_percent": 15.028571428571427, "tags": null }, "geometry": { "type": "MultiLineString", "coordinates": [ [ [ -121.9697412499, 37.5746994357, 0.0 ], [ -121.9730348211, 37.577550682, 0.0 ], [ -121.9770047101, 37.5788159385, 0.0 ] ] ] } },
{ "type": "Feature", "properties": { "route": "84", "current_peak": 3300, "additional_peak": 0, "increase_percent": 0.0, "tags": null }, "geometry": { "type": "MultiLineString", "coordinates": [ [ [ -122.2238238264, 37.4680129854, 0.0 ], [ -122.2217547298, 37.4764633884, 0.0 ] ] ] } },
{ "type": "Feature", "properties": { "route": "4", "current_peak": 5800, "additional_peak": 16, "increase_percent": 0.27586206896551724, "tags": null }, "geometry": { "type": "MultiLineString", "coordinates": [ [ [ -122.061725407, 37.9978713367, 0.0 ], [ -122.0569659075, 38.0001219434, 0.0 ], [ -122.0447093945, 38.0032259645, 0.0 ] ] ] } },
{ "type": "Feature", "properties": { "route": "24", "current_peak": 13700, "additional_peak": 2419, "increase_percent": 17.656934306569344, "tags": [ "ccc-sf", "24", "24" ] }, "geometry": { "type": "MultiLineString", "coordinates": [ [ [ -122.2058552795, 37.866472409, 0.0 ], [ -122.1964374367, 37.8678903398, 0.0 ], [ -122.1901401899, 37.8723441669, 0.0 ] ] ] } },
{ "type": "Feature", "properties": { "route": "35", "current_peak": 430, "additional_peak": 0, "increase_percent": 0.0, "tags": null }, "geometry": { "type": "MultiLineString", "coordinates": [ [ [ -122.1525805908, 37.2876127654, 0.0 ], [ -122.152686307, 37.2882022161, 0.0 ] ], [ [ -122.1007390858, 37.2336667764, 0.0 ], [ -122.1033110773, 37.2339977345, 0.0 ], [ -122.1047647266, 37.2348366291, 0.0 ], [ -122.1050188933, 37.2399097182, 0.0 ], [ -122.1101985001, 37.2454676796, 0.0 ], [ -122.1129991265, 37.2495841465, 0.0 ], [ -122.1171301569, 37.2533012322, 0.0 ], [ -122.118269324, 37.2560197665, 0.0 ], [ -122.123635007, 37.2596506841, 0.0 ], [ -122.1282604755, 37.2591406541, 0.0 ], [ -122.1308477529, 37.2604068967, 0.0 ], [ -122.1343242609, 37.2629074298, 0.0 ], [ -122.1358693209, 37.2656954772, 0.0 ], [ -122.1401504823, 37.2689080407, 0.0 ], [ -122.143998697, 37.2701174407, 0.0 ], [ -122.1477585785, 37.2747180749, 0.0 ], [ -122.1503876518, 37.2754867307, 0.0 ], [ -122.1507017415, 37.2762329299, 0.0 ], [ -122.1494523358, 37.2774947829, 0.0 ], [ -122.1496490705, 37.278850337, 0.0 ], [ -122.1487344031, 37.2808210079, 0.0 ], [ -122.1494303945, 37.2820880704, 0.0 ], [ -122.151767668, 37.2837696004, 0.0 ], [ -122.152428944, 37.2866551097, 0.0 ] ] ] } },
{ "type": "Feature", "properties": { "route": "260", "current_peak": 11200, "additional_peak": 2811, "increase_percent": 25.098214285714288, "tags": [ "tunnels" ] }, "geometry": { "type": "MultiLineString", "coordinates": [ [ [ -122.2754567384, 37.7932216474, 0.0 ], [ -122.2726403767, 37.7975256335, 0.0 ] ] ] } },
{ "type": "Feature", "properties": { "route": "880", "current_peak": 4000, "additional_peak": 714, "increase_percent": 17.85, "tags": [ "880" ] }, "geometry": { "type": "MultiLineString", "coordinates": [ [ [ -122.0230258337, 37.5466251182, 0.0 ], [ -122.0300571472, 37.5554972936, 0.0 ] ] ] } },
{ "type": "Feature", "properties": { "route": "242", "current_peak": 7500, "additional_peak": 1225, "increase_percent": 16.333333333333332, "tags": null }, "geometry": { "type": "MultiLineString", "coordinates": [ [ [ -122.0492479623, 37.9655789028, 0.0 ], [ -122.0455187487, 37.9747741711, 0.0 ] ] ] } },
{ "type": "Feature", "properties": { "route": "580", "current_peak": 10000, "additional_peak": 505, "increase_percent": 5.05, "tags": null }, "geometry": { "type": "MultiLineString", "coordinates": [ [ [ -121.914874444, 37.7020167846, 0.0 ], [ -121.9228696096, 37.7010913068, 0.0 ] ] ] } },
{ "type": "Feature", "properties": { "route": "880", "current_peak": 11000, "additional_peak": 2224, "increase_percent": 20.218181818181819, "tags": [ "880" ] }, "geometry": { "type": "MultiLineString", "coordinates": [ [ [ -122.2679784169, 37.7956982395, 0.0 ], [ -122.2726515416, 37.7975078976, 0.0 ] ] ] } },
{ "type": "Feature", "properties": { "route": "101", "current_peak": 13800, "additional_peak": 2997, "increase_percent": 21.717391304347828, "tags": null }, "geometry": { "type": "MultiLineString", "coordinates": [ [ [ -122.4071376088, 37.7419938393, 0.0 ], [ -122.4050669689, 37.7448894677, 0.0 ], [ -122.4030889703, 37.7510174682, 0.0 ], [ -122.4031185518, 37.7562052192, 0.0 ] ] ] } },
{ "type": "Feature", "properties": { "route": "580", "current_peak": 12000, "additional_peak": 0, "increase_percent": 0.0, "tags": null }, "geometry": { "type": "MultiLineString", "coordinates": [ [ [ -121.6805711938, 37.7219922408, 0.0 ], [ -121.7033836721, 37.7175753716, 0.0 ], [ -121.7122701581, 37.7140389528, 0.0 ] ] ] } },
{ "type": "Feature", "properties": { "route": "35", "current_peak": 2450, "additional_peak": 0, "increase_percent": 0.0, "tags": null }, "geometry": { "type": "MultiLineString", "coordinates": [ [ [ -122.3428941442, 37.4601349083, 0.0 ], [ -122.3459852928, 37.4615246793, 0.0 ], [ -122.3460041772, 37.4641974011, 0.0 ], [ -122.3497983259, 37.468835206, 0.0 ], [ -122.3545093185, 37.4700004316, 0.0 ], [ -122.3565884181, 37.4723055061, 0.0 ], [ -122.3597562658, 37.4796285189, 0.0 ], [ -122.3588417548, 37.4841024343, 0.0 ], [ -122.3603299713, 37.4852246861, 0.0 ], [ -122.3622249719, 37.4842996864, 0.0 ], [ -122.3629789719, 37.4845176848, 0.0 ], [ -122.3639003227, 37.4881914326, 0.0 ], [ -122.3630835996, 37.4895844411, 0.0 ], [ -122.366265559, 37.4900798563, 0.0 ], [ -122.3663365151, 37.4907936832, 0.0 ], [ -122.3647749727, 37.4912166863, 0.0 ], [ -122.3645549735, 37.4919856862, 0.0 ], [ -122.3668895692, 37.4932461053, 0.0 ], [ -122.3689503889, 37.4955507578, 0.0 ] ] ] } },
{ "type": "Feature", "properties": { "route": "280", "current_peak": 8100, "additional_peak": 693, "increase_percent": 8.5555555555555554, "tags": null }, "geometry": { "type": "MultiLineString", "coordinates": [ [ [ -122.4714831598, 37.7055162405, 0.0 ], [ -122.4699340824, 37.7072834017, 0.0 ] ] ] } },
{ "type": "Feature", "properties": { "route": "880", "current_peak": 15300, "additional_peak": 7300, "increase_percent": 47.712418300653596, "tags": [ "", "bay-bridge", "880", "880", "880" ] }, "geometry": { "type": "MultiLineString", "coordinates": [ [ [ -122.3014344413, 37.8230732502, 0.0 ], [ -122.3061435502, 37.8245861109, 0.0 ], [ -122.3179393794, 37.8231108775, 0.0 ] ] ] } },
{ "type": "Feature", "properties": { "route": "680", "current_peak": 13900, "additional_peak": 3, "increase_percent": 0.021582733812949641, "tags": null }, "geometry": { "type": "MultiLineString", "coordinates": [ [ [ -121.8397036447, 37.3575781713, 0.0 ], [ -121.8434794449, 37.3638990128, 0.0 ] ] ] } },
{ "type": "Feature", "properties": { "route": "84", "current_peak": 2850, "additional_peak": 0, "increase_percent": 0.0, "tags": null }, "geometry": { "type": "MultiLineString", "coordinates": [ [ [ -122.2364730108, 37.4415372672, 0.0 ], [ -122.2314780425, 37.4489889577, 0.0 ], [ -122.2290441758, 37.4542389726, 0.0 ] ] ] } },
{ "type": "Feature", "properties": { "route": "82", "current_peak": 2500, "additional_peak": 104, "increase_percent": 4.16, "tags": null }, "geometry": { "type": "MultiLineString", "coordinates": [ [ [ -122.2393365724, 37.4901615395, 0.0 ], [ -122.2521602177, 37.5005420774, 0.0 ] ] ] } },
{ "type": "Feature", "properties": { "route": "880", "current_peak": 13200, "additional_peak": 813, "increase_percent": 6.1590909090909092, "tags": [ "880" ] }, "geometry": { "type": "MultiLineString", "coordinates": [ [ [ -122.0794943237, 37.6244810721, 0.0 ], [ -122.0890979679, 37.6379293037, 0.0 ] ] ] } },
{ "type": "Feature", "properties": { "route": "1", "current_peak": 1000, "additional_peak": 0, "increase_percent": 0.0, "tags": null }, "geometry": { "type": "MultiLineString", "coordinates": [ [ [ -122.4043744216, 37.3723811517, 0.0 ], [ -122.4037779835, 37.3745389452, 0.0 ], [ -122.4044061619, 37.3818058208, 0.0 ], [ -122.4057624563, 37.3873880364, 0.0 ], [ -122.417950057, 37.3990331183, 0.0 ], [ -122.4212441027, 37.4076248081, 0.0 ] ], [ [ -122.4059467512, 37.2921258831, 0.0 ], [ -122.4064144176, 37.2944224873, 0.0 ], [ -122.4046848265, 37.2989071484, 0.0 ], [ -122.4045631973, 37.3073286853, 0.0 ], [ -122.4028832992, 37.3184502878, 0.0 ], [ -122.4010273206, 37.3227904243, 0.0 ], [ -122.3974058299, 37.3281161517, 0.0 ], [ -122.3958299154, 37.3290065604, 0.0 ], [ -122.3940878075, 37.3289684864, 0.0 ] ] ] } },
{ "type": "Feature", "properties": { "route": "680", "current_peak": 12700, "additional_peak": 68, "increase_percent": 0.53543307086614167, "tags": null }, "geometry": { "type": "MultiLineString", "coordinates": [ [ [ -121.9838493106, 37.794345554, 0.0 ], [ -121.9881401508, 37.8007050237, 0.0 ], [ -121.9921433176, 37.8098700196, 0.0 ], [ -121.9931449033, 37.8129876654, 0.0 ], [ -121.993179191, 37.8170584245, 0.0 ] ] ] } },
{ "type": "Feature", "properties": { "route": "13", "current_peak": 5700, "additional_peak": 91, "increase_percent": 1.5964912280701755, "tags": null }, "geometry": { "type": "MultiLineString", "coordinates": [ [ [ -122.181412157, 37.7885704653, 0.0 ], [ -122.1811817318, 37.7922344791, 0.0 ], [ -122.1836486918, 37.7962544858, 0.0 ] ] ] } },
{ "type": "Feature", "properties": { "route": "280", "current_peak": 1300, "additional_peak": 1120, "increase_percent": 86.15384615384616, "tags": null }, "geometry": { "type": "MultiLineString", "coordinates": [ [ [ -122.4647515944, 37.7103034567, 0.0 ], [ -122.4622232301, 37.7103975107, 0.0 ] ] ] } },
{ "type": "Feature", "properties": { "route": "880", "current_peak": 12300, "additional_peak": 2179, "increase_percent": 17.715447154471544, "tags": [ "880" ] }, "geometry": { "type": "MultiLineString", "coordinates": [ [ [ -122.2512954336, 37.7886370585, 0.0 ], [ -122.25870019, 37.7901571081, 0.0 ], [ -122.2621406746, 37.7921765733, 0.0 ] ] ] } },
{ "type": "Feature", "properties": { "route": "680", "current_peak": 12000, "additional_peak": 67, "increase_percent": 0.55833333333333335, "tags": null }, "geometry": { "type": "MultiLineString", "coordinates": [ [ [ -121.9312415966, 37.7123607405, 0.0 ], [ -121.9495973514, 37.7354305885, 0.0 ], [ -121.9709421844, 37.7683857233, 0.0 ] ] ] } },
{ "type": "Feature", "properties": { "route": "580", "current_peak": 10100, "additional_peak": 646, "increase_percent": 6.3960396039603964, "tags": null }, "geometry": { "type": "MultiLineString", "coordinates": [ [ [ -122.1858080598, 37.7842262059, 0.0 ], [ -122.1905007539, 37.7847993405, 0.0 ], [ -122.1943894526, 37.7861422896, 0.0 ] ] ] } },
{ "type": "Feature", "properties": { "route": "580", "current_peak": 14400, "additional_peak": 0, "increase_percent": 0.0, "tags": null }, "geometry": { "type": "MultiLineString", "coordinates": [ [ [ -121.8607695596, 37.7014732229, 0.0 ], [ -121.8800529101, 37.7016731835, 0.0 ] ] ] } },
{ "type": "Feature", "properties": { "route": "80", "current_peak": 12100, "additional_peak": 475, "increase_percent": 3.9256198347107438, "tags": [ "80" ] }, "geometry": { "type": "MultiLineString", "coordinates": [ [ [ -122.3173475923, 37.9155741429, 0.0 ], [ -122.3173522163, 37.9194319638, 0.0 ], [ -122.3189010642, 37.9228101509, 0.0 ] ] ] } },
{ "type": "Feature", "properties": { "route": "80", "current_peak": 16200, "additional_peak": 684, "increase_percent": 4.2222222222222223, "tags": [ "80" ] }, "geometry": { "type": "MultiLineString", "coordinates": [ [ [ -122.3055930487, 37.8721683339, 0.0 ], [ -122.3084592134, 37.8825784463, 0.0 ] ] ] } },
{ "type": "Feature", "properties": { "route": "87", "current_peak": 12200, "additional_peak": 0, "increase_percent": 0.0, "tags": null }, "geometry": { "type": "MultiLineString", "coordinates": [ [ [ -121.858840057, 37.2555095661, 0.0 ], [ -121.8587769001, 37.2651851977, 0.0 ] ] ] } },
{ "type": "Feature", "properties": { "route": "580", "current_peak": 13600, "additional_peak": 4363, "increase_percent": 32.080882352941174, "tags": [ "ccc-sf" ] }, "geometry": { "type": "MultiLineString", "coordinates": [ [ [ -122.2602750221, 37.8223036909, 0.0 ], [ -122.2755496625, 37.8259130463, 0.0 ] ] ] } },
{ "type": "Feature", "properties": { "route": "24", "current_peak": 12600, "additional_peak": 2450, "increase_percent": 19.444444444444446, "tags": [ "ccc-sf", "24", "24" ] }, "geometry": { "type": "MultiLineString", "coordinates": [ [ [ -122.2366647, 37.8494289223, 0.0 ], [ -122.2347014996, 37.8488493235, 0.0 ], [ -122.2282569141, 37.8488685868, 0.0 ] ] ] } },
{ "type": "Feature", "properties": { "route": "880", "current_peak": 1150, "additional_peak": 2259, "increase_percent": 196.43478260869566, "tags": [ "880" ] }, "geometry": { "type": "MultiLineString", "coordinates": [ [ [ -122.2216119176, 37.7703796577, 0.0 ], [ -122.2257282034, 37.7725202621, 0.0 ] ] ] } },
{ "type": "Feature", "properties": { "route": "101", "current_peak": 14300, "additional_peak": 79, "increase_percent": 0.5524475524475525, "tags": null }, "geometry": { "type": "MultiLineString", "coordinates": [ [ [ -122.3456910111, 37.5869356102, 0.0 ], [ -122.3535239951, 37.5871601229, 0.0 ], [ -122.3576609957, 37.5880561236, 0.0 ], [ -122.3708454686, 37.5961962375, 0.0 ] ] ] } },
{ "type": "Feature", "properties": { "route": "880", "current_peak": 20300, "additional_peak": 820, "increase_percent": 4.0394088669950738, "tags": [ "880" ] }, "geometry": { "type": "MultiLineString", "coordinates": [ [ [ -122.1173918099, 37.6764707569, 0.0 ], [ -122.1333972941, 37.687424536, 0.0 ] ] ] } },
{ "type": "Feature", "properties": { "route": "13", "current_peak": 6800, "additional_peak": 84, "increase_percent": 1.2352941176470587, "tags": null }, "geometry": { "type": "MultiLineString", "coordinates": [ [ [ -122.2026000664, 37.8160612865, 0.0 ], [ -122.2116371053, 37.827150553, 0.0 ] ] ] } },
{ "type": "Feature", "properties": { "route": "1", "current_peak": 3800, "additional_peak": 0, "increase_percent": 0.0, "tags": null }, "geometry": { "type": "MultiLineString", "coordinates": [ [ [ -122.4907207405, 37.649458411, 0.0 ], [ -122.4900913347, 37.6525963109, 0.0 ], [ -122.4912051504, 37.6556523759, 0.0 ], [ -122.4909757791, 37.6569099866, 0.0 ], [ -122.4894848578, 37.657922201, 0.0 ], [ -122.4852850506, 37.6580056633, 0.0 ], [ -122.4837020937, 37.6599001155, 0.0 ] ] ] } },
{ "type": "Feature", "properties": { "route": "880", "current_peak": 10100, "additional_peak": 0, "increase_percent": 0.0, "tags": [ "880" ] }, "geometry": { "type": "MultiLineString", "coordinates": [ [ [ -121.9223005395, 37.346000122, 0.0 ], [ -121.9124139805, 37.3533004574, 0.0 ] ] ] } },
{ "type": "Feature", "properties": { "route": "9", "current_peak": 430, "additional_peak": 0, "increase_percent": 0.0, "tags": null }, "geometry": { "type": "MultiLineString", "coordinates": [ [ [ -122.1551532069, 37.2152131282, 0.0 ], [ -122.1526750697, 37.2162392596, 0.0 ] ], [ [ -122.1526852735, 37.2471891654, 0.0 ], [ -122.1542137895, 37.2486577837, 0.0 ], [ -122.1536022272, 37.2490865663, 0.0 ], [ -122.1526589728, 37.2488274295, 0.0 ] ], [ [ -122.1526738936, 37.2197870519, 0.0 ], [ -122.1536782921, 37.2208449277, 0.0 ], [ -122.1538260694, 37.2223898281, 0.0 ], [ -122.1520145377, 37.2252446805, 0.0 ] ], [ [ -122.1522655799, 37.2409736747, 0.0 ], [ -122.1539598744, 37.2415035592, 0.0 ], [ -122.1544833542, 37.242997861, 0.0 ], [ -122.1526098828, 37.2444072271, 0.0 ] ], [ [ -122.1223136719, 37.2583567004, 0.0 ], [ -122.1210175157, 37.2585269772, 0.0 ], [ -122.1203523644, 37.2576089604, 0.0 ], [ -122.1165337708, 37.2562040156, 0.0 ], [ -122.1156498537, 37.256699092, 0.0 ], [ -122.1153206687, 37.2581117037, 0.0 ], [ -122.1124919332, 37.2595219102, 0.0 ], [ -122.1127330635, 37.2603944671, 0.0 ], [ -122.1094550769, 37.2606631322, 0.0 ], [ -122.1096120961, 37.2586009025, 0.0 ], [ -122.1108478123, 37.2576978334, 0.0 ], [ -122.1097071091, 37.2569789235, 0.0 ], [ -122.1093235509, 37.2558684029, 0.0 ], [ -122.1063731089, 37.2587049234, 0.0 ], [ -122.1033602116, 37.2598914524, 0.0 ], [ -122.0991443596, 37.2595162204, 0.0 ], [ -122.0992922088, 37.2601981104, 0.0 ], [ -122.1026289991, 37.2614296143, 0.0 ], [ -122.102270017, 37.2621221361, 0.0 ], [ -122.1009741254, 37.2611212247, 0.0 ], [ -122.0999978309, 37.2613629536, 0.0 ], [ -122.0973270561, 37.2605609866, 0.0 ], [ -122.096002704, 37.259759019, 0.0 ], [ -122.0956716164, 37.2582360142, 0.0 ], [ -122.0938317773, 37.258006266, 0.0 ] ] ] } },
{ "type": "Feature", "properties": { "route": "260", "current_peak": 1950, "additional_peak": 0, "increase_percent": 0.0, "tags": [ "tunnels" ] }, "geometry": { "type": "MultiLineString", "coordinates": [ [ [ -122.276474046, 37.7808100859, 0.0 ], [ -122.2766841961, 37.7880189554, 0.0 ], [ -122.2741282803, 37.7925331162, 0.0 ] ] ] } },
{ "type": "Feature", "properties": { "route": "35", "current_peak": 3300, "additional_peak": 0, "increase_percent": 0.0, "tags": null }, "geometry": { "type": "MultiLineString", "coordinates": [ [ [ -122.4675254838, 37.6425369526, 0.0 ], [ -122.472047579, 37.6475077909, 0.0 ], [ -122.4712203995, 37.652392667, 0.0 ], [ -122.4727501696, 37.6556186733, 0.0 ] ] ] } },
{ "type": "Feature", "properties": { "route": "24", "current_peak": 12400, "additional_peak": 2168, "increase_percent": 17.483870967741936, "tags": [ "ccc-sf", "24", "24" ] }, "geometry": { "type": "MultiLineString", "coordinates": [ [ [ -122.1630773694, 37.8931735657, 0.0 ], [ -122.1487654642, 37.8914011372, 0.0 ], [ -122.1428063505, 37.891646361, 0.0 ], [ -122.1355821684, 37.8908590145, 0.0 ] ] ] } },
{ "type": "Feature", "properties": { "route": "262", "current_peak": 13800, "additional_peak": 751, "increase_percent": 5.4420289855072461, "tags": null }, "geometry": { "type": "MultiLineString", "coordinates": [ [ [ -121.9354836891, 37.4842321634, 0.0 ], [ -121.9348443121, 37.4846048903, 0.0 ] ] ] } },
{ "type": "Feature", "properties": { "route": "280", "current_peak": 14300, "additional_peak": 0, "increase_percent": 0.0, "tags": null }, "geometry": { "type": "MultiLineString", "coordinates": [ [ [ -121.9335369278, 37.3171720304, 0.0 ], [ -121.9452147022, 37.3168877598, 0.0 ] ] ] } },
{ "type": "Feature", "properties": { "route": "61", "current_peak": 13400, "additional_peak": 1602, "increase_percent": 11.955223880597014, "tags": null }, "geometry": { "type": "MultiLineString", "coordinates": [ [ [ -122.2157319283, 37.7398846901, 0.0 ], [ -122.2193812264, 37.7442564352, 0.0 ] ] ] } },
{ "type": "Feature", "properties": { "route": "580", "current_peak": 10900, "additional_peak": 723, "increase_percent": 6.6330275229357802, "tags": null }, "geometry": { "type": "MultiLineString", "coordinates": [ [ [ -122.1336050871, 37.71897705, 0.0 ], [ -122.1378812569, 37.725742075, 0.0 ] ] ] } },
{ "type": "Feature", "properties": { "route": "160", "current_peak": 1950, "additional_peak": 0, "increase_percent": 0.0, "tags": [ "bridges" ] }, "geometry": { "type": "MultiLineString", "coordinates": [ [ [ -121.7545900704, 38.0011003927, 0.0 ], [ -121.7515781416, 38.0143260133, 0.0 ], [ -121.7514614911, 38.024823213, 0.0 ] ] ] } },
{ "type": "Feature", "properties": { "route": "101", "current_peak": 6400, "additional_peak": 402, "increase_percent": 6.28125, "tags": null }, "geometry": { "type": "MultiLineString", "coordinates": [ [ [ -122.4037080592, 37.7294692752, 0.0 ], [ -122.4069045579, 37.7352993538, 0.0 ] ] ] } },
{ "type": "Feature", "properties": { "route": "35", "current_peak": 4050, "additional_peak": 0, "increase_percent": 0.0, "tags": null }, "geometry": { "type": "MultiLineString", "coordinates": [ [ [ -122.4894693791, 37.6874284889, 0.0 ], [ -122.4938053052, 37.6919142955, 0.0 ], [ -122.4945100823, 37.6943983045, 0.0 ] ] ] } },
{ "type": "Feature", "properties": { "route": "680", "current_peak": 12800, "additional_peak": 68, "increase_percent": 0.53125, "tags": null }, "geometry": { "type": "MultiLineString", "coordinates": [ [ [ -122.0202540962, 37.8419746692, 0.0 ], [ -122.0278694072, 37.8482020321, 0.0 ], [ -122.0291341175, 37.8544335373, 0.0 ], [ -122.030816347, 37.8575709537, 0.0 ] ] ] } },
{ "type": "Feature", "properties": { "route": "580", "current_peak": 8000, "additional_peak": 5197, "increase_percent": 64.9625, "tags": [ "ccc-sf" ] }, "geometry": { "type": "MultiLineString", "coordinates": [ [ [ -122.2874261004, 37.8266161674, 0.0 ], [ -122.2898179473, 37.8267423331, 0.0 ], [ -122.2929588367, 37.8280415186, 0.0 ], [ -122.2955207383, 37.8276626465, 0.0 ] ] ] } },
{ "type": "Feature", "properties": { "route": "85", "current_peak": 12200, "additional_peak": 0, "increase_percent": 0.0, "tags": null }, "geometry": { "type": "MultiLineString", "coordinates": [ [ [ -121.8671169983, 37.2555540223, 0.0 ], [ -121.8762386498, 37.2554397776, 0.0 ], [ -121.8923234222, 37.2508480618, 0.0 ] ] ] } },
{ "type": "Feature", "properties": { "route": "680", "current_peak": 8500, "additional_peak": 724, "increase_percent": 8.5176470588235293, "tags": null }, "geometry": { "type": "MultiLineString", "coordinates": [ [ [ -121.9145068662, 37.48446078, 0.0 ], [ -121.9206441764, 37.4929843404, 0.0 ], [ -121.9330375738, 37.5041049369, 0.0 ] ] ] } },
{ "type": "Feature", "properties": { "route": "92", "current_peak": 9600, "additional_peak": 121, "increase_percent": 1.2604166666666665, "tags": null }, "geometry": { "type": "MultiLineString", "coordinates": [ [ [ -122.2957566421, 37.5534437227, 0.0 ], [ -122.2904010998, 37.5544910391, 0.0 ] ] ] } },
{ "type": "Feature", "properties": { "route": "680", "current_peak": 10700, "additional_peak": 1153, "increase_percent": 10.77570093457944, "tags": null }, "geometry": { "type": "MultiLineString", "coordinates": [ [ [ -122.0540777868, 37.9623988924, 0.0 ], [ -122.0601344049, 37.9708636995, 0.0 ] ] ] } },
{ "type": "Feature", "properties": { "route": "280", "current_peak": 10500, "additional_peak": 32, "increase_percent": 0.30476190476190479, "tags": null }, "geometry": { "type": "MultiLineString", "coordinates": [ [ [ -122.4296806636, 37.6258915759, 0.0 ], [ -122.433119678, 37.6288574828, 0.0 ] ] ] } },
{ "type": "Feature", "properties": { "route": "82", "current_peak": 2500, "additional_peak": 121, "increase_percent": 4.84, "tags": null }, "geometry": { "type": "MultiLineString", "coordinates": [ [ [ -122.3349084072, 37.5697051946, 0.0 ], [ -122.342237181, 37.5743149335, 0.0 ], [ -122.3554055747, 37.5781576143, 0.0 ] ] ] } },
{ "type": "Feature", "properties": { "route": "82", "current_peak": 2050, "additional_peak": 1168, "increase_percent": 56.975609756097555, "tags": null }, "geometry": { "type": "MultiLineString", "coordinates": [ [ [ -122.4620053717, 37.7054813018, 0.0 ], [ -122.4589766645, 37.7083053924, 0.0 ] ] ] } },
{ "type": "Feature", "properties": { "route": "85", "current_peak": 10400, "additional_peak": 0, "increase_percent": 0.0, "tags": null }, "geometry": { "type": "MultiLineString", "coordinates": [ [ [ -122.059947663, 37.3447147246, 0.0 ], [ -122.0601231121, 37.3502849345, 0.0 ], [ -122.062913115, 37.358004935, 0.0 ], [ -122.0631537694, 37.3651851611, 0.0 ] ] ] } },
{ "type": "Feature", "properties": { "route": "580", "current_peak": 14700, "additional_peak": 0, "increase_percent": 0.0, "tags": null }, "geometry": { "type": "MultiLineString", "coordinates": [ [ [ -121.7121613694, 37.7138593061, 0.0 ], [ -121.7318470956, 37.7055142438, 0.0 ] ] ] } },
{ "type": "Feature", "properties": { "route": "880", "current_peak": 12900, "additional_peak": 2117, "increase_percent": 16.410852713178294, "tags": [ "880" ] }, "geometry": { "type": "MultiLineString", "coordinates": [ [ [ -122.2353603849, 37.7759430269, 0.0 ], [ -122.2373379723, 37.7778339567, 0.0 ], [ -122.2399840718, 37.7830634063, 0.0 ] ] ] } },
{ "type": "Feature", "properties": { "route": "82", "current_peak": 2750, "additional_peak": 288, "increase_percent": 10.472727272727273, "tags": null }, "geometry": { "type": "MultiLineString", "coordinates": [ [ [ -122.3929833811, 37.6032682598, 0.0 ], [ -122.3981160415, 37.6070645689, 0.0 ], [ -122.4029171364, 37.6119113519, 0.0 ] ] ] } },
{ "type": "Feature", "properties": { "route": "152", "current_peak": 4050, "additional_peak": 0, "increase_percent": 0.0, "tags": null }, "geometry": { "type": "MultiLineString", "coordinates": [ [ [ -121.4377555024, 36.9785929533, 0.0 ], [ -121.4369200162, 36.9777010297, 0.0 ] ], [ [ -121.3813898721, 36.9789201112, 0.0 ], [ -121.3844694762, 36.9850212244, 0.0 ], [ -121.3847227786, 36.9876519539, 0.0 ], [ -121.3836471323, 36.9901186459, 0.0 ], [ -121.3783982815, 36.996411705, 0.0 ], [ -121.3668019699, 37.0060539535, 0.0 ], [ -121.3601216762, 37.0090975072, 0.0 ], [ -121.3405725156, 37.01403492, 0.0 ], [ -121.3291529655, 37.0230349574, 0.0 ], [ -121.3271329662, 37.0286549577, 0.0 ], [ -121.3233668503, 37.0326150581, 0.0 ], [ -121.3079159729, 37.0373452475, 0.0 ], [ -121.3003307999, 37.038678827, 0.0 ], [ -121.2947853784, 37.0384197272, 0.0 ], [ -121.2926141189, 37.0397343792, 0.0 ], [ -121.2892779619, 37.044315962, 0.0 ], [ -121.2845902976, 37.0469138667, 0.0 ], [ -121.2768335329, 37.0464543749, 0.0 ], [ -121.2725481072, 37.0450761101, 0.0 ], [ -121.2679540851, 37.045593796, 0.0 ], [ -121.2636626183, 37.0447393799, 0.0 ], [ -121.2618512545, 37.0449059412, 0.0 ], [ -121.260079227, 37.0459457936, 0.0 ], [ -121.257413559, 37.0496113268, 0.0 ], [ -121.2538658838, 37.0524231185, 0.0 ], [ -121.2480029563, 37.0540379674, 0.0 ], [ -121.2416829544, 37.0576449671, 0.0 ], [ -121.2257496215, 37.0649976393, 0.0 ], [ -121.2141611377, 37.0678396427, 0.0 ] ] ] } },
{ "type": "Feature", "properties": { "route": "101", "current_peak": 11800, "additional_peak": 83, "increase_percent": 0.70338983050847459, "tags": null }, "geometry": { "type": "MultiLineString", "coordinates": [ [ [ -122.0586880864, 37.4058672055, 0.0 ], [ -122.0682487143, 37.4079928258, 0.0 ] ] ] } },
{ "type": "Feature", "properties": { "route": "580", "current_peak": 11700, "additional_peak": 723, "increase_percent": 6.1794871794871797, "tags": null }, "geometry": { "type": "MultiLineString", "coordinates": [ [ [ -122.1235832059, 37.709053609, 0.0 ], [ -122.1287876748, 37.7120756207, 0.0 ] ] ] } },
{ "type": "Feature", "properties": { "route": "280", "current_peak": 10500, "additional_peak": 0, "increase_percent": 0.0, "tags": null }, "geometry": { "type": "MultiLineString", "coordinates": [ [ [ -122.4078271033, 37.5850396928, 0.0 ], [ -122.4159384937, 37.592502489, 0.0 ] ] ] } },
{ "type": "Feature", "properties": { "route": "280", "current_peak": 6900, "additional_peak": 670, "increase_percent": 9.7101449275362324, "tags": null }, "geometry": { "type": "MultiLineString", "coordinates": [ [ [ -122.4699340824, 37.7072834017, 0.0 ], [ -122.467361909, 37.7095657807, 0.0 ], [ -122.4646231097, 37.7105107539, 0.0 ] ] ] } },
{ "type": "Feature", "properties": { "route": "80", "current_peak": 12200, "additional_peak": 16, "increase_percent": 0.13114754098360656, "tags": [ "80" ] }, "geometry": { "type": "MultiLineString", "coordinates": [ [ [ -122.3104252708, 37.9907667655, 0.0 ], [ -122.3054326019, 37.9928911057, 0.0 ], [ -122.2939267784, 37.9945837264, 0.0 ] ] ] } },
{ "type": "Feature", "properties": { "route": "84", "current_peak": 13400, "additional_peak": 101, "increase_percent": 0.75373134328358204, "tags": null }, "geometry": { "type": "MultiLineString", "coordinates": [ [ [ -122.2153001699, 37.4846777172, 0.0 ], [ -122.2139212231, 37.488083348, 0.0 ], [ -122.2129128507, 37.4889845452, 0.0 ] ] ] } },
{ "type": "Feature", "properties": { "route": "35", "current_peak": 430, "additional_peak": 0, "increase_percent": 0.0, "tags": null }, "geometry": { "type": "MultiLineString", "coordinates": [ [ [ -122.1525805908, 37.2876127654, 0.0 ], [ -122.152686307, 37.2882022161, 0.0 ] ], [ [ -122.1007390858, 37.2336667764, 0.0 ], [ -122.1033110773, 37.2339977345, 0.0 ], [ -122.1047647266, 37.2348366291, 0.0 ], [ -122.1050188933, 37.2399097182, 0.0 ], [ -122.1101985001, 37.2454676796, 0.0 ], [ -122.1129991265, 37.2495841465, 0.0 ], [ -122.1171301569, 37.2533012322, 0.0 ], [ -122.118269324, 37.2560197665, 0.0 ], [ -122.123635007, 37.2596506841, 0.0 ], [ -122.1282604755, 37.2591406541, 0.0 ], [ -122.1308477529, 37.2604068967, 0.0 ], [ -122.1343242609, 37.2629074298, 0.0 ], [ -122.1358693209, 37.2656954772, 0.0 ], [ -122.1401504823, 37.2689080407, 0.0 ], [ -122.143998697, 37.2701174407, 0.0 ], [ -122.1477585785, 37.2747180749, 0.0 ], [ -122.1503876518, 37.2754867307, 0.0 ], [ -122.1507017415, 37.2762329299, 0.0 ], [ -122.1494523358, 37.2774947829, 0.0 ], [ -122.1496490705, 37.278850337, 0.0 ], [ -122.1487344031, 37.2808210079, 0.0 ], [ -122.1494303945, 37.2820880704, 0.0 ], [ -122.151767668, 37.2837696004, 0.0 ], [ -122.152428944, 37.2866551097, 0.0 ] ] ] } },
{ "type": "Feature", "properties": { "route": "92", "current_peak": 10400, "additional_peak": 0, "increase_percent": 0.0, "tags": null }, "geometry": { "type": "MultiLineString", "coordinates": [ [ [ -122.3444766708, 37.5095483824, 0.0 ], [ -122.3427363263, 37.507376468, 0.0 ], [ -122.3392920508, 37.5071099169, 0.0 ] ] ] } },
{ "type": "Feature", "properties": { "route": "85", "current_peak": 5300, "additional_peak": 0, "increase_percent": 0.0, "tags": null }, "geometry": { "type": "MultiLineString", "coordinates": [ [ [ -122.0688621638, 37.396983643, 0.0 ], [ -122.0697631202, 37.4005249385, 0.0 ], [ -122.0697399167, 37.4057754119, 0.0 ] ] ] } },
{ "type": "Feature", "properties": { "route": "24", "current_peak": 12400, "additional_peak": 2210, "increase_percent": 17.822580645161288, "tags": [ "ccc-sf", "24", "24" ] }, "geometry": { "type": "MultiLineString", "coordinates": [ [ [ -122.1355821684, 37.8908590145, 0.0 ], [ -122.1217343488, 37.8940611159, 0.0 ], [ -122.1067691235, 37.8964752395, 0.0 ] ] ] } },
{ "type": "Feature", "properties": { "route": "101", "current_peak": 3050, "additional_peak": 0, "increase_percent": 0.0, "tags": null }, "geometry": { "type": "MultiLineString", "coordinates": [ [ [ -122.420633401, 37.7814916853, 0.0 ], [ -122.4215852795, 37.7861629783, 0.0 ] ] ] } },
{ "type": "Feature", "properties": { "route": "1", "current_peak": 2600, "additional_peak": 0, "increase_percent": 0.0, "tags": null }, "geometry": { "type": "MultiLineString", "coordinates": [ [ [ -122.490936972, 37.6494865489, 0.0 ], [ -122.4903241304, 37.6528744489, 0.0 ], [ -122.4911123527, 37.6568682801, 0.0 ], [ -122.4895153008, 37.6580082306, 0.0 ], [ -122.4853445361, 37.6580770477, 0.0 ], [ -122.483795794, 37.6599198581, 0.0 ] ], [ [ -122.4390499987, 37.4759272044, 0.0 ], [ -122.445323391, 37.4819383043, 0.0 ], [ -122.4538037918, 37.4940069306, 0.0 ], [ -122.4641400446, 37.4985084319, 0.0 ] ] ] } },
{ "type": "Feature", "properties": { "route": "880", "current_peak": 21000, "additional_peak": 820, "increase_percent": 3.9047619047619047, "tags": [ "880" ] }, "geometry": { "type": "MultiLineString", "coordinates": [ [ [ -122.1046221267, 37.661237141, 0.0 ], [ -122.1106689496, 37.670962213, 0.0 ], [ -122.1173918099, 37.6764707569, 0.0 ] ] ] } },
{ "type": "Feature", "properties": { "route": "880", "current_peak": 8400, "additional_peak": 7060, "increase_percent": 84.047619047619051, "tags": [ "880" ] }, "geometry": { "type": "MultiLineString", "coordinates": [ [ [ -122.2983554941, 37.8218482683, 0.0 ], [ -122.3014819523, 37.8232864602, 0.0 ] ] ] } },
{ "type": "Feature", "properties": { "route": "101", "current_peak": 11800, "additional_peak": 69, "increase_percent": 0.5847457627118644, "tags": null }, "geometry": { "type": "MultiLineString", "coordinates": [ [ [ -122.0043293445, 37.3934911886, 0.0 ], [ -122.0203550124, 37.3972088248, 0.0 ] ] ] } },
{ "type": "Feature", "properties": { "route": "84", "current_peak": 2850, "additional_peak": 0, "increase_percent": 0.0, "tags": null }, "geometry": { "type": "MultiLineString", "coordinates": [ [ [ -122.2461398993, 37.4319941606, 0.0 ], [ -122.2458014877, 37.4327865033, 0.0 ] ], [ [ -122.2434592968, 37.4351810733, 0.0 ], [ -122.2413101689, 37.4363801808, 0.0 ], [ -122.2393945501, 37.4392728253, 0.0 ], [ -122.2363832898, 37.4414878444, 0.0 ] ] ] } },
{ "type": "Feature", "properties": { "route": "680", "current_peak": 14300, "additional_peak": 67, "increase_percent": 0.46853146853146854, "tags": null }, "geometry": { "type": "MultiLineString", "coordinates": [ [ [ -122.051877703, 37.8824386159, 0.0 ], [ -122.058768246, 37.889753033, 0.0 ], [ -122.0702312717, 37.8955452609, 0.0 ] ] ] } },
{ "type": "Feature", "properties": { "route": "580", "current_peak": 7100, "additional_peak": 296, "increase_percent": 4.169014084507042, "tags": null }, "geometry": { "type": "MultiLineString", "coordinates": [ [ [ -122.3402623138, 37.9216969736, 0.0 ], [ -122.3539973135, 37.9218564894, 0.0 ] ] ] } },
{ "type": "Feature", "properties": { "route": "237", "current_peak": 8100, "additional_peak": 18, "increase_percent": 0.22222222222222221, "tags": null }, "geometry": { "type": "MultiLineString", "coordinates": [ [ [ -122.0313131225, 37.4019992326, 0.0 ], [ -122.0182835805, 37.4047710961, 0.0 ] ] ] } },
{ "type": "Feature", "properties": { "route": "280", "current_peak": 15300, "additional_peak": 277, "increase_percent": 1.8104575163398691, "tags": null }, "geometry": { "type": "MultiLineString", "coordinates": [ [ [ -122.468678046, 37.6738094308, 0.0 ], [ -122.4715608753, 37.6781631044, 0.0 ] ] ] } },
{ "type": "Feature", "properties": { "route": "84", "current_peak": 3500, "additional_peak": 0, "increase_percent": 0.0, "tags": null }, "geometry": { "type": "MultiLineString", "coordinates": [ [ [ -121.8159126925, 37.6147240326, 0.0 ], [ -121.8104595671, 37.6190310928, 0.0 ], [ -121.8080183836, 37.6241022234, 0.0 ], [ -121.8025699128, 37.6284389082, 0.0 ], [ -121.80177468, 37.6303602055, 0.0 ], [ -121.8018776872, 37.6341777194, 0.0 ], [ -121.7985348835, 37.638062465, 0.0 ], [ -121.7993293275, 37.6423553949, 0.0 ], [ -121.8036914684, 37.6470968635, 0.0 ], [ -121.8052832507, 37.650380214, 0.0 ], [ -121.8053192283, 37.6674434791, 0.0 ] ] ] } },
{ "type": "Feature", "properties": { "route": "680", "current_peak": 9200, "additional_peak": 109, "increase_percent": 1.1847826086956523, "tags": null }, "geometry": { "type": "MultiLineString", "coordinates": [ [ [ -121.8793495605, 37.6200799525, 0.0 ], [ -121.8801879286, 37.6222106721, 0.0 ], [ -121.880640437, 37.6282459289, 0.0 ], [ -121.8840753377, 37.6340502046, 0.0 ], [ -121.8848888125, 37.6401801876, 0.0 ], [ -121.8927836332, 37.6482261877, 0.0 ] ] ] } },
{ "type": "Feature", "properties": { "route": "123", "current_peak": 11900, "additional_peak": 792, "increase_percent": 6.655462184873949, "tags": null }, "geometry": { "type": "MultiLineString", "coordinates": [ [ [ -122.3073630585, 37.9094972427, 0.0 ], [ -122.3111999815, 37.9150925167, 0.0 ] ] ] } },
{ "type": "Feature", "properties": { "route": "35", "current_peak": 3950, "additional_peak": 0, "increase_percent": 0.0, "tags": null }, "geometry": { "type": "MultiLineString", "coordinates": [ [ [ -122.4894869371, 37.6755064805, 0.0 ], [ -122.490089185, 37.678546855, 0.0 ], [ -122.4888481741, 37.685265658, 0.0 ], [ -122.4894693791, 37.6874284889, 0.0 ] ] ] } },
{ "type": "Feature", "properties": { "route": "9", "current_peak": 1400, "additional_peak": 0, "increase_percent": 0.0, "tags": null }, "geometry": { "type": "MultiLineString", "coordinates": [ [ [ -122.0056773041, 37.2423181974, 0.0 ], [ -121.9976230912, 37.2404049296, 0.0 ], [ -121.9893601677, 37.2341779337, 0.0 ] ] ] } },
{ "type": "Feature", "properties": { "route": "123", "current_peak": 1750, "additional_peak": 410, "increase_percent": 23.428571428571431, "tags": null }, "geometry": { "type": "MultiLineString", "coordinates": [ [ [ -122.2939672315, 37.874805748, 0.0 ], [ -122.2983711253, 37.8885076877, 0.0 ] ] ] } },
{ "type": "Feature", "properties": { "route": "17", "current_peak": 5500, "additional_peak": 0, "increase_percent": 0.0, "tags": null }, "geometry": { "type": "MultiLineString", "coordinates": [ [ [ -121.9848781854, 37.1522270455, 0.0 ], [ -121.9854882782, 37.1547272577, 0.0 ], [ -121.9826474397, 37.1564528428, 0.0 ], [ -121.9823664242, 37.1584368393, 0.0 ], [ -121.9865185848, 37.1621339255, 0.0 ], [ -121.9895835125, 37.1616504808, 0.0 ], [ -121.9911436634, 37.1623480769, 0.0 ], [ -121.991259953, 37.1636610776, 0.0 ], [ -121.9886114797, 37.1650050489, 0.0 ], [ -121.988309131, 37.1663663929, 0.0 ], [ -121.9906464881, 37.1714112901, 0.0 ], [ -121.9955537968, 37.1751110958, 0.0 ], [ -121.9961895893, 37.1763236706, 0.0 ], [ -121.9913424166, 37.1859909083, 0.0 ], [ -121.9914895947, 37.1878428334, 0.0 ], [ -121.9938628216, 37.1916321742, 0.0 ], [ -121.9941804551, 37.1932572789, 0.0 ], [ -121.9918612184, 37.2047320135, 0.0 ] ] ] } },
{ "type": "Feature", "properties": { "route": "101", "current_peak": 13100, "additional_peak": 402, "increase_percent": 3.0687022900763359, "tags": null }, "geometry": { "type": "MultiLineString", "coordinates": [ [ [ -122.3903310908, 37.6870794543, 0.0 ], [ -122.3957255664, 37.710978519, 0.0 ] ] ] } },
{ "type": "Feature", "properties": { "route": "80", "current_peak": 16700, "additional_peak": 684, "increase_percent": 4.0958083832335328, "tags": [ "80" ] }, "geometry": { "type": "MultiLineString", "coordinates": [ [ [ -122.3013642411, 37.8578077295, 0.0 ], [ -122.3055930487, 37.8721683339, 0.0 ] ] ] } },
{ "type": "Feature", "properties": { "route": "82", "current_peak": 9200, "additional_peak": 0, "increase_percent": 0.0, "tags": null }, "geometry": { "type": "MultiLineString", "coordinates": [ [ [ -122.0526837707, 37.3729217504, 0.0 ], [ -122.067671709, 37.3782759621, 0.0 ] ] ] } },
{ "type": "Feature", "properties": { "route": "156", "current_peak": 4050, "additional_peak": 0, "increase_percent": 0.0, "tags": null }, "geometry": { "type": "MultiLineString", "coordinates": [ [ [ -121.383603997, 36.9598233675, 0.0 ], [ -121.3833956148, 36.9660079288, 0.0 ], [ -121.3814618358, 36.975351094, 0.0 ] ] ] } },
{ "type": "Feature", "properties": { "route": "35", "current_peak": 5500, "additional_peak": 0, "increase_percent": 0.0, "tags": null }, "geometry": { "type": "MultiLineString", "coordinates": [ [ [ -122.0275565265, 37.1710821742, 0.0 ], [ -122.0266233108, 37.1720013928, 0.0 ] ], [ [ -122.0267862725, 37.172549679, 0.0 ], [ -122.0256799793, 37.1734586759, 0.0 ] ], [ [ -122.0262832986, 37.168252331, 0.0 ], [ -122.0254002237, 37.1690353146, 0.0 ] ] ] } },
{ "type": "Feature", "properties": { "route": "280", "current_peak": 5000, "additional_peak": 511, "increase_percent": 10.22, "tags": null }, "geometry": { "type": "MultiLineString", "coordinates": [ [ [ -122.4703547653, 37.6949757998, 0.0 ], [ -122.4712756378, 37.6977645417, 0.0 ], [ -122.4713158708, 37.7029057989, 0.0 ] ] ] } },
{ "type": "Feature", "properties": { "route": "82", "current_peak": 2600, "additional_peak": 51, "increase_percent": 1.9615384615384615, "tags": null }, "geometry": { "type": "MultiLineString", "coordinates": [ [ [ -122.3554055747, 37.5781576143, 0.0 ], [ -122.3775346408, 37.5907156097, 0.0 ] ] ] } },
{ "type": "Feature", "properties": { "route": "84", "current_peak": 2150, "additional_peak": 0, "increase_percent": 0.0, "tags": null }, "geometry": { "type": "MultiLineString", "coordinates": [ [ [ -122.2601562729, 37.4278998925, 0.0 ], [ -122.2544546154, 37.4296075352, 0.0 ], [ -122.2520749526, 37.4291518257, 0.0 ] ] ] } },
{ "type": "Feature", "properties": { "route": "4", "current_peak": 11300, "additional_peak": 798, "increase_percent": 7.0619469026548671, "tags": null }, "geometry": { "type": "MultiLineString", "coordinates": [ [ [ -121.9824625627, 38.0208243941, 0.0 ], [ -121.9766357422, 38.0231882827, 0.0 ], [ -121.9720327406, 38.0237492837, 0.0 ], [ -121.9536252994, 38.0204384696, 0.0 ] ] ] } },
{ "type": "Feature", "properties": { "route": "680", "current_peak": 12000, "additional_peak": 158, "increase_percent": 1.3166666666666667, "tags": null }, "geometry": { "type": "MultiLineString", "coordinates": [ [ [ -121.878154613, 37.4066404449, 0.0 ], [ -121.88365236, 37.4247836711, 0.0 ] ] ] } },
{ "type": "Feature", "properties": { "route": "1", "current_peak": 4700, "additional_peak": 0, "increase_percent": 0.0, "tags": null }, "geometry": { "type": "MultiLineString", "coordinates": [ [ [ -122.485155114, 37.6684513649, 0.0 ], [ -122.483250132, 37.6701794519, 0.0 ], [ -122.4810340965, 37.6705455759, 0.0 ] ] ] } },
{ "type": "Feature", "properties": { "route": "85", "current_peak": 10400, "additional_peak": 0, "increase_percent": 0.0, "tags": null }, "geometry": { "type": "MultiLineString", "coordinates": [ [ [ -122.0580146356, 37.3348445685, 0.0 ], [ -122.059693111, 37.3383549341, 0.0 ], [ -122.0597601229, 37.3447217025, 0.0 ] ], [ [ -121.9537063645, 37.2551955357, 0.0 ], [ -121.9558538193, 37.255866165, 0.0 ] ] ] } },
{ "type": "Feature", "properties": { "route": "85", "current_peak": 9200, "additional_peak": 0, "increase_percent": 0.0, "tags": null }, "geometry": { "type": "MultiLineString", "coordinates": [ [ [ -122.0676416424, 37.3766538973, 0.0 ], [ -122.0676932301, 37.3794369789, 0.0 ] ], [ [ -122.0629763833, 37.3652157832, 0.0 ], [ -122.067583956, 37.3735416773, 0.0 ] ], [ [ -122.0434548512, 37.3107164998, 0.0 ], [ -122.0453831057, 37.3130149322, 0.0 ], [ -122.049013108, 37.3204549331, 0.0 ], [ -122.0515762325, 37.3281427317, 0.0 ] ] ] } },
{ "type": "Feature", "properties": { "route": "85", "current_peak": 5500, "additional_peak": 0, "increase_percent": 0.0, "tags": null }, "geometry": { "type": "MultiLineString", "coordinates": [ [ [ -121.770757346, 37.2416238159, 0.0 ], [ -121.7777405804, 37.2407785691, 0.0 ] ] ] } },
{ "type": "Feature", "properties": { "route": "9", "current_peak": 1500, "additional_peak": 0, "increase_percent": 0.0, "tags": null }, "geometry": { "type": "MultiLineString", "coordinates": [ [ [ -122.0341649393, 37.2571832312, 0.0 ], [ -122.0319354122, 37.2592970473, 0.0 ], [ -122.0275871143, 37.2551070345, 0.0 ], [ -122.0228250642, 37.2525341823, 0.0 ] ] ] } },
{ "type": "Feature", "properties": { "route": "680", "current_peak": 18200, "additional_peak": 1225, "increase_percent": 6.7307692307692308, "tags": [ "ccc-sf" ] }, "geometry": { "type": "MultiLineString", "coordinates": [ [ [ -122.0601359287, 37.9362497205, 0.0 ], [ -122.0594893191, 37.9420526907, 0.0 ] ] ] } },
{ "type": "Feature", "properties": { "route": "280", "current_peak": 11400, "additional_peak": 2060, "increase_percent": 18.070175438596493, "tags": null }, "geometry": { "type": "MultiLineString", "coordinates": [ [ [ -122.4302957982, 37.7321713681, 0.0 ], [ -122.4247619782, 37.731360601, 0.0 ], [ -122.4186018097, 37.7318666596, 0.0 ] ] ] } },
{ "type": "Feature", "properties": { "route": "35", "current_peak": 3300, "additional_peak": 0, "increase_percent": 0.0, "tags": null }, "geometry": { "type": "MultiLineString", "coordinates": [ [ [ -122.4546989522, 37.6323570211, 0.0 ], [ -122.4624772693, 37.637113859, 0.0 ], [ -122.4675254838, 37.6425369526, 0.0 ] ] ] } },
{ "type": "Feature", "properties": { "route": "84", "current_peak": 7000, "additional_peak": 23, "increase_percent": 0.32857142857142857, "tags": [ "bridges" ] }, "geometry": { "type": "MultiLineString", "coordinates": [ [ [ -122.1362223659, 37.492141463, 0.0 ], [ -122.1281199646, 37.4994481411, 0.0 ], [ -122.111693984, 37.5106641263, 0.0 ], [ -122.1083267165, 37.5140737455, 0.0 ], [ -122.1050293918, 37.5186978884, 0.0 ] ] ] } },
{ "type": "Feature", "properties": { "route": "35", "current_peak": 1000, "additional_peak": 0, "increase_percent": 0.0, "tags": null }, "geometry": { "type": "MultiLineString", "coordinates": [ [ [ -122.2638243437, 37.3860825514, 0.0 ], [ -122.2715042973, 37.3913124307, 0.0 ], [ -122.2743745511, 37.3912060531, 0.0 ], [ -122.2758422043, 37.3887961345, 0.0 ], [ -122.2773513461, 37.3892914545, 0.0 ], [ -122.2809762136, 37.3886168067, 0.0 ], [ -122.2838325795, 37.3910316101, 0.0 ], [ -122.2842631788, 37.3923771933, 0.0 ], [ -122.2858066624, 37.392331536, 0.0 ], [ -122.2873919499, 37.3936836846, 0.0 ], [ -122.2886557358, 37.3935987527, 0.0 ], [ -122.2888322287, 37.3922127606, 0.0 ], [ -122.2899261036, 37.391952422, 0.0 ], [ -122.2919617992, 37.3935652055, 0.0 ], [ -122.2918329521, 37.3954946851, 0.0 ], [ -122.2939158919, 37.3966179625, 0.0 ], [ -122.2931914276, 37.3989081128, 0.0 ], [ -122.2942354065, 37.399883688, 0.0 ], [ -122.2958110982, 37.4001997085, 0.0 ] ] ] } },
{ "type": "Feature", "properties": { "route": "280", "current_peak": 11300, "additional_peak": 0, "increase_percent": 0.0, "tags": null }, "geometry": { "type": "MultiLineString", "coordinates": [ [ [ -122.4262827844, 37.6208489705, 0.0 ], [ -122.4296806636, 37.6258915759, 0.0 ] ] ] } },
{ "type": "Feature", "properties": { "route": "82", "current_peak": 2500, "additional_peak": 0, "increase_percent": 0.0, "tags": null }, "geometry": { "type": "MultiLineString", "coordinates": [ [ [ -122.2688548578, 37.5145358572, 0.0 ], [ -122.282655473, 37.5261642525, 0.0 ], [ -122.2865383532, 37.5287798843, 0.0 ] ] ] } },
{ "type": "Feature", "properties": { "route": "880", "current_peak": 21000, "additional_peak": 835, "increase_percent": 3.9761904761904763, "tags": [ "880" ] }, "geometry": { "type": "MultiLineString", "coordinates": [ [ [ -122.0982344504, 37.6513628009, 0.0 ], [ -122.1043646964, 37.6613372383, 0.0 ] ] ] } },
{ "type": "Feature", "properties": { "route": "87", "current_peak": 11600, "additional_peak": 0, "increase_percent": 0.0, "tags": null }, "geometry": { "type": "MultiLineString", "coordinates": [ [ [ -121.8895964019, 37.3185111198, 0.0 ], [ -121.8921561617, 37.323983645, 0.0 ] ] ] } },
{ "type": "Feature", "properties": { "route": "1", "current_peak": 1100, "additional_peak": 0, "increase_percent": 0.0, "tags": null }, "geometry": { "type": "MultiLineString", "coordinates": [ [ [ -122.2926977823, 37.1077119985, 0.0 ], [ -122.2970208405, 37.1117527909, 0.0 ], [ -122.3028525425, 37.1154487013, 0.0 ], [ -122.3104407941, 37.1281551408, 0.0 ], [ -122.3213868691, 37.1402042533, 0.0 ], [ -122.3457188004, 37.1486171386, 0.0 ], [ -122.3486178013, 37.1501131396, 0.0 ], [ -122.3547758029, 37.1564701394, 0.0 ], [ -122.3595247367, 37.1632189986, 0.0 ], [ -122.3648594925, 37.1745499923, 0.0 ], [ -122.3796073933, 37.182673472, 0.0 ], [ -122.3912477187, 37.184986308, 0.0 ], [ -122.3994901738, 37.1953226874, 0.0 ], [ -122.4004752708, 37.1976212464, 0.0 ], [ -122.4010939307, 37.202856061, 0.0 ], [ -122.40605749, 37.2139205556, 0.0 ], [ -122.4066000087, 37.2232480423, 0.0 ], [ -122.4142333197, 37.2326849861, 0.0 ], [ -122.4156752748, 37.23743439, 0.0 ], [ -122.4180119069, 37.2417269383, 0.0 ], [ -122.4174122832, 37.247889743, 0.0 ], [ -122.4143998844, 37.2546569315, 0.0 ], [ -122.4119680767, 37.2652931238, 0.0 ], [ -122.4096600002, 37.270085358, 0.0 ], [ -122.4081990108, 37.2760197349, 0.0 ], [ -122.4080086542, 37.2810118436, 0.0 ], [ -122.4047916263, 37.2868415238, 0.0 ], [ -122.4047821051, 37.2890401457, 0.0 ], [ -122.4059467512, 37.2921258831, 0.0 ] ], [ [ -122.3946764076, 37.3422630605, 0.0 ], [ -122.3947580088, 37.3438520888, 0.0 ], [ -122.396782364, 37.3465755177, 0.0 ], [ -122.3986453702, 37.3512277239, 0.0 ], [ -122.398676416, 37.3534807152, 0.0 ], [ -122.3971392836, 37.3561504709, 0.0 ], [ -122.3970988297, 37.357819153, 0.0 ], [ -122.4043208337, 37.3654061547, 0.0 ], [ -122.4049248842, 37.3700750761, 0.0 ], [ -122.4043744216, 37.3723811517, 0.0 ] ] ] } },
{ "type": "Feature", "properties": { "route": "24", "current_peak": 12800, "additional_peak": 2361, "increase_percent": 18.4453125, "tags": [ "ccc-sf", "24", "24" ] }, "geometry": { "type": "MultiLineString", "coordinates": [ [ [ -122.1899545988, 37.8722034097, 0.0 ], [ -122.1844752152, 37.8770189641, 0.0 ], [ -122.1784267415, 37.8856141533, 0.0 ] ] ] } },
{ "type": "Feature", "properties": { "route": "580", "current_peak": 12200, "additional_peak": 0, "increase_percent": 0.0, "tags": null }, "geometry": { "type": "MultiLineString", "coordinates": [ [ [ -121.7122701581, 37.7140389528, 0.0 ], [ -121.7319695499, 37.7057111023, 0.0 ] ] ] } },
{ "type": "Feature", "properties": { "route": "680", "current_peak": 12500, "additional_peak": 67, "increase_percent": 0.536, "tags": null }, "geometry": { "type": "MultiLineString", "coordinates": [ [ [ -122.0048256682, 37.8321083397, 0.0 ], [ -122.0204205643, 37.8418490929, 0.0 ] ] ] } },
{ "type": "Feature", "properties": { "route": "185", "current_peak": 1950, "additional_peak": 359, "increase_percent": 18.410256410256409, "tags": null }, "geometry": { "type": "MultiLineString", "coordinates": [ [ [ -122.1533080494, 37.7231342101, 0.0 ], [ -122.1568918246, 37.7258137266, 0.0 ], [ -122.1636758719, 37.735105902, 0.0 ] ], [ [ -122.1238784661, 37.701882802, 0.0 ], [ -122.1359890265, 37.7103911754, 0.0 ] ] ] } },
{ "type": "Feature", "properties": { "route": "880", "current_peak": 13200, "additional_peak": 850, "increase_percent": 6.4393939393939394, "tags": [ "880" ] }, "geometry": { "type": "MultiLineString", "coordinates": [ [ [ -122.0703029633, 37.6121572732, 0.0 ], [ -122.0792438385, 37.6245935434, 0.0 ] ] ] } },
{ "type": "Feature", "properties": { "route": "880", "current_peak": 11800, "additional_peak": 113, "increase_percent": 0.9576271186440678, "tags": [ "880" ] }, "geometry": { "type": "MultiLineString", "coordinates": [ [ [ -121.9148494421, 37.4205857136, 0.0 ], [ -121.9165701556, 37.4255769016, 0.0 ] ] ] } },
{ "type": "Feature", "properties": { "route": "35", "current_peak": 2750, "additional_peak": 0, "increase_percent": 0.0, "tags": null }, "geometry": { "type": "MultiLineString", "coordinates": [ [ [ -122.4448080888, 37.6212730491, 0.0 ], [ -122.4482579166, 37.6260392718, 0.0 ], [ -122.4545884719, 37.6324372353, 0.0 ] ] ] } },
{ "type": "Feature", "properties": { "route": "61", "current_peak": 1150, "additional_peak": 0, "increase_percent": 0.0, "tags": null }, "geometry": { "type": "MultiLineString", "coordinates": [ [ [ -122.2394179802, 37.7522158039, 0.0 ], [ -122.2448577749, 37.755601883, 0.0 ], [ -122.242777487, 37.7580686563, 0.0 ] ] ] } },
{ "type": "Feature", "properties": { "route": "17", "current_peak": 6900, "additional_peak": 0, "increase_percent": 0.0, "tags": null }, "geometry": { "type": "MultiLineString", "coordinates": [ [ [ -121.9687824091, 37.2387309389, 0.0 ], [ -121.9618295031, 37.2458267324, 0.0 ], [ -121.9579259118, 37.2527143458, 0.0 ] ] ] } },
{ "type": "Feature", "properties": { "route": "82", "current_peak": 2500, "additional_peak": 101, "increase_percent": 4.04, "tags": null }, "geometry": { "type": "MultiLineString", "coordinates": [ [ [ -122.2394494056, 37.4900720095, 0.0 ], [ -122.2522992869, 37.5004394968, 0.0 ] ] ] } },
{ "type": "Feature", "properties": { "route": "92", "current_peak": 8600, "additional_peak": 51, "increase_percent": 0.59302325581395354, "tags": null }, "geometry": { "type": "MultiLineString", "coordinates": [ [ [ -122.3092264066, 37.5521610281, 0.0 ], [ -122.3008104223, 37.5527717679, 0.0 ] ] ] } },
{ "type": "Feature", "properties": { "route": "61", "current_peak": 13700, "additional_peak": 1558, "increase_percent": 11.372262773722627, "tags": null }, "geometry": { "type": "MultiLineString", "coordinates": [ [ [ -122.2157319283, 37.7398846901, 0.0 ], [ -122.2193812268, 37.7442564362, 0.0 ] ] ] } },
{ "type": "Feature", "properties": { "route": "80", "current_peak": 13300, "additional_peak": 485, "increase_percent": 3.6466165413533833, "tags": [ "80" ] }, "geometry": { "type": "MultiLineString", "coordinates": [ [ [ -122.3195545307, 37.9237928129, 0.0 ], [ -122.3232583169, 37.9289952809, 0.0 ] ] ] } },
{ "type": "Feature", "properties": { "route": "680", "current_peak": 10000, "additional_peak": 505, "increase_percent": 5.05, "tags": null }, "geometry": { "type": "MultiLineString", "coordinates": [ [ [ -121.9229732242, 37.7012050288, 0.0 ], [ -121.9245674794, 37.7043993778, 0.0 ], [ -121.9312415966, 37.7123607405, 0.0 ] ] ] } },
{ "type": "Feature", "properties": { "route": "1", "current_peak": 2150, "additional_peak": 0, "increase_percent": 0.0, "tags": null }, "geometry": { "type": "MultiLineString", "coordinates": [ [ [ -122.4641400446, 37.4985084319, 0.0 ], [ -122.4821458627, 37.505713159, 0.0 ], [ -122.4940166895, 37.5142037952, 0.0 ], [ -122.5021552056, 37.5186271718, 0.0 ] ], [ [ -122.4336302606, 37.4686511926, 0.0 ], [ -122.4349498769, 37.4719007665, 0.0 ], [ -122.4390499987, 37.4759272044, 0.0 ] ] ] } },
{ "type": "Feature", "properties": { "route": "242", "current_peak": 13800, "additional_peak": 923, "increase_percent": 6.6884057971014492, "tags": null }, "geometry": { "type": "MultiLineString", "coordinates": [ [ [ -122.0375016091, 38.0017505239, 0.0 ], [ -122.036738377, 38.0041229981, 0.0 ], [ -122.0351735809, 38.0058494717, 0.0 ] ] ] } },
{ "type": "Feature", "properties": { "route": "92", "current_peak": 7800, "additional_peak": 26, "increase_percent": 0.33333333333333337, "tags": [ "bridges" ] }, "geometry": { "type": "MultiLineString", "coordinates": [ [ [ -122.2667759936, 37.5695311308, 0.0 ], [ -122.2436725728, 37.5904087629, 0.0 ], [ -122.2110419021, 37.6002805314, 0.0 ] ] ] } },
{ "type": "Feature", "properties": { "route": "880", "current_peak": 11800, "additional_peak": 98, "increase_percent": 0.83050847457627108, "tags": [ "880" ] }, "geometry": { "type": "MultiLineString", "coordinates": [ [ [ -121.9027153608, 37.374535161, 0.0 ], [ -121.9067756156, 37.3918435869, 0.0 ] ] ] } },
{ "type": "Feature", "properties": { "route": "35", "current_peak": 570, "additional_peak": 0, "increase_percent": 0.0, "tags": null }, "geometry": { "type": "MultiLineString", "coordinates": [ [ [ -122.4249630679, 37.6013068154, 0.0 ], [ -122.4263474301, 37.6031051171, 0.0 ] ], [ [ -122.3497912678, 37.5118109595, 0.0 ], [ -122.3544880205, 37.5169170069, 0.0 ] ] ] } },
{ "type": "Feature", "properties": { "route": "4", "current_peak": 9400, "additional_peak": 6, "increase_percent": 0.063829787234042548, "tags": null }, "geometry": { "type": "MultiLineString", "coordinates": [ [ [ -121.7717454329, 37.9939775851, 0.0 ], [ -121.763779782, 37.9913208726, 0.0 ], [ -121.7536785438, 37.9896483911, 0.0 ], [ -121.7514541112, 37.9884404428, 0.0 ], [ -121.7493377578, 37.9862427519, 0.0 ] ] ] } },
{ "type": "Feature", "properties": { "route": "87", "current_peak": 7000, "additional_peak": 0, "increase_percent": 0.0, "tags": null }, "geometry": { "type": "MultiLineString", "coordinates": [ [ [ -121.9169304925, 37.361870472, 0.0 ], [ -121.9201280933, 37.3656689465, 0.0 ], [ -121.9256092871, 37.3692951155, 0.0 ], [ -121.9267192856, 37.37068539, 0.0 ] ] ] } },
{ "type": "Feature", "properties": { "route": "1", "current_peak": 14900, "additional_peak": 277, "increase_percent": 1.8590604026845636, "tags": null }, "geometry": { "type": "MultiLineString", "coordinates": [ [ [ -122.4717977297, 37.677044984, 0.0 ], [ -122.471194332, 37.6798934156, 0.0 ] ] ] } },
{ "type": "Feature", "properties": { "route": "85", "current_peak": 5300, "additional_peak": 87, "increase_percent": 1.641509433962264, "tags": null }, "geometry": { "type": "MultiLineString", "coordinates": [ [ [ -122.0703397565, 37.4089220983, 0.0 ], [ -122.0732396112, 37.4103057018, 0.0 ] ], [ [ -122.0697399167, 37.4057754119, 0.0 ], [ -122.0697362304, 37.4058459119, 0.0 ] ] ] } },
{ "type": "Feature", "properties": { "route": "80", "current_peak": 6300, "additional_peak": 696, "increase_percent": 11.047619047619047, "tags": [ "80" ] }, "geometry": { "type": "MultiLineString", "coordinates": [ [ [ -122.3137405054, 37.9050170527, 0.0 ], [ -122.3141999545, 37.9056937278, 0.0 ] ] ] } },
{ "type": "Feature", "properties": { "route": "85", "current_peak": 12200, "additional_peak": 0, "increase_percent": 0.0, "tags": null }, "geometry": { "type": "MultiLineString", "coordinates": [ [ [ -121.847231961, 37.2553046061, 0.0 ], [ -121.8671110752, 37.2558490163, 0.0 ] ] ] } },
{ "type": "Feature", "properties": { "route": "280", "current_peak": 6400, "additional_peak": 0, "increase_percent": 0.0, "tags": null }, "geometry": { "type": "MultiLineString", "coordinates": [ [ [ -122.4721393579, 37.7029634728, 0.0 ], [ -122.4714831598, 37.7055162405, 0.0 ] ] ] } },
{ "type": "Feature", "properties": { "route": "580", "current_peak": 9800, "additional_peak": 646, "increase_percent": 6.5918367346938771, "tags": null }, "geometry": { "type": "MultiLineString", "coordinates": [ [ [ -122.1858411778, 37.7840559441, 0.0 ], [ -122.1903251818, 37.7845539622, 0.0 ], [ -122.1945166778, 37.7859686584, 0.0 ] ] ] } },
{ "type": "Feature", "properties": { "route": "880", "current_peak": 3600, "additional_peak": 835, "increase_percent": 23.194444444444446, "tags": [ "880" ] }, "geometry": { "type": "MultiLineString", "coordinates": [ [ [ -122.0961728871, 37.648212691, 0.0 ], [ -122.0982344504, 37.6513628009, 0.0 ] ] ] } },
{ "type": "Feature", "properties": { "route": "152", "current_peak": 2650, "additional_peak": 0, "increase_percent": 0.0, "tags": null }, "geometry": { "type": "MultiLineString", "coordinates": [ [ [ -121.5213363814, 37.0027252817, 0.0 ], [ -121.5166029938, 37.0095649428, 0.0 ], [ -121.5153737616, 37.0098627501, 0.0 ], [ -121.4937329871, 36.9896949436, 0.0 ], [ -121.4834629851, 36.9856149434, 0.0 ], [ -121.4738929835, 36.9838749435, 0.0 ], [ -121.4667782106, 36.9832346663, 0.0 ], [ -121.4650815221, 36.9837184043, 0.0 ], [ -121.4632940781, 36.9851878636, 0.0 ] ], [ [ -121.4622497894, 36.9857372668, 0.0 ], [ -121.4581655176, 36.987652139, 0.0 ], [ -121.4544108292, 36.9878116652, 0.0 ], [ -121.4510729797, 36.9890749467, 0.0 ], [ -121.44917298, 36.9888749459, 0.0 ], [ -121.4411629784, 36.9845649453, 0.0 ], [ -121.4390829779, 36.9822449463, 0.0 ], [ -121.4377555024, 36.9785929533, 0.0 ] ] ] } },
{ "type": "Feature", "properties": { "route": "4", "current_peak": 12200, "additional_peak": 321, "increase_percent": 2.6311475409836067, "tags": null }, "geometry": { "type": "MultiLineString", "coordinates": [ [ [ -121.8185695061, 37.9987278376, 0.0 ], [ -121.8160228453, 37.99821896, 0.0 ], [ -121.795737776, 37.9980715306, 0.0 ] ] ] } },
{ "type": "Feature", "properties": { "route": "880", "current_peak": 20300, "additional_peak": 835, "increase_percent": 4.1133004926108372, "tags": [ "880" ] }, "geometry": { "type": "MultiLineString", "coordinates": [ [ [ -122.1043646964, 37.6613372383, 0.0 ], [ -122.110487092, 37.6711157591, 0.0 ], [ -122.117122112, 37.6766695787, 0.0 ] ] ] } },
{ "type": "Feature", "properties": { "route": "880", "current_peak": 13700, "additional_peak": 1558, "increase_percent": 11.372262773722627, "tags": [ "880" ] }, "geometry": { "type": "MultiLineString", "coordinates": [ [ [ -122.2023379306, 37.7472437012, 0.0 ], [ -122.2139076207, 37.7604069658, 0.0 ] ] ] } },
{ "type": "Feature", "properties": { "route": "123", "current_peak": 12600, "additional_peak": 854, "increase_percent": 6.7777777777777786, "tags": null }, "geometry": { "type": "MultiLineString", "coordinates": [ [ [ -122.3073630585, 37.9094972427, 0.0 ], [ -122.3111999815, 37.9150925167, 0.0 ] ] ] } },
{ "type": "Feature", "properties": { "route": "880", "current_peak": 2350, "additional_peak": 0, "increase_percent": 0.0, "tags": [ "880" ] }, "geometry": { "type": "MultiLineString", "coordinates": [ [ [ -121.9253266574, 37.3433667395, 0.0 ], [ -121.9223005395, 37.346000122, 0.0 ] ] ] } },
{ "type": "Feature", "properties": { "route": "880", "current_peak": 2000, "additional_peak": 2545, "increase_percent": 127.25, "tags": [ "880" ] }, "geometry": { "type": "MultiLineString", "coordinates": [ [ [ -122.2959089463, 37.818687806, 0.0 ], [ -122.2928395476, 37.8217554774, 0.0 ], [ -122.2913766243, 37.8244324443, 0.0 ] ] ] } },
{ "type": "Feature", "properties": { "route": "82", "current_peak": 8600, "additional_peak": 0, "increase_percent": 0.0, "tags": null }, "geometry": { "type": "MultiLineString", "coordinates": [ [ [ -122.3046452804, 37.5436462364, 0.0 ], [ -122.3118499944, 37.5502499145, 0.0 ] ] ] } },
{ "type": "Feature", "properties": { "route": "280", "current_peak": 11100, "additional_peak": 2060, "increase_percent": 18.558558558558559, "tags": null }, "geometry": { "type": "MultiLineString", "coordinates": [ [ [ -122.4303000217, 37.7323818256, 0.0 ], [ -122.4249713701, 37.7315366809, 0.0 ], [ -122.4186425298, 37.7320354648, 0.0 ] ] ] } },
{ "type": "Feature", "properties": { "route": "80", "current_peak": 4200, "additional_peak": 18, "increase_percent": 0.4285714285714286, "tags": [ "80" ] }, "geometry": { "type": "MultiLineString", "coordinates": [ [ [ -122.2776798048, 38.0059660244, 0.0 ], [ -122.2694064242, 38.014885003, 0.0 ] ] ] } },
{ "type": "Feature", "properties": { "route": "237", "current_peak": 8600, "additional_peak": 15, "increase_percent": 0.1744186046511628, "tags": null }, "geometry": { "type": "MultiLineString", "coordinates": [ [ [ -122.0042515868, 37.4081064521, 0.0 ], [ -121.9879585043, 37.4117288818, 0.0 ] ] ] } },
{ "type": "Feature", "properties": { "route": "92", "current_peak": 3800, "additional_peak": 842, "increase_percent": 22.157894736842103, "tags": null }, "geometry": { "type": "MultiLineString", "coordinates": [ [ [ -122.0965250048, 37.6399520229, 0.0 ], [ -122.0939314308, 37.6444331773, 0.0 ] ] ] } },
{ "type": "Feature", "properties": { "route": "880", "current_peak": 11900, "additional_peak": 95, "increase_percent": 0.79831932773109238, "tags": [ "880" ] }, "geometry": { "type": "MultiLineString", "coordinates": [ [ [ -121.9106190738, 37.4086847506, 0.0 ], [ -121.9146789412, 37.4206226488, 0.0 ] ] ] } },
{ "type": "Feature", "properties": { "route": "82", "current_peak": 2150, "additional_peak": 0, "increase_percent": 0.0, "tags": null }, "geometry": { "type": "MultiLineString", "coordinates": [ [ [ -121.9290751985, 37.3435714394, 0.0 ], [ -121.9335130935, 37.3450849445, 0.0 ], [ -121.9337722098, 37.3458911875, 0.0 ], [ -121.9325195226, 37.3483308876, 0.0 ], [ -121.9334863126, 37.3496930485, 0.0 ] ] ] } },
{ "type": "Feature", "properties": { "route": "25", "current_peak": 2300, "additional_peak": 0, "increase_percent": 0.0, "tags": null }, "geometry": { "type": "MultiLineString", "coordinates": [ [ [ -121.5121780261, 36.9480744576, 0.0 ], [ -121.5254129874, 36.9514649387, 0.0 ], [ -121.5347129904, 36.9600249379, 0.0 ], [ -121.5380629914, 36.9617449379, 0.0 ], [ -121.5455529915, 36.962774937, 0.0 ], [ -121.5516132025, 36.9610383082, 0.0 ] ] ] } },
{ "type": "Feature", "properties": { "route": "80", "current_peak": 12600, "additional_peak": 16, "increase_percent": 0.12698412698412698, "tags": [ "80" ] }, "geometry": { "type": "MultiLineString", "coordinates": [ [ [ -122.3291475239, 37.9623413663, 0.0 ], [ -122.3224441781, 37.9664675485, 0.0 ], [ -122.3202619852, 37.9711116534, 0.0 ] ] ] } },
{ "type": "Feature", "properties": { "route": "280", "current_peak": 17000, "additional_peak": 0, "increase_percent": 0.0, "tags": null }, "geometry": { "type": "MultiLineString", "coordinates": [ [ [ -121.8547586582, 37.3381248255, 0.0 ], [ -121.8640510216, 37.332406077, 0.0 ] ] ] } },
{ "type": "Feature", "properties": { "route": "880", "current_peak": 13600, "additional_peak": 1375, "increase_percent": 10.11029411764706, "tags": [ "880" ] }, "geometry": { "type": "MultiLineString", "coordinates": [ [ [ -122.1831504374, 37.7253872118, 0.0 ], [ -122.1927644494, 37.7362805651, 0.0 ] ] ] } },
{ "type": "Feature", "properties": { "route": "101", "current_peak": 16200, "additional_peak": 0, "increase_percent": 0.0, "tags": null }, "geometry": { "type": "MultiLineString", "coordinates": [ [ [ -121.8097304672, 37.2931613933, 0.0 ], [ -121.8113398208, 37.2977197664, 0.0 ], [ -121.8240038013, 37.3108617588, 0.0 ] ] ] } },
{ "type": "Feature", "properties": { "route": "9", "current_peak": 540, "additional_peak": 0, "increase_percent": 0.0, "tags": null }, "geometry": { "type": "MultiLineString", "coordinates": [ [ [ -122.0938317773, 37.258006266, 0.0 ], [ -122.092044584, 37.257401168, 0.0 ], [ -122.0898376102, 37.2546454977, 0.0 ], [ -122.0830631065, 37.2499449236, 0.0 ], [ -122.0744635343, 37.2475510628, 0.0 ], [ -122.0694469357, 37.2481768166, 0.0 ], [ -122.0681357359, 37.2488442611, 0.0 ], [ -122.0673205884, 37.2515663484, 0.0 ], [ -122.0648804434, 37.2511574784, 0.0 ], [ -122.0638357268, 37.251669121, 0.0 ] ] ] } },
{ "type": "Feature", "properties": { "route": "680", "current_peak": 12500, "additional_peak": 109, "increase_percent": 0.872, "tags": null }, "geometry": { "type": "MultiLineString", "coordinates": [ [ [ -121.9200122886, 37.5474576326, 0.0 ], [ -121.9166627972, 37.5546969066, 0.0 ], [ -121.9121496402, 37.559518017, 0.0 ] ] ] } },
{ "type": "Feature", "properties": { "route": "680", "current_peak": 17400, "additional_peak": 3, "increase_percent": 0.017241379310344827, "tags": null }, "geometry": { "type": "MultiLineString", "coordinates": [ [ [ -121.8416458178, 37.347320318, 0.0 ], [ -121.8386291515, 37.3504480023, 0.0 ], [ -121.8380928925, 37.3538287468, 0.0 ] ] ] } },
{ "type": "Feature", "properties": { "route": "35", "current_peak": 340, "additional_peak": 0, "increase_percent": 0.0, "tags": null }, "geometry": { "type": "MultiLineString", "coordinates": [ [ [ -122.2958110982, 37.4001997085, 0.0 ], [ -122.302601953, 37.4053756843, 0.0 ], [ -122.3070669546, 37.407330683, 0.0 ], [ -122.3076394769, 37.4090660051, 0.0 ], [ -122.3061169547, 37.4111036842, 0.0 ], [ -122.3075763712, 37.412953068, 0.0 ], [ -122.3106511553, 37.4135854733, 0.0 ], [ -122.3190302639, 37.4178150917, 0.0 ], [ -122.3186879114, 37.4197325339, 0.0 ], [ -122.3193929784, 37.4237872151, 0.0 ], [ -122.315022255, 37.4241471971, 0.0 ], [ -122.3111269659, 37.4264402026, 0.0 ], [ -122.3108720573, 37.4278392227, 0.0 ], [ -122.3166890818, 37.4338382901, 0.0 ], [ -122.3207501693, 37.435557782, 0.0 ], [ -122.3251697314, 37.4420809325, 0.0 ], [ -122.3307472812, 37.4461869771, 0.0 ], [ -122.3361083971, 37.4483513521, 0.0 ], [ -122.3379783284, 37.449732416, 0.0 ], [ -122.3406593324, 37.4543546293, 0.0 ], [ -122.3383172867, 37.4577102037, 0.0 ] ], [ [ -122.2319587064, 37.3486898328, 0.0 ], [ -122.2363202871, 37.34964043, 0.0 ], [ -122.2395003618, 37.3513479595, 0.0 ], [ -122.2442673761, 37.3562034878, 0.0 ], [ -122.2471357839, 37.3582575093, 0.0 ], [ -122.2476672173, 37.3599737594, 0.0 ], [ -122.2469259482, 37.3632519277, 0.0 ], [ -122.2478467995, 37.3648580646, 0.0 ], [ -122.2476259568, 37.3672719381, 0.0 ], [ -122.2516265743, 37.3713397163, 0.0 ], [ -122.2524974586, 37.3718679561, 0.0 ], [ -122.2568917277, 37.3721421885, 0.0 ], [ -122.2599647736, 37.3753882001, 0.0 ], [ -122.2628849729, 37.3762379537, 0.0 ], [ -122.2629913981, 37.3831678298, 0.0 ], [ -122.2624238928, 37.3846313259, 0.0 ], [ -122.2638243437, 37.3860825514, 0.0 ] ] ] } },
{ "type": "Feature", "properties": { "route": "82", "current_peak": 4000, "additional_peak": 51, "increase_percent": 1.275, "tags": null }, "geometry": { "type": "MultiLineString", "coordinates": [ [ [ -122.3121605275, 37.5503039391, 0.0 ], [ -122.3190607326, 37.556635485, 0.0 ] ] ] } },
{ "type": "Feature", "properties": { "route": "4", "current_peak": 4700, "additional_peak": 0, "increase_percent": 0.0, "tags": null }, "geometry": { "type": "MultiLineString", "coordinates": [ [ [ -121.7495022581, 37.9861167243, 0.0 ], [ -121.7392207632, 37.9706703413, 0.0 ] ] ] } },
{ "type": "Feature", "properties": { "route": "80", "current_peak": 23200, "additional_peak": 18, "increase_percent": 0.077586206896551727, "tags": [ "80" ] }, "geometry": { "type": "MultiLineString", "coordinates": [ [ [ -122.2938692588, 37.9944291239, 0.0 ], [ -122.2896462209, 37.9951869717, 0.0 ], [ -122.286225898, 37.9969513151, 0.0 ], [ -122.2776798048, 38.0059660244, 0.0 ] ] ] } },
{ "type": "Feature", "properties": { "route": "101", "current_peak": 5500, "additional_peak": 0, "increase_percent": 0.0, "tags": null }, "geometry": { "type": "MultiLineString", "coordinates": [ [ [ -121.7710240986, 37.2429213559, 0.0 ], [ -121.7793144277, 37.2475532657, 0.0 ] ] ] } },
{ "type": "Feature", "properties": { "route": "880", "current_peak": 2000, "additional_peak": 2467, "increase_percent": 123.35, "tags": [ "880" ] }, "geometry": { "type": "MultiLineString", "coordinates": [ [ [ -122.3040331091, 37.8109400156, 0.0 ], [ -122.3023147517, 37.8130836862, 0.0 ], [ -122.2953215694, 37.818302723, 0.0 ] ] ] } },
{ "type": "Feature", "properties": { "route": "280", "current_peak": 2850, "additional_peak": 0, "increase_percent": 0.0, "tags": null }, "geometry": { "type": "MultiLineString", "coordinates": [ [ [ -122.2319819054, 37.4268640434, 0.0 ], [ -122.243183713, 37.435462815, 0.0 ] ] ] } },
{ "type": "Feature", "properties": { "route": "84", "current_peak": 14200, "additional_peak": 104, "increase_percent": 0.73239436619718312, "tags": null }, "geometry": { "type": "MultiLineString", "coordinates": [ [ [ -122.2152062774, 37.4846316552, 0.0 ], [ -122.2138524912, 37.4880048094, 0.0 ], [ -122.2128035275, 37.4889363152, 0.0 ] ] ] } },
{ "type": "Feature", "properties": { "route": "280", "current_peak": 14800, "additional_peak": 0, "increase_percent": 0.0, "tags": null }, "geometry": { "type": "MultiLineString", "coordinates": [ [ [ -121.877137123, 37.3276505497, 0.0 ], [ -121.8805902175, 37.3271182831, 0.0 ], [ -121.8847128671, 37.32543271, 0.0 ] ] ] } },
{ "type": "Feature", "properties": { "route": "280", "current_peak": 13200, "additional_peak": 3, "increase_percent": 0.022727272727272728, "tags": null }, "geometry": { "type": "MultiLineString", "coordinates": [ [ [ -121.8521154673, 37.3397376448, 0.0 ], [ -121.8547586582, 37.3381248255, 0.0 ] ] ] } },
{ "type": "Feature", "properties": { "route": "238", "current_peak": 11700, "additional_peak": 1158, "increase_percent": 9.8974358974358978, "tags": null }, "geometry": { "type": "MultiLineString", "coordinates": [ [ [ -122.1334475462, 37.6905274062, 0.0 ], [ -122.1374066321, 37.69078037, 0.0 ] ] ] } },
{ "type": "Feature", "properties": { "route": "280", "current_peak": 5000, "additional_peak": 665, "increase_percent": 13.3, "tags": null }, "geometry": { "type": "MultiLineString", "coordinates": [ [ [ -122.4713158708, 37.7029057989, 0.0 ], [ -122.4710380001, 37.7051325528, 0.0 ], [ -122.4696064255, 37.7072712471, 0.0 ] ] ] } },
{ "type": "Feature", "properties": { "route": "880", "current_peak": 13600, "additional_peak": 1470, "increase_percent": 10.808823529411764, "tags": [ "880" ] }, "geometry": { "type": "MultiLineString", "coordinates": [ [ [ -122.1721737908, 37.7144934702, 0.0 ], [ -122.176780959, 37.7190555263, 0.0 ] ] ] } },
{ "type": "Feature", "properties": { "route": "24", "current_peak": 11500, "additional_peak": 1982, "increase_percent": 17.234782608695653, "tags": [ "ccc-sf", "24", "24" ] }, "geometry": { "type": "MultiLineString", "coordinates": [ [ [ -122.0836741524, 37.8977278532, 0.0 ], [ -122.0763780625, 37.8959517074, 0.0 ], [ -122.0736830079, 37.8960316696, 0.0 ], [ -122.0714255048, 37.8975805915, 0.0 ], [ -122.0703885049, 37.9013140733, 0.0 ] ] ] } },
{ "type": "Feature", "properties": { "route": "92", "current_peak": 2350, "additional_peak": 0, "increase_percent": 0.0, "tags": null }, "geometry": { "type": "MultiLineString", "coordinates": [ [ [ -122.4007954099, 37.4834942516, 0.0 ], [ -122.3971195099, 37.4866660027, 0.0 ], [ -122.3858974032, 37.4923351656, 0.0 ], [ -122.379552826, 37.4933662449, 0.0 ], [ -122.3779799999, 37.4928951128, 0.0 ], [ -122.3739491928, 37.4894369616, 0.0 ], [ -122.3722187519, 37.4859699418, 0.0 ], [ -122.3708318456, 37.4858138358, 0.0 ], [ -122.3701534747, 37.4865626525, 0.0 ], [ -122.3710444912, 37.4888756071, 0.0 ], [ -122.3697363627, 37.4915835578, 0.0 ], [ -122.3700590914, 37.4947859912, 0.0 ], [ -122.3676451754, 37.4962987321, 0.0 ], [ -122.3637111743, 37.4957947328, 0.0 ], [ -122.3629521752, 37.4969147328, 0.0 ], [ -122.3604261746, 37.497517733, 0.0 ], [ -122.3597431747, 37.4983257324, 0.0 ], [ -122.3599231755, 37.4999637325, 0.0 ], [ -122.3568111742, 37.5002417335, 0.0 ], [ -122.3577054766, 37.5020257625, 0.0 ] ] ] } },
{ "type": "Feature", "properties": { "route": "85", "current_peak": 10600, "additional_peak": 0, "increase_percent": 0.0, "tags": null }, "geometry": { "type": "MultiLineString", "coordinates": [ [ [ -122.0436979344, 37.3105917312, 0.0 ], [ -122.0454731079, 37.3126949324, 0.0 ], [ -122.0495231076, 37.3209349327, 0.0 ], [ -122.0518074797, 37.3280545197, 0.0 ] ] ] } },
{ "type": "Feature", "properties": { "route": "580", "current_peak": 15300, "additional_peak": 7060, "increase_percent": 46.143790849673202, "tags": [ "ccc-sf" ] }, "geometry": { "type": "MultiLineString", "coordinates": [ [ [ -122.3020041298, 37.8256297412, 0.0 ], [ -122.3035904852, 37.8253736819, 0.0 ] ] ] } },
{ "type": "Feature", "properties": { "route": "92", "current_peak": 5800, "additional_peak": 0, "increase_percent": 0.0, "tags": null }, "geometry": { "type": "MultiLineString", "coordinates": [ [ [ -122.3295464959, 37.5178149085, 0.0 ], [ -122.3324021181, 37.5231375906, 0.0 ], [ -122.3313829344, 37.527525247, 0.0 ] ] ] } },
{ "type": "Feature", "properties": { "route": "24", "current_peak": 13000, "additional_peak": 2342, "increase_percent": 18.015384615384615, "tags": [ "ccc-sf", "tunnels", "caldecott", "24", "24" ] }, "geometry": { "type": "MultiLineString", "coordinates": [ [ [ -122.2237025837, 37.8496483819, 0.0 ], [ -122.2210824506, 37.8537156956, 0.0 ], [ -122.2159699586, 37.8550950375, 0.0 ], [ -122.2133255677, 37.8572322382, 0.0 ] ] ] } },
{ "type": "Feature", "properties": { "route": "880", "current_peak": 11600, "additional_peak": 158, "increase_percent": 1.3620689655172415, "tags": [ "880" ] }, "geometry": { "type": "MultiLineString", "coordinates": [ [ [ -121.9017606223, 37.364116737, 0.0 ], [ -121.9011879205, 37.3655398725, 0.0 ] ] ] } },
{ "type": "Feature", "properties": { "route": "85", "current_peak": 9200, "additional_peak": 0, "increase_percent": 0.0, "tags": null }, "geometry": { "type": "MultiLineString", "coordinates": [ [ [ -122.0683971074, 37.3842237958, 0.0 ], [ -122.0688025284, 37.3876413778, 0.0 ] ], [ [ -122.0559133369, 37.3324551602, 0.0 ], [ -122.0582007638, 37.3347555399, 0.0 ] ] ] } },
{ "type": "Feature", "properties": { "route": "880", "current_peak": 13100, "additional_peak": 1872, "increase_percent": 14.290076335877863, "tags": [ "880" ] }, "geometry": { "type": "MultiLineString", "coordinates": [ [ [ -122.213674134, 37.7605322773, 0.0 ], [ -122.2216119176, 37.7703796577, 0.0 ] ] ] } },
{ "type": "Feature", "properties": { "route": "280", "current_peak": 13200, "additional_peak": 0, "increase_percent": 0.0, "tags": null }, "geometry": { "type": "MultiLineString", "coordinates": [ [ [ -122.022808719, 37.334057251, 0.0 ], [ -122.0441330217, 37.3341765771, 0.0 ] ] ] } },
{ "type": "Feature", "properties": { "route": "880", "current_peak": 11700, "additional_peak": 1158, "increase_percent": 9.8974358974358978, "tags": [ "880" ] }, "geometry": { "type": "MultiLineString", "coordinates": [ [ [ -122.1332208745, 37.6875842243, 0.0 ], [ -122.1517321601, 37.7004110336, 0.0 ] ] ] } },
{ "type": "Feature", "properties": { "route": "280", "current_peak": 6400, "additional_peak": 32, "increase_percent": 0.5, "tags": null }, "geometry": { "type": "MultiLineString", "coordinates": [ [ [ -122.4715608753, 37.6781631044, 0.0 ], [ -122.4716727327, 37.6835313254, 0.0 ] ] ] } },
{ "type": "Feature", "properties": { "route": "82", "current_peak": 2750, "additional_peak": 53, "increase_percent": 1.927272727272727, "tags": null }, "geometry": { "type": "MultiLineString", "coordinates": [ [ [ -122.3189178212, 37.5567341511, 0.0 ], [ -122.3266751203, 37.5637412922, 0.0 ] ] ] } },
{ "type": "Feature", "properties": { "route": "123", "current_peak": 1650, "additional_peak": 0, "increase_percent": 0.0, "tags": null }, "geometry": { "type": "MultiLineString", "coordinates": [ [ [ -122.2808428133, 37.8341418297, 0.0 ], [ -122.2848503462, 37.8465614278, 0.0 ] ] ] } },
{ "type": "Feature", "properties": { "route": "80", "current_peak": 12300, "additional_peak": 18, "increase_percent": 0.14634146341463414, "tags": [ "80" ] }, "geometry": { "type": "MultiLineString", "coordinates": [ [ [ -122.3200741848, 37.9710632872, 0.0 ], [ -122.3152442261, 37.9852889685, 0.0 ], [ -122.3128622083, 37.9886431467, 0.0 ], [ -122.3102902346, 37.9906312591, 0.0 ] ] ] } },
{ "type": "Feature", "properties": { "route": "880", "current_peak": 16600, "additional_peak": 835, "increase_percent": 5.0301204819277103, "tags": [ "880" ] }, "geometry": { "type": "MultiLineString", "coordinates": [ [ [ -122.117122112, 37.6766695787, 0.0 ], [ -122.1332208745, 37.6875842243, 0.0 ] ] ] } },
{ "type": "Feature", "properties": { "route": "580", "current_peak": 13200, "additional_peak": 873, "increase_percent": 6.6136363636363633, "tags": null }, "geometry": { "type": "MultiLineString", "coordinates": [ [ [ -122.0678887314, 37.6915095603, 0.0 ], [ -122.0810806183, 37.6908861882, 0.0 ] ] ] } },
{ "type": "Feature", "properties": { "route": "35", "current_peak": 10000, "additional_peak": 0, "increase_percent": 0.0, "tags": null }, "geometry": { "type": "MultiLineString", "coordinates": [ [ [ -122.3383172867, 37.4577102037, 0.0 ], [ -122.3388689622, 37.4586047136, 0.0 ], [ -122.3428941442, 37.4601349083, 0.0 ] ] ] } },
{ "type": "Feature", "properties": { "route": "112", "current_peak": 2500, "additional_peak": 497, "increase_percent": 19.88, "tags": null }, "geometry": { "type": "MultiLineString", "coordinates": [ [ [ -122.1690384395, 37.721531435, 0.0 ], [ -122.1648595685, 37.7225115823, 0.0 ], [ -122.1591366731, 37.7248713254, 0.0 ] ] ] } },
{ "type": "Feature", "properties": { "route": "87", "current_peak": 8100, "additional_peak": 0, "increase_percent": 0.0, "tags": null }, "geometry": { "type": "MultiLineString", "coordinates": [ [ [ -121.8632354608, 37.2742256815, 0.0 ], [ -121.8642781783, 37.2779665743, 0.0 ], [ -121.8675948696, 37.2843390444, 0.0 ] ] ] } },
{ "type": "Feature", "properties": { "route": "185", "current_peak": 11500, "additional_peak": 1098, "increase_percent": 9.5478260869565226, "tags": null }, "geometry": { "type": "MultiLineString", "coordinates": [ [ [ -122.1358320779, 37.710409043, 0.0 ], [ -122.1421349737, 37.7149129477, 0.0 ] ] ] } },
{ "type": "Feature", "properties": { "route": "92", "current_peak": 2150, "additional_peak": 0, "increase_percent": 0.0, "tags": null }, "geometry": { "type": "MultiLineString", "coordinates": [ [ [ -122.4334310602, 37.4679827088, 0.0 ], [ -122.4318207674, 37.4678525681, 0.0 ] ] ] } },
{ "type": "Feature", "properties": { "route": "24", "current_peak": 13800, "additional_peak": 1924, "increase_percent": 13.942028985507246, "tags": [ "ccc-sf", "24", "24" ] }, "geometry": { "type": "MultiLineString", "coordinates": [ [ [ -122.1066858342, 37.8961272858, 0.0 ], [ -122.0977649848, 37.8974945127, 0.0 ], [ -122.0836741524, 37.8977278532, 0.0 ] ] ] } },
{ "type": "Feature", "properties": { "route": "680", "current_peak": 10100, "additional_peak": 535, "increase_percent": 5.2970297029702973, "tags": null }, "geometry": { "type": "MultiLineString", "coordinates": [ [ [ -121.9224015329, 37.7005775679, 0.0 ], [ -121.924321094, 37.7045609314, 0.0 ], [ -121.9309581206, 37.712498396, 0.0 ] ] ] } },
{ "type": "Feature", "properties": { "route": "280", "current_peak": 9200, "additional_peak": 0, "increase_percent": 0.0, "tags": null }, "geometry": { "type": "MultiLineString", "coordinates": [ [ [ -122.0441330217, 37.3341765771, 0.0 ], [ -122.0552533293, 37.3323882572, 0.0 ] ] ] } },
{ "type": "Feature", "properties": { "route": "84", "current_peak": 1000, "additional_peak": 0, "increase_percent": 0.0, "tags": null }, "geometry": { "type": "MultiLineString", "coordinates": [ [ [ -122.265777593, 37.3841900476, 0.0 ], [ -122.2671916635, 37.3850913243, 0.0 ], [ -122.2671525185, 37.3861599604, 0.0 ], [ -122.2636647097, 37.3862372187, 0.0 ] ], [ [ -122.2650402194, 37.415673662, 0.0 ], [ -122.2694335323, 37.4200042746, 0.0 ], [ -122.2690357844, 37.4211687528, 0.0 ], [ -122.2674976485, 37.4220594003, 0.0 ], [ -122.2683859997, 37.4241058325, 0.0 ], [ -122.2662561732, 37.425998322, 0.0 ], [ -122.2601562729, 37.4278998925, 0.0 ] ], [ [ -122.2623266679, 37.3875336175, 0.0 ], [ -122.2638297715, 37.38914387, 0.0 ], [ -122.2614769607, 37.3902974325, 0.0 ], [ -122.2611800037, 37.3915842466, 0.0 ], [ -122.2622704956, 37.3923087444, 0.0 ], [ -122.2607209988, 37.3930432634, 0.0 ], [ -122.25787169, 37.3923701775, 0.0 ], [ -122.256647801, 37.3930909401, 0.0 ], [ -122.2571468747, 37.3961412049, 0.0 ] ] ] } },
{ "type": "Feature", "properties": { "route": "82", "current_peak": 2150, "additional_peak": 0, "increase_percent": 0.0, "tags": null }, "geometry": { "type": "MultiLineString", "coordinates": [ [ [ -121.952473118, 37.352671149, 0.0 ], [ -121.9775596621, 37.3524449408, 0.0 ] ] ] } },
{ "type": "Feature", "properties": { "route": "87", "current_peak": 10100, "additional_peak": 0, "increase_percent": 0.0, "tags": null }, "geometry": { "type": "MultiLineString", "coordinates": [ [ [ -121.9088376468, 37.3497231548, 0.0 ], [ -121.9098392926, 37.3514112681, 0.0 ] ] ] } },
{ "type": "Feature", "properties": { "route": "101", "current_peak": 2800, "additional_peak": 1148, "increase_percent": 41.0, "tags": null }, "geometry": { "type": "MultiLineString", "coordinates": [ [ [ -122.4199393089, 37.7780923687, 0.0 ], [ -122.420633401, 37.7814916853, 0.0 ] ] ] } },
{ "type": "Feature", "properties": { "route": "35", "current_peak": 840, "additional_peak": 0, "increase_percent": 0.0, "tags": null }, "geometry": { "type": "MultiLineString", "coordinates": [ [ [ -122.2286571201, 37.3451033431, 0.0 ], [ -122.2319587064, 37.3486898328, 0.0 ] ] ] } },
{ "type": "Feature", "properties": { "route": "152", "current_peak": 8500, "additional_peak": 0, "increase_percent": 0.0, "tags": null }, "geometry": { "type": "MultiLineString", "coordinates": [ [ [ -121.5666764159, 37.0223251429, 0.0 ], [ -121.5666565807, 37.0223326064, 0.0 ] ] ] } },
{ "type": "Feature", "properties": { "route": "880", "current_peak": 15300, "additional_peak": 95, "increase_percent": 0.62091503267973858, "tags": [ "880" ] }, "geometry": { "type": "MultiLineString", "coordinates": [ [ [ -121.9201191002, 37.4407031702, 0.0 ], [ -121.923326738, 37.4570474563, 0.0 ], [ -121.9289456433, 37.4691340573, 0.0 ] ] ] } },
{ "type": "Feature", "properties": { "route": "680", "current_peak": 10100, "additional_peak": 522, "increase_percent": 5.1683168316831685, "tags": null }, "geometry": { "type": "MultiLineString", "coordinates": [ [ [ -121.9446220767, 37.5226011614, 0.0 ], [ -121.9459792905, 37.5256125413, 0.0 ], [ -121.9448426521, 37.5286102274, 0.0 ], [ -121.9413726991, 37.5310996275, 0.0 ], [ -121.932811453, 37.5355692186, 0.0 ] ] ] } },
{ "type": "Feature", "properties": { "route": "80", "current_peak": 8400, "additional_peak": 7060, "increase_percent": 84.047619047619051, "tags": [ "ccc-sf", "bay-bridge", "80", "80", "80" ] }, "geometry": { "type": "MultiLineString", "coordinates": [ [ [ -122.3020417174, 37.8257984133, 0.0 ], [ -122.2995024257, 37.8263660483, 0.0 ] ] ] } },
{ "type": "Feature", "properties": { "route": "880", "current_peak": 13000, "additional_peak": 2117, "increase_percent": 16.284615384615382, "tags": [ "880" ] }, "geometry": { "type": "MultiLineString", "coordinates": [ [ [ -122.2257646527, 37.772397341, 0.0 ], [ -122.2353603849, 37.7759430269, 0.0 ] ] ] } },
{ "type": "Feature", "properties": { "route": "4", "current_peak": 12600, "additional_peak": 776, "increase_percent": 6.1587301587301591, "tags": null }, "geometry": { "type": "MultiLineString", "coordinates": [ [ [ -121.982589603, 38.0211092781, 0.0 ], [ -121.9768911422, 38.0234159969, 0.0 ], [ -121.9713711574, 38.0240130042, 0.0 ], [ -121.9535703391, 38.0206381797, 0.0 ] ] ] } },
{ "type": "Feature", "properties": { "route": "101", "current_peak": 3000, "additional_peak": 0, "increase_percent": 0.0, "tags": null }, "geometry": { "type": "MultiLineString", "coordinates": [ [ [ -122.4215852795, 37.7861629783, 0.0 ], [ -122.4235497465, 37.7958373936, 0.0 ] ] ] } },
{ "type": "Feature", "properties": { "route": "1", "current_peak": 5800, "additional_peak": 0, "increase_percent": 0.0, "tags": null }, "geometry": { "type": "MultiLineString", "coordinates": [ [ [ -122.4837020937, 37.6599001155, 0.0 ], [ -122.4839668304, 37.6620507472, 0.0 ], [ -122.4854944434, 37.6650250742, 0.0 ], [ -122.484955845, 37.6683906061, 0.0 ] ] ] } },
{ "type": "Feature", "properties": { "route": "580", "current_peak": 14600, "additional_peak": 1129, "increase_percent": 7.7328767123287667, "tags": null }, "geometry": { "type": "MultiLineString", "coordinates": [ [ [ -122.0974705368, 37.6901105277, 0.0 ], [ -122.1003971572, 37.6912725448, 0.0 ], [ -122.1026799558, 37.6934388182, 0.0 ] ] ] } },
{ "type": "Feature", "properties": { "route": "61", "current_peak": 1050, "additional_peak": 0, "increase_percent": 0.0, "tags": null }, "geometry": { "type": "MultiLineString", "coordinates": [ [ [ -122.2520109738, 37.7659215789, 0.0 ], [ -122.2638057434, 37.7710224983, 0.0 ], [ -122.276907193, 37.7714639543, 0.0 ] ] ] } },
{ "type": "Feature", "properties": { "route": "680", "current_peak": 17400, "additional_peak": 3, "increase_percent": 0.017241379310344827, "tags": null }, "geometry": { "type": "MultiLineString", "coordinates": [ [ [ -121.8491614503, 37.3412478548, 0.0 ], [ -121.841414403, 37.3471799127, 0.0 ] ] ] } },
{ "type": "Feature", "properties": { "route": "101", "current_peak": 9400, "additional_peak": 75, "increase_percent": 0.7978723404255319, "tags": null }, "geometry": { "type": "MultiLineString", "coordinates": [ [ [ -121.9020997255, 37.3643526889, 0.0 ], [ -121.9055610866, 37.366187606, 0.0 ] ] ] } },
{ "type": "Feature", "properties": { "route": "101", "current_peak": 20100, "additional_peak": 0, "increase_percent": 0.0, "tags": null }, "geometry": { "type": "MultiLineString", "coordinates": [ [ [ -121.8240038013, 37.3108617588, 0.0 ], [ -121.8415670548, 37.3291571421, 0.0 ] ] ] } },
{ "type": "Feature", "properties": { "route": "80", "current_peak": 12700, "additional_peak": 18, "increase_percent": 0.14173228346456693, "tags": [ "80" ] }, "geometry": { "type": "MultiLineString", "coordinates": [ [ [ -122.3232583169, 37.9289952809, 0.0 ], [ -122.3268223796, 37.9348790278, 0.0 ] ] ] } },
{ "type": "Feature", "properties": { "route": "1", "current_peak": 3600, "additional_peak": 0, "increase_percent": 0.0, "tags": null }, "geometry": { "type": "MultiLineString", "coordinates": [ [ [ -122.484955845, 37.6683906061, 0.0 ], [ -122.4832964725, 37.6699750634, 0.0 ], [ -122.4809456834, 37.6703838662, 0.0 ] ] ] } },
{ "type": "Feature", "properties": { "route": "580", "current_peak": 2500, "additional_peak": 1107, "increase_percent": 44.28, "tags": null }, "geometry": { "type": "MultiLineString", "coordinates": [ [ [ -122.0981351284, 37.6909315221, 0.0 ], [ -122.1005159747, 37.6919077195, 0.0 ], [ -122.1027675193, 37.6939158339, 0.0 ] ] ] } },
{ "type": "Feature", "properties": { "route": "84", "current_peak": 910, "additional_peak": 0, "increase_percent": 0.0, "tags": null }, "geometry": { "type": "MultiLineString", "coordinates": [ [ [ -122.3998774923, 37.3245543596, 0.0 ], [ -122.3929203064, 37.3246992265, 0.0 ] ] ] } },
{ "type": "Feature", "properties": { "route": "84", "current_peak": 1100, "additional_peak": 0, "increase_percent": 0.0, "tags": null }, "geometry": { "type": "MultiLineString", "coordinates": [ [ [ -122.2571468747, 37.3961412049, 0.0 ], [ -122.257299482, 37.3971058744, 0.0 ], [ -122.2587746568, 37.3977522941, 0.0 ], [ -122.2585581268, 37.3982472237, 0.0 ], [ -122.2564069537, 37.3972195407, 0.0 ], [ -122.2542370767, 37.3973231293, 0.0 ], [ -122.2561257738, 37.3983830315, 0.0 ], [ -122.2558764734, 37.3994250556, 0.0 ], [ -122.2567387258, 37.4013126253, 0.0 ], [ -122.2594385423, 37.4003043794, 0.0 ], [ -122.2614872437, 37.3983352626, 0.0 ], [ -122.2602173125, 37.4011499813, 0.0 ], [ -122.2567494328, 37.4041517685, 0.0 ], [ -122.2565029081, 37.406137007, 0.0 ], [ -122.2572167679, 37.4076890274, 0.0 ], [ -122.2650402194, 37.415673662, 0.0 ] ] ] } },
{ "type": "Feature", "properties": { "route": "238", "current_peak": 2500, "additional_peak": 543, "increase_percent": 21.72, "tags": null }, "geometry": { "type": "MultiLineString", "coordinates": [ [ [ -121.9481856401, 37.55510185, 0.0 ], [ -121.9576091209, 37.5611069604, 0.0 ], [ -121.9698557003, 37.5746333273, 0.0 ] ] ] } },
{ "type": "Feature", "properties": { "route": "680", "current_peak": 15900, "additional_peak": 3, "increase_percent": 0.018867924528301886, "tags": null }, "geometry": { "type": "MultiLineString", "coordinates": [ [ [ -121.841414403, 37.3471799127, 0.0 ], [ -121.8384330385, 37.3502799079, 0.0 ], [ -121.837927548, 37.3538484449, 0.0 ] ] ] } },
{ "type": "Feature", "properties": { "route": "84", "current_peak": 2050, "additional_peak": 0, "increase_percent": 0.0, "tags": null }, "geometry": { "type": "MultiLineString", "coordinates": [ [ [ -122.2520749526, 37.4291518257, 0.0 ], [ -122.2492394829, 37.4295198776, 0.0 ], [ -122.2461398993, 37.4319941606, 0.0 ] ] ] } },
{ "type": "Feature", "properties": { "route": "4", "current_peak": 11500, "additional_peak": 321, "increase_percent": 2.7913043478260868, "tags": null }, "geometry": { "type": "MultiLineString", "coordinates": [ [ [ -121.8783561796, 38.0144697765, 0.0 ], [ -121.8521778418, 38.008085806, 0.0 ] ] ] } },
{ "type": "Feature", "properties": { "route": "237", "current_peak": 11400, "additional_peak": 87, "increase_percent": 0.76315789473684204, "tags": null }, "geometry": { "type": "MultiLineString", "coordinates": [ [ [ -122.0432301845, 37.3967651358, 0.0 ], [ -122.0356379842, 37.400619963, 0.0 ] ] ] } },
{ "type": "Feature", "properties": { "route": "380", "current_peak": 5100, "additional_peak": 89, "increase_percent": 1.7450980392156863, "tags": null }, "geometry": { "type": "MultiLineString", "coordinates": [ [ [ -122.4252949193, 37.6304511204, 0.0 ], [ -122.419130999, 37.633113436, 0.0 ] ] ] } },
{ "type": "Feature", "properties": { "route": "101", "current_peak": 14200, "additional_peak": 101, "increase_percent": 0.71126760563380276, "tags": null }, "geometry": { "type": "MultiLineString", "coordinates": [ [ [ -122.2228437223, 37.4929792216, 0.0 ], [ -122.2368129672, 37.4974721241, 0.0 ], [ -122.2406889307, 37.5001547964, 0.0 ] ] ] } },
{ "type": "Feature", "properties": { "route": "580", "current_peak": 14600, "additional_peak": 1097, "increase_percent": 7.5136986301369859, "tags": null }, "geometry": { "type": "MultiLineString", "coordinates": [ [ [ -122.1026799558, 37.6934388182, 0.0 ], [ -122.1038947471, 37.6948061199, 0.0 ] ] ] } },
{ "type": "Feature", "properties": { "route": "1", "current_peak": 2750, "additional_peak": 0, "increase_percent": 0.0, "tags": null }, "geometry": { "type": "MultiLineString", "coordinates": [ [ [ -122.4889258238, 37.6277579232, 0.0 ], [ -122.4898510076, 37.6378760174, 0.0 ] ] ] } },
{ "type": "Feature", "properties": { "route": "9", "current_peak": 5000, "additional_peak": 0, "increase_percent": 0.0, "tags": null }, "geometry": { "type": "MultiLineString", "coordinates": [ [ [ -121.9781128434, 37.2276313723, 0.0 ], [ -121.9750671687, 37.2266501061, 0.0 ] ] ] } },
{ "type": "Feature", "properties": { "route": "680", "current_peak": 10100, "additional_peak": 171, "increase_percent": 1.6930693069306932, "tags": null }, "geometry": { "type": "MultiLineString", "coordinates": [ [ [ -121.8833646717, 37.4248565637, 0.0 ], [ -121.888389964, 37.4347527033, 0.0 ], [ -121.889823694, 37.4407928879, 0.0 ] ] ] } },
{ "type": "Feature", "properties": { "route": "880", "current_peak": 8000, "additional_peak": 5197, "increase_percent": 64.9625, "tags": [ "", "880", "880" ] }, "geometry": { "type": "MultiLineString", "coordinates": [ [ [ -122.2913766243, 37.8244324443, 0.0 ], [ -122.2915510679, 37.8262169682, 0.0 ], [ -122.2937847522, 37.8287295324, 0.0 ], [ -122.2942487348, 37.8324590613, 0.0 ] ] ] } },
{ "type": "Feature", "properties": { "route": "280", "current_peak": 14500, "additional_peak": 0, "increase_percent": 0.0, "tags": null }, "geometry": { "type": "MultiLineString", "coordinates": [ [ [ -121.8771971314, 37.3278463182, 0.0 ], [ -121.8807900927, 37.3272991244, 0.0 ], [ -121.8848331793, 37.325643945, 0.0 ] ] ] } },
{ "type": "Feature", "properties": { "route": "101", "current_peak": 9700, "additional_peak": 0, "increase_percent": 0.0, "tags": null }, "geometry": { "type": "MultiLineString", "coordinates": [ [ [ -121.6297787336, 37.1254838136, 0.0 ], [ -121.6361177841, 37.1360044704, 0.0 ], [ -121.6423099717, 37.1426618053, 0.0 ] ] ] } },
{ "type": "Feature", "properties": { "route": "84", "current_peak": 12000, "additional_peak": 714, "increase_percent": 5.95, "tags": null }, "geometry": { "type": "MultiLineString", "coordinates": [ [ [ -122.0385437381, 37.563576365, 0.0 ], [ -122.0385183959, 37.5636077752, 0.0 ] ] ] } },
{ "type": "Feature", "properties": { "route": "4", "current_peak": 1150, "additional_peak": 0, "increase_percent": 0.0, "tags": null }, "geometry": { "type": "MultiLineString", "coordinates": [ [ [ -121.7449003389, 37.9528442127, 0.0 ], [ -121.7444151094, 37.9489252071, 0.0 ], [ -121.7375532595, 37.9345243176, 0.0 ] ] ] } },
{ "type": "Feature", "properties": { "route": "24", "current_peak": 12600, "additional_peak": 2600, "increase_percent": 20.634920634920633, "tags": [ "ccc-sf", "24", "24" ] }, "geometry": { "type": "MultiLineString", "coordinates": [ [ [ -122.2533266375, 37.8437514897, 0.0 ], [ -122.2407195508, 37.8496657245, 0.0 ], [ -122.2386493608, 37.8498440188, 0.0 ], [ -122.2366341991, 37.849126878, 0.0 ] ] ] } },
{ "type": "Feature", "properties": { "route": "82", "current_peak": 5200, "additional_peak": 0, "increase_percent": 0.0, "tags": null }, "geometry": { "type": "MultiLineString", "coordinates": [ [ [ -122.2217095483, 37.4764621746, 0.0 ], [ -122.2284430498, 37.4813125008, 0.0 ] ] ] } },
{ "type": "Feature", "properties": { "route": "101", "current_peak": 12200, "additional_peak": 69, "increase_percent": 0.56557377049180324, "tags": null }, "geometry": { "type": "MultiLineString", "coordinates": [ [ [ -121.9704626206, 37.3837640542, 0.0 ], [ -122.0043293445, 37.3934911886, 0.0 ] ] ] } },
{ "type": "Feature", "properties": { "route": "92", "current_peak": 4000, "additional_peak": 51, "increase_percent": 1.275, "tags": null }, "geometry": { "type": "MultiLineString", "coordinates": [ [ [ -122.3121327987, 37.550299115, 0.0 ], [ -122.3092264066, 37.5521610281, 0.0 ] ] ] } },
{ "type": "Feature", "properties": { "route": "580", "current_peak": 12600, "additional_peak": 661, "increase_percent": 5.246031746031746, "tags": null }, "geometry": { "type": "MultiLineString", "coordinates": [ [ [ -122.0421298549, 37.6984568127, 0.0 ], [ -122.0453547226, 37.6956173453, 0.0 ], [ -122.048333943, 37.6941162482, 0.0 ], [ -122.0518437228, 37.6935923437, 0.0 ], [ -122.0583697237, 37.6938903428, 0.0 ], [ -122.0678887314, 37.6915095603, 0.0 ] ] ] } },
{ "type": "Feature", "properties": { "route": "123", "current_peak": 2400, "additional_peak": 439, "increase_percent": 18.291666666666668, "tags": null }, "geometry": { "type": "MultiLineString", "coordinates": [ [ [ -122.300419346, 37.8945935301, 0.0 ], [ -122.3026365296, 37.9005527864, 0.0 ] ] ] } },
{ "type": "Feature", "properties": { "route": "130", "current_peak": 14400, "additional_peak": 3, "increase_percent": 0.020833333333333336, "tags": null }, "geometry": { "type": "MultiLineString", "coordinates": [ [ [ -121.8427330142, 37.3589531968, 0.0 ], [ -121.839859265, 37.3603021659, 0.0 ] ] ] } },
{ "type": "Feature", "properties": { "route": "87", "current_peak": 14100, "additional_peak": 0, "increase_percent": 0.0, "tags": null }, "geometry": { "type": "MultiLineString", "coordinates": [ [ [ -121.8823940273, 37.3086009943, 0.0 ], [ -121.8882437838, 37.3152435679, 0.0 ], [ -121.8898933701, 37.3184014383, 0.0 ] ] ] } },
{ "type": "Feature", "properties": { "route": "35", "current_peak": 540, "additional_peak": 0, "increase_percent": 0.0, "tags": null }, "geometry": { "type": "MultiLineString", "coordinates": [ [ [ -122.0776253788, 37.2215438852, 0.0 ], [ -122.0797657846, 37.2234037676, 0.0 ], [ -122.0844700237, 37.2225039856, 0.0 ], [ -122.0907844722, 37.2236646776, 0.0 ], [ -122.092818912, 37.225708635, 0.0 ], [ -122.0931710714, 37.2288471438, 0.0 ], [ -122.0939607435, 37.2299850125, 0.0 ], [ -122.1007390858, 37.2336667764, 0.0 ] ] ] } },
{ "type": "Feature", "properties": { "route": "85", "current_peak": 13800, "additional_peak": 0, "increase_percent": 0.0, "tags": null }, "geometry": { "type": "MultiLineString", "coordinates": [ [ [ -121.8473246017, 37.2550313668, 0.0 ], [ -121.8671169983, 37.2555540223, 0.0 ] ] ] } },
{ "type": "Feature", "properties": { "route": "580", "current_peak": 6700, "additional_peak": 288, "increase_percent": 4.2985074626865671, "tags": null }, "geometry": { "type": "MultiLineString", "coordinates": [ [ [ -122.321482307, 37.9090016513, 0.0 ], [ -122.3281628034, 37.916530618, 0.0 ] ] ] } },
{ "type": "Feature", "properties": { "route": "1", "current_peak": 2850, "additional_peak": 0, "increase_percent": 0.0, "tags": null }, "geometry": { "type": "MultiLineString", "coordinates": [ [ [ -122.5050256066, 37.5948314962, 0.0 ], [ -122.4982467024, 37.601807413, 0.0 ] ] ] } },
{ "type": "Feature", "properties": { "route": "101", "current_peak": 9600, "additional_peak": 121, "increase_percent": 1.2604166666666665, "tags": null }, "geometry": { "type": "MultiLineString", "coordinates": [ [ [ -122.2920394045, 37.5488258488, 0.0 ], [ -122.2960918985, 37.5531425976, 0.0 ] ] ] } },
{ "type": "Feature", "properties": { "route": "580", "current_peak": 11600, "additional_peak": 646, "increase_percent": 5.5689655172413799, "tags": null }, "geometry": { "type": "MultiLineString", "coordinates": [ [ [ -122.2394263275, 37.8072551983, 0.0 ], [ -122.248456253, 37.8102294022, 0.0 ] ] ] } },
{ "type": "Feature", "properties": { "route": "24", "current_peak": 12300, "additional_peak": 2659, "increase_percent": 21.617886178861788, "tags": [ "ccc-sf", "24", "24" ] }, "geometry": { "type": "MultiLineString", "coordinates": [ [ [ -122.2666188221, 37.8327973487, 0.0 ], [ -122.2655570854, 37.837893651, 0.0 ], [ -122.2640715872, 37.8400841646, 0.0 ], [ -122.2621772774, 37.8412103671, 0.0 ], [ -122.2535378801, 37.8440928199, 0.0 ] ] ] } },
{ "type": "Feature", "properties": { "route": "880", "current_peak": 11800, "additional_peak": 714, "increase_percent": 6.0508474576271185, "tags": [ "880" ] }, "geometry": { "type": "MultiLineString", "coordinates": [ [ [ -121.9580723402, 37.49981209, 0.0 ], [ -121.9773105686, 37.515128927, 0.0 ] ] ] } },
{ "type": "Feature", "properties": { "route": "101", "current_peak": 16200, "additional_peak": 104, "increase_percent": 0.64197530864197527, "tags": null }, "geometry": { "type": "MultiLineString", "coordinates": [ [ [ -122.2630584941, 37.5201950253, 0.0 ], [ -122.2753059244, 37.5310504594, 0.0 ], [ -122.2792530863, 37.53532236, 0.0 ] ] ] } },
{ "type": "Feature", "properties": { "route": "4", "current_peak": 9000, "additional_peak": 925, "increase_percent": 10.277777777777777, "tags": null }, "geometry": { "type": "MultiLineString", "coordinates": [ [ [ -122.0298906828, 38.008366381, 0.0 ], [ -122.0103897378, 38.0114467177, 0.0 ] ] ] } },
{ "type": "Feature", "properties": { "route": "880", "current_peak": 11700, "additional_peak": 98, "increase_percent": 0.83760683760683763, "tags": [ "880" ] }, "geometry": { "type": "MultiLineString", "coordinates": [ [ [ -121.910794321, 37.4086528364, 0.0 ], [ -121.9148494421, 37.4205857136, 0.0 ] ] ] } },
{ "type": "Feature", "properties": { "route": "680", "current_peak": 14200, "additional_peak": 1225, "increase_percent": 8.626760563380282, "tags": [ "ccc-sf" ] }, "geometry": { "type": "MultiLineString", "coordinates": [ [ [ -122.0601705288, 37.92997829, 0.0 ], [ -122.0601359287, 37.9362497205, 0.0 ] ] ] } },
{ "type": "Feature", "properties": { "route": "237", "current_peak": 11000, "additional_peak": 156, "increase_percent": 1.4181818181818182, "tags": null }, "geometry": { "type": "MultiLineString", "coordinates": [ [ [ -121.8979301758, 37.4326706636, 0.0 ], [ -121.8885578151, 37.4347874105, 0.0 ] ] ] } },
{ "type": "Feature", "properties": { "route": "13", "current_peak": 3450, "additional_peak": 141, "increase_percent": 4.0869565217391299, "tags": null }, "geometry": { "type": "MultiLineString", "coordinates": [ [ [ -122.244583803, 37.8581175317, 0.0 ], [ -122.2507457214, 37.8577496676, 0.0 ], [ -122.2524982997, 37.8570825509, 0.0 ] ] ] } },
{ "type": "Feature", "properties": { "route": "880", "current_peak": 13200, "additional_peak": 1825, "increase_percent": 13.825757575757574, "tags": [ "880" ] }, "geometry": { "type": "MultiLineString", "coordinates": [ [ [ -122.2139076207, 37.7604069658, 0.0 ], [ -122.2222670751, 37.7705394616, 0.0 ] ] ] } },
{ "type": "Feature", "properties": { "route": "4", "current_peak": 1650, "additional_peak": 0, "increase_percent": 0.0, "tags": null }, "geometry": { "type": "MultiLineString", "coordinates": [ [ [ -121.6770376576, 37.8965292003, 0.0 ], [ -121.6414463038, 37.8964702176, 0.0 ], [ -121.641302516, 37.8933939072, 0.0 ] ] ] } },
{ "type": "Feature", "properties": { "route": "237", "current_peak": 6600, "additional_peak": 15, "increase_percent": 0.22727272727272727, "tags": null }, "geometry": { "type": "MultiLineString", "coordinates": [ [ [ -122.0313594797, 37.4021040195, 0.0 ], [ -122.0183317908, 37.4049138942, 0.0 ] ] ] } },
{ "type": "Feature", "properties": { "route": "101", "current_peak": 15600, "additional_peak": 2467, "increase_percent": 15.814102564102564, "tags": null }, "geometry": { "type": "MultiLineString", "coordinates": [ [ [ -122.4067488009, 37.7353450638, 0.0 ], [ -122.4079889694, 37.7386214669, 0.0 ], [ -122.4071376088, 37.7419938393, 0.0 ] ] ] } },
{ "type": "Feature", "properties": { "route": "880", "current_peak": 10300, "additional_peak": 0, "increase_percent": 0.0, "tags": [ "880" ] }, "geometry": { "type": "MultiLineString", "coordinates": [ [ [ -121.9409268989, 37.3261178217, 0.0 ], [ -121.9408346442, 37.3296103566, 0.0 ], [ -121.9399286438, 37.3315523578, 0.0 ], [ -121.9313746355, 37.3385123126, 0.0 ] ] ] } },
{ "type": "Feature", "properties": { "route": "4", "current_peak": 11000, "additional_peak": 321, "increase_percent": 2.918181818181818, "tags": null }, "geometry": { "type": "MultiLineString", "coordinates": [ [ [ -121.795737776, 37.9980715306, 0.0 ], [ -121.7717454329, 37.9939775851, 0.0 ] ] ] } },
{ "type": "Feature", "properties": { "route": "130", "current_peak": 4000, "additional_peak": 0, "increase_percent": 0.0, "tags": null }, "geometry": { "type": "MultiLineString", "coordinates": [ [ [ -121.8265919477, 37.3670640774, 0.0 ], [ -121.8243112543, 37.3708081034, 0.0 ] ] ] } },
{ "type": "Feature", "properties": { "route": "101", "current_peak": 8500, "additional_peak": 0, "increase_percent": 0.0, "tags": null }, "geometry": { "type": "MultiLineString", "coordinates": [ [ [ -121.7852982924, 37.2507873382, 0.0 ], [ -121.794980824, 37.2561346482, 0.0 ], [ -121.7978720185, 37.2584332054, 0.0 ], [ -121.800484667, 37.2621594427, 0.0 ], [ -121.8029097871, 37.2693346746, 0.0 ] ], [ [ -121.5765861461, 37.0405975009, 0.0 ], [ -121.5915696742, 37.0742418773, 0.0 ] ] ] } },
{ "type": "Feature", "properties": { "route": "680", "current_peak": 14400, "additional_peak": 3, "increase_percent": 0.020833333333333336, "tags": null }, "geometry": { "type": "MultiLineString", "coordinates": [ [ [ -121.837927548, 37.3538484449, 0.0 ], [ -121.8397036447, 37.3575781713, 0.0 ] ] ] } },
{ "type": "Feature", "properties": { "route": "35", "current_peak": 340, "additional_peak": 0, "increase_percent": 0.0, "tags": null }, "geometry": { "type": "MultiLineString", "coordinates": [ [ [ -122.2958110982, 37.4001997085, 0.0 ], [ -122.302601953, 37.4053756843, 0.0 ], [ -122.3070669546, 37.407330683, 0.0 ], [ -122.3076394769, 37.4090660051, 0.0 ], [ -122.3061169547, 37.4111036842, 0.0 ], [ -122.3075763712, 37.412953068, 0.0 ], [ -122.3106511553, 37.4135854733, 0.0 ], [ -122.3190302639, 37.4178150917, 0.0 ], [ -122.3186879114, 37.4197325339, 0.0 ], [ -122.3193929784, 37.4237872151, 0.0 ], [ -122.315022255, 37.4241471971, 0.0 ], [ -122.3111269659, 37.4264402026, 0.0 ], [ -122.3108720573, 37.4278392227, 0.0 ], [ -122.3166890818, 37.4338382901, 0.0 ], [ -122.3207501693, 37.435557782, 0.0 ], [ -122.3251697314, 37.4420809325, 0.0 ], [ -122.3307472812, 37.4461869771, 0.0 ], [ -122.3361083971, 37.4483513521, 0.0 ], [ -122.3379783284, 37.449732416, 0.0 ], [ -122.3406593324, 37.4543546293, 0.0 ], [ -122.3383172867, 37.4577102037, 0.0 ] ] ] } },
{ "type": "Feature", "properties": { "route": "123", "current_peak": 2500, "additional_peak": 535, "increase_percent": 21.4, "tags": null }, "geometry": { "type": "MultiLineString", "coordinates": [ [ [ -122.3168602686, 37.9230669636, 0.0 ], [ -122.3184992176, 37.9254189633, 0.0 ], [ -122.3196534475, 37.9254122266, 0.0 ] ] ] } },
{ "type": "Feature", "properties": { "route": "980", "current_peak": 11200, "additional_peak": 2811, "increase_percent": 25.098214285714288, "tags": null }, "geometry": { "type": "MultiLineString", "coordinates": [ [ [ -122.2763435514, 37.7988081293, 0.0 ], [ -122.2794031979, 37.8002639567, 0.0 ], [ -122.2803881381, 37.8025776307, 0.0 ] ] ] } },
{ "type": "Feature", "properties": { "route": "84", "current_peak": 1050, "additional_peak": 0, "increase_percent": 0.0, "tags": null }, "geometry": { "type": "MultiLineString", "coordinates": [ [ [ -121.9147683896, 37.5940919699, 0.0 ], [ -121.9118896439, 37.5937071033, 0.0 ], [ -121.9059326439, 37.5955841051, 0.0 ], [ -121.9038146438, 37.5956621049, 0.0 ], [ -121.8867826399, 37.5926081053, 0.0 ], [ -121.8822577656, 37.5929210965, 0.0 ], [ -121.8767701622, 37.5905511947, 0.0 ] ] ] } },
{ "type": "Feature", "properties": { "route": "9", "current_peak": 1800, "additional_peak": 0, "increase_percent": 0.0, "tags": null }, "geometry": { "type": "MultiLineString", "coordinates": [ [ [ -122.0057374196, 37.2422086224, 0.0 ], [ -121.9970730905, 37.2399749297, 0.0 ], [ -121.989449143, 37.2340954282, 0.0 ] ] ] } },
{ "type": "Feature", "properties": { "route": "680", "current_peak": 10100, "additional_peak": 574, "increase_percent": 5.6831683168316838, "tags": null }, "geometry": { "type": "MultiLineString", "coordinates": [ [ [ -121.9329780076, 37.5357561617, 0.0 ], [ -121.9264402979, 37.5392442123, 0.0 ], [ -121.9218358832, 37.543220983, 0.0 ], [ -121.9204786213, 37.5449925444, 0.0 ], [ -121.9200122886, 37.5474576326, 0.0 ] ] ] } },
{ "type": "Feature", "properties": { "route": "101", "current_peak": 2500, "additional_peak": 101, "increase_percent": 4.04, "tags": null }, "geometry": { "type": "MultiLineString", "coordinates": [ [ [ -122.2406889307, 37.5001547964, 0.0 ], [ -122.2461518913, 37.5049738189, 0.0 ] ] ] } },
{ "type": "Feature", "properties": { "route": "13", "current_peak": 10100, "additional_peak": 723, "increase_percent": 7.1584158415841577, "tags": null }, "geometry": { "type": "MultiLineString", "coordinates": [ [ [ -122.1774298425, 37.783991959, 0.0 ], [ -122.1811799624, 37.7886207504, 0.0 ] ] ] } },
{ "type": "Feature", "properties": { "route": "130", "current_peak": 4000, "additional_peak": 0, "increase_percent": 0.0, "tags": null }, "geometry": { "type": "MultiLineString", "coordinates": [ [ [ -121.8267303116, 37.3671183881, 0.0 ], [ -121.824411631, 37.3708474994, 0.0 ] ] ] } },
{ "type": "Feature", "properties": { "route": "238", "current_peak": 13000, "additional_peak": 1118, "increase_percent": 8.6, "tags": null }, "geometry": { "type": "MultiLineString", "coordinates": [ [ [ -122.0918945905, 37.6849735071, 0.0 ], [ -122.0927403489, 37.685606537, 0.0 ] ] ] } },
{ "type": "Feature", "properties": { "route": "380", "current_peak": 2600, "additional_peak": 0, "increase_percent": 0.0, "tags": null }, "geometry": { "type": "MultiLineString", "coordinates": [ [ [ -122.4011580346, 37.637982239, 0.0 ], [ -122.3976893804, 37.6385970564, 0.0 ] ] ] } },
{ "type": "Feature", "properties": { "route": "680", "current_peak": 12100, "additional_peak": 67, "increase_percent": 0.55371900826446285, "tags": null }, "geometry": { "type": "MultiLineString", "coordinates": [ [ [ -121.9840906175, 37.7942679243, 0.0 ], [ -121.9880309839, 37.7999468844, 0.0 ], [ -121.992911547, 37.8110087758, 0.0 ], [ -121.9934486755, 37.8170483593, 0.0 ] ] ] } },
{ "type": "Feature", "properties": { "route": "680", "current_peak": 14200, "additional_peak": 1153, "increase_percent": 8.1197183098591541, "tags": [ "ccc-sf" ] }, "geometry": { "type": "MultiLineString", "coordinates": [ [ [ -122.0604334468, 37.9362455146, 0.0 ], [ -122.0597624995, 37.9421094907, 0.0 ] ] ] } },
{ "type": "Feature", "properties": { "route": "580", "current_peak": 12400, "additional_peak": 0, "increase_percent": 0.0, "tags": null }, "geometry": { "type": "MultiLineString", "coordinates": [ [ [ -121.7570305918, 37.7030079261, 0.0 ], [ -121.76299829, 37.7027819489, 0.0 ], [ -121.7794747401, 37.7003155999, 0.0 ] ] ] } },
{ "type": "Feature", "properties": { "route": "260", "current_peak": 11000, "additional_peak": 2224, "increase_percent": 20.218181818181819, "tags": null }, "geometry": { "type": "MultiLineString", "coordinates": [ [ [ -122.2726403767, 37.7975256335, 0.0 ], [ -122.2725879817, 37.7975730858, 0.0 ] ] ] } },
{ "type": "Feature", "properties": { "route": "4", "current_peak": 2450, "additional_peak": 16, "increase_percent": 0.65306122448979598, "tags": null }, "geometry": { "type": "MultiLineString", "coordinates": [ [ [ -122.2724730953, 38.0159696308, 0.0 ], [ -122.269338761, 38.0151280732, 0.0 ] ], [ [ -122.2625617114, 38.0134274354, 0.0 ], [ -122.2470979127, 38.0152729309, 0.0 ], [ -122.2431640922, 38.0151031381, 0.0 ], [ -122.2377115807, 38.0139478153, 0.0 ], [ -122.2289222115, 38.0103122339, 0.0 ], [ -122.2196960887, 38.008392597, 0.0 ], [ -122.2165656171, 38.0082511095, 0.0 ] ] ] } },
{ "type": "Feature", "properties": { "route": "152", "current_peak": 5800, "additional_peak": 0, "increase_percent": 0.0, "tags": null }, "geometry": { "type": "MultiLineString", "coordinates": [ [ [ -121.5565075296, 37.0030507472, 0.0 ], [ -121.5515030457, 37.0043204272, 0.0 ], [ -121.5364329947, 37.0031849414, 0.0 ], [ -121.5252929922, 36.9992449418, 0.0 ], [ -121.523302993, 36.9999549417, 0.0 ], [ -121.5213363814, 37.0027252817, 0.0 ] ] ] } },
{ "type": "Feature", "properties": { "route": "4", "current_peak": 12400, "additional_peak": 321, "increase_percent": 2.588709677419355, "tags": null }, "geometry": { "type": "MultiLineString", "coordinates": [ [ [ -121.8521778418, 38.008085806, 0.0 ], [ -121.8294188308, 38.0017261479, 0.0 ] ] ] } },
{ "type": "Feature", "properties": { "route": "880", "current_peak": 7300, "additional_peak": 2545, "increase_percent": 34.863013698630134, "tags": [ "880" ] }, "geometry": { "type": "MultiLineString", "coordinates": [ [ [ -122.2999056309, 37.8024353651, 0.0 ], [ -122.3025051083, 37.8038913514, 0.0 ], [ -122.3043553764, 37.8061508868, 0.0 ], [ -122.3049721318, 37.808534155, 0.0 ], [ -122.3044143143, 37.8110301504, 0.0 ] ] ] } },
{ "type": "Feature", "properties": { "route": "280", "current_peak": 12500, "additional_peak": 32, "increase_percent": 0.256, "tags": null }, "geometry": { "type": "MultiLineString", "coordinates": [ [ [ -122.4451888802, 37.6425608218, 0.0 ], [ -122.4494113382, 37.6450722695, 0.0 ], [ -122.4534798171, 37.6513196535, 0.0 ], [ -122.4572069322, 37.6544189081, 0.0 ] ] ] } },
{ "type": "Feature", "properties": { "route": "680", "current_peak": 9500, "additional_peak": 647, "increase_percent": 6.810526315789474, "tags": null }, "geometry": { "type": "MultiLineString", "coordinates": [ [ [ -121.9330375738, 37.5041049369, 0.0 ], [ -121.9351002046, 37.5063263713, 0.0 ], [ -121.9422031862, 37.5183900093, 0.0 ], [ -121.9458534133, 37.522513744, 0.0 ] ] ] } },
{ "type": "Feature", "properties": { "route": "101", "current_peak": 13700, "additional_peak": 402, "increase_percent": 2.9343065693430659, "tags": null }, "geometry": { "type": "MultiLineString", "coordinates": [ [ [ -122.3983168249, 37.6644510584, 0.0 ], [ -122.3945268256, 37.6681180936, 0.0 ] ] ] } },
{ "type": "Feature", "properties": { "route": "238", "current_peak": 2900, "additional_peak": 261, "increase_percent": 9.0, "tags": null }, "geometry": { "type": "MultiLineString", "coordinates": [ [ [ -121.9770446442, 37.5787047196, 0.0 ], [ -121.9862941281, 37.5794389594, 0.0 ], [ -121.9904471286, 37.5805999601, 0.0 ], [ -122.0034253106, 37.5912414939, 0.0 ] ] ] } },
{ "type": "Feature", "properties": { "route": "24", "current_peak": 13700, "additional_peak": 2342, "increase_percent": 17.094890510948904, "tags": [ "ccc-sf", "tunnels", "caldecott", "24", "24" ] }, "geometry": { "type": "MultiLineString", "coordinates": [ [ [ -122.2133255677, 37.8572322382, 0.0 ], [ -122.2100113273, 37.8603137805, 0.0 ], [ -122.2089004096, 37.8641270225, 0.0 ], [ -122.2076820677, 37.8655317781, 0.0 ], [ -122.2028829521, 37.8670718011, 0.0 ], [ -122.196581194, 37.8676379602, 0.0 ], [ -122.1899545988, 37.8722034097, 0.0 ] ] ] } },
{ "type": "Feature", "properties": { "route": "9", "current_peak": 760, "additional_peak": 0, "increase_percent": 0.0, "tags": null }, "geometry": { "type": "MultiLineString", "coordinates": [ [ [ -122.0938317773, 37.258006266, 0.0 ], [ -122.092044584, 37.257401168, 0.0 ], [ -122.0898376102, 37.2546454977, 0.0 ], [ -122.0830631065, 37.2499449236, 0.0 ], [ -122.0744635343, 37.2475510628, 0.0 ], [ -122.0694469357, 37.2481768166, 0.0 ], [ -122.0681357359, 37.2488442611, 0.0 ], [ -122.0673205884, 37.2515663484, 0.0 ], [ -122.0648804434, 37.2511574784, 0.0 ], [ -122.0638357268, 37.251669121, 0.0 ] ] ] } },
{ "type": "Feature", "properties": { "route": "101", "current_peak": 16400, "additional_peak": 79, "increase_percent": 0.48170731707317072, "tags": null }, "geometry": { "type": "MultiLineString", "coordinates": [ [ [ -122.3005891644, 37.5579849794, 0.0 ], [ -122.3096514239, 37.5667099552, 0.0 ] ] ] } },
{ "type": "Feature", "properties": { "route": "84", "current_peak": 7500, "additional_peak": 23, "increase_percent": 0.3066666666666667, "tags": [ "bridges" ] }, "geometry": { "type": "MultiLineString", "coordinates": [ [ [ -122.1458370645, 37.4835645463, 0.0 ], [ -122.1362223659, 37.492141463, 0.0 ] ] ] } },
{ "type": "Feature", "properties": { "route": "101", "current_peak": 16200, "additional_peak": 101, "increase_percent": 0.62345679012345678, "tags": null }, "geometry": { "type": "MultiLineString", "coordinates": [ [ [ -122.2794323284, 37.5352124956, 0.0 ], [ -122.2920394045, 37.5488258488, 0.0 ] ] ] } },
{ "type": "Feature", "properties": { "route": "880", "current_peak": 7700, "additional_peak": 2584, "increase_percent": 33.558441558441558, "tags": [ "880" ] }, "geometry": { "type": "MultiLineString", "coordinates": [ [ [ -122.2859060592, 37.8024903829, 0.0 ], [ -122.2899948517, 37.8027415966, 0.0 ], [ -122.2964860204, 37.8018354976, 0.0 ], [ -122.2999056309, 37.8024353651, 0.0 ] ] ] } },
{ "type": "Feature", "properties": { "route": "242", "current_peak": 11600, "additional_peak": 1225, "increase_percent": 10.560344827586206, "tags": null }, "geometry": { "type": "MultiLineString", "coordinates": [ [ [ -122.0522245671, 37.9579039766, 0.0 ], [ -122.0501332294, 37.9635871492, 0.0 ] ] ] } },
{ "type": "Feature", "properties": { "route": "101", "current_peak": 2500, "additional_peak": 121, "increase_percent": 4.84, "tags": null }, "geometry": { "type": "MultiLineString", "coordinates": [ [ [ -122.3439425845, 37.5868900712, 0.0 ], [ -122.3456910111, 37.5869356102, 0.0 ] ] ] } },
{ "type": "Feature", "properties": { "route": "4", "current_peak": 4200, "additional_peak": 18, "increase_percent": 0.4285714285714286, "tags": null }, "geometry": { "type": "MultiLineString", "coordinates": [ [ [ -122.2724730953, 38.0159696308, 0.0 ], [ -122.2693596722, 38.0150529529, 0.0 ] ] ] } },
{ "type": "Feature", "properties": { "route": "101", "current_peak": 11400, "additional_peak": 69, "increase_percent": 0.60526315789473684, "tags": null }, "geometry": { "type": "MultiLineString", "coordinates": [ [ [ -121.9530196321, 37.3788619317, 0.0 ], [ -121.9704626206, 37.3837640542, 0.0 ] ] ] } },
{ "type": "Feature", "properties": { "route": "280", "current_peak": 12100, "additional_peak": 0, "increase_percent": 0.0, "tags": null }, "geometry": { "type": "MultiLineString", "coordinates": [ [ [ -122.0227239194, 37.3343093973, 0.0 ], [ -122.044172747, 37.3344801132, 0.0 ] ] ] } },
{ "type": "Feature", "properties": { "route": "237", "current_peak": 4650, "additional_peak": 15, "increase_percent": 0.32258064516129031, "tags": null }, "geometry": { "type": "MultiLineString", "coordinates": [ [ [ -121.9313720422, 37.4222527704, 0.0 ], [ -121.9250618951, 37.4230279929, 0.0 ], [ -121.918576076, 37.4252259633, 0.0 ] ] ] } },
{ "type": "Feature", "properties": { "route": "580", "current_peak": 6500, "additional_peak": 0, "increase_percent": 0.0, "tags": null }, "geometry": { "type": "MultiLineString", "coordinates": [ [ [ -122.3960648703, 37.9327205828, 0.0 ], [ -122.3999718028, 37.9321003373, 0.0 ], [ -122.4022698125, 37.9323403964, 0.0 ] ] ] } },
{ "type": "Feature", "properties": { "route": "82", "current_peak": 2750, "additional_peak": 0, "increase_percent": 0.0, "tags": null }, "geometry": { "type": "MultiLineString", "coordinates": [ [ [ -122.1736952174, 37.4482444186, 0.0 ], [ -122.1797229046, 37.4520359987, 0.0 ], [ -122.1915958472, 37.4579282704, 0.0 ] ] ] } },
{ "type": "Feature", "properties": { "route": "156", "current_peak": 2300, "additional_peak": 0, "increase_percent": 0.0, "tags": null }, "geometry": { "type": "MultiLineString", "coordinates": [ [ [ -121.383603997, 36.9598233675, 0.0 ], [ -121.3834581807, 36.9667554264, 0.0 ], [ -121.3823129688, 36.9727549498, 0.0 ] ] ] } },
{ "type": "Feature", "properties": { "route": "680", "current_peak": 10800, "additional_peak": 67, "increase_percent": 0.62037037037037035, "tags": null }, "geometry": { "type": "MultiLineString", "coordinates": [ [ [ -121.9709421844, 37.7683857233, 0.0 ], [ -121.9840906175, 37.7942679243, 0.0 ] ] ] } },
{ "type": "Feature", "properties": { "route": "152", "current_peak": 880, "additional_peak": 0, "increase_percent": 0.0, "tags": null }, "geometry": { "type": "MultiLineString", "coordinates": [ [ [ -121.717912433, 36.9955781102, 0.0 ], [ -121.7146092822, 36.9973279078, 0.0 ], [ -121.7151803529, 36.9958823853, 0.0 ], [ -121.714439745, 36.994900857, 0.0 ], [ -121.7072359256, 36.9948146014, 0.0 ], [ -121.7066708045, 36.9945677328, 0.0 ], [ -121.7062930647, 36.9923012952, 0.0 ], [ -121.7027833595, 36.9918878646, 0.0 ], [ -121.6983367392, 36.9897195812, 0.0 ], [ -121.6966265023, 36.9896006085, 0.0 ], [ -121.6938752501, 36.9911888972, 0.0 ], [ -121.6893959159, 36.9922685801, 0.0 ], [ -121.6883073114, 36.9957515152, 0.0 ], [ -121.6867785072, 36.9975004196, 0.0 ], [ -121.6863561535, 36.9997281906, 0.0 ], [ -121.6845596613, 37.0027054916, 0.0 ], [ -121.6813730163, 37.0039049313, 0.0 ], [ -121.6728830161, 37.0032449322, 0.0 ], [ -121.6718530159, 37.0041549319, 0.0 ], [ -121.6691259058, 37.0049570764, 0.0 ], [ -121.6658130152, 37.0093549323, 0.0 ], [ -121.6604890796, 37.0118799682, 0.0 ], [ -121.6535050142, 37.0134159344, 0.0 ], [ -121.6387630109, 37.013534935, 0.0 ], [ -121.6337230112, 37.0134149352, 0.0 ], [ -121.6291444348, 37.0116777161, 0.0 ], [ -121.6250329023, 37.0116980998, 0.0 ] ] ] } },
{ "type": "Feature", "properties": { "route": "4", "current_peak": 5800, "additional_peak": 18, "increase_percent": 0.31034482758620691, "tags": null }, "geometry": { "type": "MultiLineString", "coordinates": [ [ [ -122.0756246429, 37.9925230383, 0.0 ], [ -122.069913054, 37.9945082645, 0.0 ] ] ] } },
{ "type": "Feature", "properties": { "route": "101", "current_peak": 13400, "additional_peak": 104, "increase_percent": 0.77611940298507465, "tags": null }, "geometry": { "type": "MultiLineString", "coordinates": [ [ [ -122.2792530863, 37.53532236, 0.0 ], [ -122.2918559622, 37.5489327712, 0.0 ] ], [ [ -122.1677276749, 37.4763515416, 0.0 ], [ -122.1805992512, 37.4834198031, 0.0 ] ] ] } },
{ "type": "Feature", "properties": { "route": "101", "current_peak": 11400, "additional_peak": 83, "increase_percent": 0.72807017543859653, "tags": null }, "geometry": { "type": "MultiLineString", "coordinates": [ [ [ -122.0434001253, 37.4022571936, 0.0 ], [ -122.0586880864, 37.4058672055, 0.0 ] ] ] } },
{ "type": "Feature", "properties": { "route": "280", "current_peak": 570, "additional_peak": 0, "increase_percent": 0.0, "tags": null }, "geometry": { "type": "MultiLineString", "coordinates": [ [ [ -122.4222384366, 37.5987538361, 0.0 ], [ -122.426850149, 37.6028396144, 0.0 ] ], [ [ -122.3438164792, 37.510535265, 0.0 ], [ -122.3521594122, 37.5177207886, 0.0 ] ] ] } },
{ "type": "Feature", "properties": { "route": "237", "current_peak": 6600, "additional_peak": 0, "increase_percent": 0.0, "tags": null }, "geometry": { "type": "MultiLineString", "coordinates": [ [ [ -122.0555026153, 37.3890610374, 0.0 ], [ -122.0433252146, 37.3968689665, 0.0 ] ] ] } },
{ "type": "Feature", "properties": { "route": "680", "current_peak": 11500, "additional_peak": 2025, "increase_percent": 17.608695652173914, "tags": [ "ccc-sf" ] }, "geometry": { "type": "MultiLineString", "coordinates": [ [ [ -122.0704457017, 37.9021104068, 0.0 ], [ -122.0681185863, 37.9105190159, 0.0 ] ] ] } },
{ "type": "Feature", "properties": { "route": "4", "current_peak": 3600, "additional_peak": 16, "increase_percent": 0.44444444444444442, "tags": null }, "geometry": { "type": "MultiLineString", "coordinates": [ [ [ -122.1534838041, 38.0036621442, 0.0 ], [ -122.1469748963, 37.9997259368, 0.0 ], [ -122.1427628954, 37.9922959369, 0.0 ], [ -122.1398758942, 37.9901479358, 0.0 ], [ -122.1352798923, 37.9897109356, 0.0 ], [ -122.1277968918, 37.9911869374, 0.0 ], [ -122.1250263862, 37.9924382645, 0.0 ] ] ] } },
{ "type": "Feature", "properties": { "route": "680", "current_peak": 12200, "additional_peak": 67, "increase_percent": 0.5491803278688524, "tags": null }, "geometry": { "type": "MultiLineString", "coordinates": [ [ [ -121.9964158234, 37.8265785826, 0.0 ], [ -122.0048256682, 37.8321083397, 0.0 ] ] ] } },
{ "type": "Feature", "properties": { "route": "87", "current_peak": 15500, "additional_peak": 0, "increase_percent": 0.0, "tags": null }, "geometry": { "type": "MultiLineString", "coordinates": [ [ [ -121.882122647, 37.3087393365, 0.0 ], [ -121.8880233866, 37.3155012628, 0.0 ], [ -121.8895964019, 37.3185111198, 0.0 ] ] ] } },
{ "type": "Feature", "properties": { "route": "92", "current_peak": 6400, "additional_peak": 26, "increase_percent": 0.40625, "tags": null }, "geometry": { "type": "MultiLineString", "coordinates": [ [ [ -122.1053221195, 37.6344019694, 0.0 ], [ -122.0993097816, 37.6367557968, 0.0 ], [ -122.0966875001, 37.6400276108, 0.0 ] ] ] } },
{ "type": "Feature", "properties": { "route": "1", "current_peak": 6900, "additional_peak": 670, "increase_percent": 9.7101449275362324, "tags": null }, "geometry": { "type": "MultiLineString", "coordinates": [ [ [ -122.4714672297, 37.7073417353, 0.0 ], [ -122.4712751054, 37.7111267006, 0.0 ] ] ] } },
{ "type": "Feature", "properties": { "route": "77", "current_peak": 13100, "additional_peak": 1872, "increase_percent": 14.290076335877863, "tags": null }, "geometry": { "type": "MultiLineString", "coordinates": [ [ [ -122.2211356892, 37.7694341281, 0.0 ], [ -122.2202744174, 37.7700534178, 0.0 ] ] ] } },
{ "type": "Feature", "properties": { "route": "280", "current_peak": 15800, "additional_peak": 32, "increase_percent": 0.20253164556962028, "tags": null }, "geometry": { "type": "MultiLineString", "coordinates": [ [ [ -122.433119678, 37.6288574828, 0.0 ], [ -122.43697419, 37.6319065738, 0.0 ], [ -122.4389164361, 37.6346530235, 0.0 ] ] ] } },
{ "type": "Feature", "properties": { "route": "238", "current_peak": 10100, "additional_peak": 574, "increase_percent": 5.6831683168316838, "tags": null }, "geometry": { "type": "MultiLineString", "coordinates": [ [ [ -121.9246195781, 37.5406460316, 0.0 ], [ -121.9481856401, 37.55510185, 0.0 ] ] ] } },
{ "type": "Feature", "properties": { "route": "101", "current_peak": 13700, "additional_peak": 409, "increase_percent": 2.9854014598540148, "tags": null }, "geometry": { "type": "MultiLineString", "coordinates": [ [ [ -122.4067568516, 37.6514584703, 0.0 ], [ -122.4067669588, 37.6550844604, 0.0 ], [ -122.4056739194, 37.6578164425, 0.0 ] ] ] } },
{ "type": "Feature", "properties": { "route": "112", "current_peak": 4450, "additional_peak": 1375, "increase_percent": 30.898876404494381, "tags": null }, "geometry": { "type": "MultiLineString", "coordinates": [ [ [ -122.1870134482, 37.7163144018, 0.0 ], [ -122.1762790393, 37.7193635649, 0.0 ] ] ] } },
{ "type": "Feature", "properties": { "route": "13", "current_peak": 3450, "additional_peak": 148, "increase_percent": 4.2898550724637685, "tags": null }, "geometry": { "type": "MultiLineString", "coordinates": [ [ [ -122.2359443861, 37.8536144771, 0.0 ], [ -122.2373471971, 37.8548919644, 0.0 ], [ -122.2402744589, 37.8559011275, 0.0 ], [ -122.2419613307, 37.857449021, 0.0 ], [ -122.244583803, 37.8581175317, 0.0 ] ] ] } },
{ "type": "Feature", "properties": { "route": "4", "current_peak": 6000, "additional_peak": 16, "increase_percent": 0.26666666666666666, "tags": null }, "geometry": { "type": "MultiLineString", "coordinates": [ [ [ -122.0756937766, 37.992686221, 0.0 ], [ -122.069851425, 37.9946716818, 0.0 ] ] ] } },
{ "type": "Feature", "properties": { "route": "680", "current_peak": 18300, "additional_peak": 1636, "increase_percent": 8.9398907103825138, "tags": [ "ccc-sf" ] }, "geometry": { "type": "MultiLineString", "coordinates": [ [ [ -122.0623149229, 37.920752801, 0.0 ], [ -122.0610921086, 37.9243488724, 0.0 ], [ -122.0604724808, 37.9299892645, 0.0 ] ] ] } },
{ "type": "Feature", "properties": { "route": "101", "current_peak": 12600, "additional_peak": 87, "increase_percent": 0.69047619047619047, "tags": null }, "geometry": { "type": "MultiLineString", "coordinates": [ [ [ -122.1479985059, 37.4647428354, 0.0 ], [ -122.1677276749, 37.4763515416, 0.0 ] ] ] } },
{ "type": "Feature", "properties": { "route": "280", "current_peak": 8100, "additional_peak": 0, "increase_percent": 0.0, "tags": null }, "geometry": { "type": "MultiLineString", "coordinates": [ [ [ -122.3913382707, 37.7532502606, 0.0 ], [ -122.3922503352, 37.759634475, 0.0 ] ] ] } },
{ "type": "Feature", "properties": { "route": "1", "current_peak": 2400, "additional_peak": 0, "increase_percent": 0.0, "tags": null }, "geometry": { "type": "MultiLineString", "coordinates": [ [ [ -122.434361607, 37.4588259973, 0.0 ], [ -122.4336302606, 37.4686511926, 0.0 ] ] ] } },
{ "type": "Feature", "properties": { "route": "82", "current_peak": 3600, "additional_peak": 288, "increase_percent": 8.0, "tags": null }, "geometry": { "type": "MultiLineString", "coordinates": [ [ [ -122.4059649605, 37.6149689659, 0.0 ], [ -122.413982881, 37.6249414666, 0.0 ] ] ] } },
{ "type": "Feature", "properties": { "route": "92", "current_peak": 6500, "additional_peak": 26, "increase_percent": 0.4, "tags": null }, "geometry": { "type": "MultiLineString", "coordinates": [ [ [ -122.1367261721, 37.6228495666, 0.0 ], [ -122.1155956868, 37.6299508925, 0.0 ] ] ] } },
{ "type": "Feature", "properties": { "route": "880", "current_peak": 15600, "additional_peak": 835, "increase_percent": 5.3525641025641022, "tags": [ "880" ] }, "geometry": { "type": "MultiLineString", "coordinates": [ [ [ -122.0932158433, 37.6441854258, 0.0 ], [ -122.0961728871, 37.648212691, 0.0 ] ] ] } },
{ "type": "Feature", "properties": { "route": "9", "current_peak": 760, "additional_peak": 0, "increase_percent": 0.0, "tags": null }, "geometry": { "type": "MultiLineString", "coordinates": [ [ [ -122.0638357268, 37.251669121, 0.0 ], [ -122.0608808293, 37.2525098399, 0.0 ], [ -122.0576657041, 37.2524501636, 0.0 ], [ -122.053374028, 37.2509808887, 0.0 ], [ -122.0517518431, 37.2521174995, 0.0 ], [ -122.0472505435, 37.252169563, 0.0 ] ] ] } },
{ "type": "Feature", "properties": { "route": "101", "current_peak": 16800, "additional_peak": 87, "increase_percent": 0.51785714285714279, "tags": null }, "geometry": { "type": "MultiLineString", "coordinates": [ [ [ -122.1121513605, 37.4386946778, 0.0 ], [ -122.1245037722, 37.4505300408, 0.0 ], [ -122.1315702946, 37.455078676, 0.0 ] ] ] } },
{ "type": "Feature", "properties": { "route": "84", "current_peak": 12600, "additional_peak": 101, "increase_percent": 0.80158730158730163, "tags": null }, "geometry": { "type": "MultiLineString", "coordinates": [ [ [ -122.1772419817, 37.4861277815, 0.0 ], [ -122.1654497555, 37.4829294119, 0.0 ] ] ] } },
{ "type": "Feature", "properties": { "route": "82", "current_peak": 2050, "additional_peak": 0, "increase_percent": 0.0, "tags": null }, "geometry": { "type": "MultiLineString", "coordinates": [ [ [ -121.9524286167, 37.3525200101, 0.0 ], [ -121.9775594983, 37.3522849414, 0.0 ] ] ] } },
{ "type": "Feature", "properties": { "route": "101", "current_peak": 2500, "additional_peak": 104, "increase_percent": 4.16, "tags": null }, "geometry": { "type": "MultiLineString", "coordinates": [ [ [ -122.2408569482, 37.5005926101, 0.0 ], [ -122.2459767333, 37.5051030116, 0.0 ] ] ] } },
{ "type": "Feature", "properties": { "route": "280", "current_peak": 14600, "additional_peak": 32, "increase_percent": 0.21917808219178081, "tags": null }, "geometry": { "type": "MultiLineString", "coordinates": [ [ [ -122.4389164361, 37.6346530235, 0.0 ], [ -122.4405867227, 37.637829917, 0.0 ], [ -122.4451888802, 37.6425608218, 0.0 ] ] ] } },
{ "type": "Feature", "properties": { "route": "101", "current_peak": 7100, "additional_peak": 0, "increase_percent": 0.0, "tags": null }, "geometry": { "type": "MultiLineString", "coordinates": [ [ [ -121.7710844245, 37.2432147907, 0.0 ], [ -121.7794041734, 37.2479395616, 0.0 ] ] ] } },
{ "type": "Feature", "properties": { "route": "84", "current_peak": 840, "additional_peak": 0, "increase_percent": 0.0, "tags": null }, "geometry": { "type": "MultiLineString", "coordinates": [ [ [ -122.274535181, 37.3155358719, 0.0 ], [ -122.2746189297, 37.322215912, 0.0 ], [ -122.2729700469, 37.3240972332, 0.0 ], [ -122.2742383989, 37.3256489891, 0.0 ], [ -122.2711537962, 37.326993067, 0.0 ], [ -122.2711395202, 37.3282708365, 0.0 ], [ -122.2694691397, 37.3297437236, 0.0 ], [ -122.2713798483, 37.3329012678, 0.0 ], [ -122.269176465, 37.334295632, 0.0 ], [ -122.2695619393, 37.3353640103, 0.0 ], [ -122.2689147669, 37.3362514262, 0.0 ], [ -122.2718693097, 37.3423172436, 0.0 ], [ -122.2723054598, 37.3447842972, 0.0 ], [ -122.2715773429, 37.3457455994, 0.0 ], [ -122.2699164792, 37.3463595004, 0.0 ], [ -122.2665120826, 37.3465432819, 0.0 ], [ -122.2665618986, 37.3493485896, 0.0 ], [ -122.2645317591, 37.3510482292, 0.0 ], [ -122.264327737, 37.3520499814, 0.0 ] ] ] } },
{ "type": "Feature", "properties": { "route": "13", "current_peak": 7700, "additional_peak": 84, "increase_percent": 1.0909090909090911, "tags": null }, "geometry": { "type": "MultiLineString", "coordinates": [ [ [ -122.2116371053, 37.827150553, 0.0 ], [ -122.2203270795, 37.8371458013, 0.0 ] ] ] } },
{ "type": "Feature", "properties": { "route": "880", "current_peak": 4300, "additional_peak": 113, "increase_percent": 2.6279069767441863, "tags": [ "880" ] }, "geometry": { "type": "MultiLineString", "coordinates": [ [ [ -121.919163558, 37.4358265049, 0.0 ], [ -121.9201191002, 37.4407031702, 0.0 ] ] ] } },
{ "type": "Feature", "properties": { "route": "92", "current_peak": 2350, "additional_peak": 0, "increase_percent": 0.0, "tags": null }, "geometry": { "type": "MultiLineString", "coordinates": [ [ [ -122.4318207674, 37.4678525681, 0.0 ], [ -122.4238881806, 37.4696137255, 0.0 ], [ -122.4202274614, 37.4728401115, 0.0 ], [ -122.4185781806, 37.4755597264, 0.0 ], [ -122.4148301811, 37.4780437271, 0.0 ], [ -122.4056825197, 37.4803679892, 0.0 ], [ -122.4007954099, 37.4834942516, 0.0 ] ] ] } },
{ "type": "Feature", "properties": { "route": "101", "current_peak": 9900, "additional_peak": 162, "increase_percent": 1.6363636363636365, "tags": null }, "geometry": { "type": "MultiLineString", "coordinates": [ [ [ -121.8967095563, 37.3633798904, 0.0 ], [ -121.9014832846, 37.3639237618, 0.0 ] ] ] } },
{ "type": "Feature", "properties": { "route": "380", "current_peak": 1600, "additional_peak": 417, "increase_percent": 26.0625, "tags": null }, "geometry": { "type": "MultiLineString", "coordinates": [ [ [ -122.4097069724, 37.6338174585, 0.0 ], [ -122.4067851955, 37.634104934, 0.0 ], [ -122.4032648942, 37.6362487558, 0.0 ] ] ] } },
{ "type": "Feature", "properties": { "route": "101", "current_peak": 12600, "additional_peak": 0, "increase_percent": 0.0, "tags": null }, "geometry": { "type": "MultiLineString", "coordinates": [ [ [ -121.8100194886, 37.2930903478, 0.0 ], [ -121.8104272978, 37.2955156697, 0.0 ], [ -121.8116550989, 37.2976214935, 0.0 ], [ -121.8242616295, 37.3107042232, 0.0 ] ] ] } },
{ "type": "Feature", "properties": { "route": "580", "current_peak": 6300, "additional_peak": 296, "increase_percent": 4.6984126984126986, "tags": null }, "geometry": { "type": "MultiLineString", "coordinates": [ [ [ -122.3214179355, 37.9091897402, 0.0 ], [ -122.3279673015, 37.9166696846, 0.0 ] ] ] } },
{ "type": "Feature", "properties": { "route": "35", "current_peak": 4800, "additional_peak": 0, "increase_percent": 0.0, "tags": null }, "geometry": { "type": "MultiLineString", "coordinates": [ [ [ -122.4844652833, 37.7342261054, 0.0 ], [ -122.4750754962, 37.7345441214, 0.0 ] ] ] } },
{ "type": "Feature", "properties": { "route": "35", "current_peak": 4550, "additional_peak": 0, "increase_percent": 0.0, "tags": null }, "geometry": { "type": "MultiLineString", "coordinates": [ [ [ -122.4897407986, 37.6754618913, 0.0 ], [ -122.4903258642, 37.6782271337, 0.0 ], [ -122.4890828653, 37.6848911351, 0.0 ], [ -122.4896626461, 37.6873695696, 0.0 ] ] ] } },
{ "type": "Feature", "properties": { "route": "880", "current_peak": 7400, "additional_peak": 2759, "increase_percent": 37.28378378378379, "tags": [ "880" ] }, "geometry": { "type": "MultiLineString", "coordinates": [ [ [ -122.2839703614, 37.8021210522, 0.0 ], [ -122.286027457, 37.8027638295, 0.0 ] ] ] } },
{ "type": "Feature", "properties": { "route": "13", "current_peak": 6000, "additional_peak": 84, "increase_percent": 1.4, "tags": null }, "geometry": { "type": "MultiLineString", "coordinates": [ [ [ -122.1834257613, 37.7963571197, 0.0 ], [ -122.1914317641, 37.8046100799, 0.0 ] ] ] } },
{ "type": "Feature", "properties": { "route": "280", "current_peak": 17000, "additional_peak": 0, "increase_percent": 0.0, "tags": null }, "geometry": { "type": "MultiLineString", "coordinates": [ [ [ -121.8638743684, 37.3322113037, 0.0 ], [ -121.8704272156, 37.3286372854, 0.0 ], [ -121.877137123, 37.3276505497, 0.0 ] ] ] } },
{ "type": "Feature", "properties": { "route": "880", "current_peak": 9400, "additional_peak": 75, "increase_percent": 0.7978723404255319, "tags": [ "880" ] }, "geometry": { "type": "MultiLineString", "coordinates": [ [ [ -121.9043282708, 37.3610242025, 0.0 ], [ -121.9017606223, 37.364116737, 0.0 ] ] ] } },
{ "type": "Feature", "properties": { "route": "280", "current_peak": 10400, "additional_peak": 0, "increase_percent": 0.0, "tags": null }, "geometry": { "type": "MultiLineString", "coordinates": [ [ [ -122.0617410287, 37.3330621449, 0.0 ], [ -122.062256203, 37.3332456933, 0.0 ] ] ] } },
{ "type": "Feature", "properties": { "route": "580", "current_peak": 16800, "additional_peak": 0, "increase_percent": 0.0, "tags": null }, "geometry": { "type": "MultiLineString", "coordinates": [ [ [ -121.8800529101, 37.7016731835, 0.0 ], [ -121.8974636988, 37.7018616506, 0.0 ] ] ] } },
{ "type": "Feature", "properties": { "route": "101", "current_peak": 2750, "additional_peak": 277, "increase_percent": 10.072727272727272, "tags": null }, "geometry": { "type": "MultiLineString", "coordinates": [ [ [ -122.3885298249, 37.6076965919, 0.0 ], [ -122.3906579167, 37.6090655462, 0.0 ] ] ] } },
{ "type": "Feature", "properties": { "route": "237", "current_peak": 5300, "additional_peak": 0, "increase_percent": 0.0, "tags": null }, "geometry": { "type": "MultiLineString", "coordinates": [ [ [ -122.0627672142, 37.3858133152, 0.0 ], [ -122.059607568, 37.3862941527, 0.0 ], [ -122.0553465916, 37.3888920775, 0.0 ] ] ] } },
{ "type": "Feature", "properties": { "route": "880", "current_peak": 8400, "additional_peak": 7300, "increase_percent": 86.904761904761912, "tags": [ "880" ] }, "geometry": { "type": "MultiLineString", "coordinates": [ [ [ -122.2984612779, 37.8217503004, 0.0 ], [ -122.3014344413, 37.8230732502, 0.0 ] ] ] } },
{ "type": "Feature", "properties": { "route": "84", "current_peak": 5800, "additional_peak": 714, "increase_percent": 12.310344827586208, "tags": null }, "geometry": { "type": "MultiLineString", "coordinates": [ [ [ -122.0445833586, 37.5569228799, 0.0 ], [ -122.0385437381, 37.563576365, 0.0 ] ] ] } },
{ "type": "Feature", "properties": { "route": "24", "current_peak": 11500, "additional_peak": 2716, "increase_percent": 23.617391304347827, "tags": [ "ccc-sf", "24", "24" ] }, "geometry": { "type": "MultiLineString", "coordinates": [ [ [ -122.2535378801, 37.8440928199, 0.0 ], [ -122.2406461755, 37.8499452974, 0.0 ], [ -122.2387671955, 37.8501089627, 0.0 ], [ -122.2366647, 37.8494289223, 0.0 ] ] ] } },
{ "type": "Feature", "properties": { "route": "24", "current_peak": 11900, "additional_peak": 4480, "increase_percent": 37.647058823529413, "tags": [ "ccc-sf", "24", "24" ] }, "geometry": { "type": "MultiLineString", "coordinates": [ [ [ -122.268570864, 37.8243587012, 0.0 ], [ -122.2666188221, 37.8327973487, 0.0 ] ] ] } },
{ "type": "Feature", "properties": { "route": "80", "current_peak": 16300, "additional_peak": 1741, "increase_percent": 10.680981595092025, "tags": [ "80" ] }, "geometry": { "type": "MultiLineString", "coordinates": [ [ [ -122.29364128, 37.8327958161, 0.0 ], [ -122.2963592035, 37.8376079595, 0.0 ], [ -122.2975630165, 37.8434562451, 0.0 ] ] ] } },
{ "type": "Feature", "properties": { "route": "123", "current_peak": 10700, "additional_peak": 425, "increase_percent": 3.9719626168224296, "tags": null }, "geometry": { "type": "MultiLineString", "coordinates": [ [ [ -122.3196534475, 37.9254122266, 0.0 ], [ -122.3206698267, 37.9254515447, 0.0 ] ] ] } },
{ "type": "Feature", "properties": { "route": "87", "current_peak": 13800, "additional_peak": 0, "increase_percent": 0.0, "tags": null }, "geometry": { "type": "MultiLineString", "coordinates": [ [ [ -121.8590311277, 37.2555209154, 0.0 ], [ -121.8591684468, 37.2651298535, 0.0 ] ] ] } },
{ "type": "Feature", "properties": { "route": "237", "current_peak": 8600, "additional_peak": 18, "increase_percent": 0.20930232558139536, "tags": null }, "geometry": { "type": "MultiLineString", "coordinates": [ [ [ -122.0182835805, 37.4047710961, 0.0 ], [ -122.0041988665, 37.4079560723, 0.0 ] ] ] } },
{ "type": "Feature", "properties": { "route": "580", "current_peak": 11100, "additional_peak": 718, "increase_percent": 6.468468468468469, "tags": null }, "geometry": { "type": "MultiLineString", "coordinates": [ [ [ -122.1035762765, 37.6948466688, 0.0 ], [ -122.1087867321, 37.7004563392, 0.0 ], [ -122.1150960232, 37.7044156164, 0.0 ] ] ] } },
{ "type": "Feature", "properties": { "route": "4", "current_peak": 23200, "additional_peak": 16, "increase_percent": 0.068965517241379309, "tags": null }, "geometry": { "type": "MultiLineString", "coordinates": [ [ [ -122.269338761, 38.0151280732, 0.0 ], [ -122.2625617114, 38.0134274354, 0.0 ] ] ] } },
{ "type": "Feature", "properties": { "route": "85", "current_peak": 7600, "additional_peak": 0, "increase_percent": 0.0, "tags": null }, "geometry": { "type": "MultiLineString", "coordinates": [ [ [ -121.9558538193, 37.255866165, 0.0 ], [ -121.9600923477, 37.2573046778, 0.0 ] ] ] } },
{ "type": "Feature", "properties": { "route": "680", "current_peak": 11600, "additional_peak": 1225, "increase_percent": 10.560344827586206, "tags": null }, "geometry": { "type": "MultiLineString", "coordinates": [ [ [ -122.0551517643, 37.9518354721, 0.0 ], [ -122.0524587579, 37.9581802064, 0.0 ], [ -122.0539106676, 37.9624492357, 0.0 ] ] ] } },
{ "type": "Feature", "properties": { "route": "85", "current_peak": 21900, "additional_peak": 0, "increase_percent": 0.0, "tags": null }, "geometry": { "type": "MultiLineString", "coordinates": [ [ [ -122.0690839101, 37.3969677894, 0.0 ], [ -122.0699231201, 37.4005249377, 0.0 ], [ -122.0700342672, 37.4057513137, 0.0 ] ] ] } },
{ "type": "Feature", "properties": { "route": "238", "current_peak": 14600, "additional_peak": 1097, "increase_percent": 7.5136986301369859, "tags": null }, "geometry": { "type": "MultiLineString", "coordinates": [ [ [ -122.1020020201, 37.6897455571, 0.0 ], [ -122.1116067073, 37.6886905736, 0.0 ], [ -122.1180274707, 37.6894787741, 0.0 ] ] ] } },
{ "type": "Feature", "properties": { "route": "101", "current_peak": 16300, "additional_peak": 83, "increase_percent": 0.50920245398773001, "tags": null }, "geometry": { "type": "MultiLineString", "coordinates": [ [ [ -122.0773040317, 37.4115268707, 0.0 ], [ -122.0826719342, 37.4139061284, 0.0 ], [ -122.0882328569, 37.4177878598, 0.0 ] ] ] } },
{ "type": "Feature", "properties": { "route": "880", "current_peak": 11600, "additional_peak": 98, "increase_percent": 0.84482758620689646, "tags": [ "880" ] }, "geometry": { "type": "MultiLineString", "coordinates": [ [ [ -121.9014233434, 37.3655778613, 0.0 ], [ -121.90126822, 37.3679468014, 0.0 ], [ -121.902671934, 37.3743511986, 0.0 ] ] ] } },
{ "type": "Feature", "properties": { "route": "4", "current_peak": 9400, "additional_peak": 318, "increase_percent": 3.3829787234042556, "tags": null }, "geometry": { "type": "MultiLineString", "coordinates": [ [ [ -121.7957702685, 37.9978556492, 0.0 ], [ -121.7718229419, 37.9937520609, 0.0 ] ] ] } },
{ "type": "Feature", "properties": { "route": "85", "current_peak": 12100, "additional_peak": 0, "increase_percent": 0.0, "tags": null }, "geometry": { "type": "MultiLineString", "coordinates": [ [ [ -122.0518074797, 37.3280545197, 0.0 ], [ -122.0559133369, 37.3324551602, 0.0 ] ] ] } },
{ "type": "Feature", "properties": { "route": "35", "current_peak": 3650, "additional_peak": 0, "increase_percent": 0.0, "tags": null }, "geometry": { "type": "MultiLineString", "coordinates": [ [ [ -122.4947508918, 37.6943554733, 0.0 ], [ -122.4952508669, 37.698961135, 0.0 ], [ -122.4984840545, 37.7060732814, 0.0 ], [ -122.4985458703, 37.7152571361, 0.0 ], [ -122.5001728711, 37.7177821366, 0.0 ], [ -122.5005628702, 37.7205841365, 0.0 ], [ -122.5028998715, 37.7237801368, 0.0 ], [ -122.5028409444, 37.7260959082, 0.0 ] ] ] } },
{ "type": "Feature", "properties": { "route": "84", "current_peak": 2150, "additional_peak": 0, "increase_percent": 0.0, "tags": null }, "geometry": { "type": "MultiLineString", "coordinates": [ [ [ -122.2461398993, 37.4319941606, 0.0 ], [ -122.2458014877, 37.4327865033, 0.0 ] ], [ [ -122.2431810229, 37.4354655651, 0.0 ], [ -122.2412200454, 37.4365970393, 0.0 ], [ -122.2398173834, 37.4389042797, 0.0 ] ], [ [ -122.2390737797, 37.439664459, 0.0 ], [ -122.2364730108, 37.4415372672, 0.0 ] ] ] } },
{ "type": "Feature", "properties": { "route": "101", "current_peak": 16200, "additional_peak": 0, "increase_percent": 0.0, "tags": null }, "geometry": { "type": "MultiLineString", "coordinates": [ [ [ -121.8242616295, 37.3107042232, 0.0 ], [ -121.8418254009, 37.3289992232, 0.0 ] ] ] } },
{ "type": "Feature", "properties": { "route": "680", "current_peak": 17600, "additional_peak": 68, "increase_percent": 0.38636363636363635, "tags": null }, "geometry": { "type": "MultiLineString", "coordinates": [ [ [ -122.0598591603, 37.8906369272, 0.0 ], [ -122.0700285207, 37.8956515218, 0.0 ] ] ] } },
{ "type": "Feature", "properties": { "route": "13", "current_peak": 6500, "additional_peak": 84, "increase_percent": 1.2923076923076922, "tags": null }, "geometry": { "type": "MultiLineString", "coordinates": [ [ [ -122.1914317641, 37.8046100799, 0.0 ], [ -122.2026000664, 37.8160612865, 0.0 ] ] ] } },
{ "type": "Feature", "properties": { "route": "82", "current_peak": 2600, "additional_peak": 214, "increase_percent": 8.2307692307692299, "tags": null }, "geometry": { "type": "MultiLineString", "coordinates": [ [ [ -122.3775346408, 37.5907156097, 0.0 ], [ -122.3846380361, 37.5957715689, 0.0 ], [ -122.3929833811, 37.6032682598, 0.0 ] ] ] } },
{ "type": "Feature", "properties": { "route": "101", "current_peak": 9700, "additional_peak": 0, "increase_percent": 0.0, "tags": null }, "geometry": { "type": "MultiLineString", "coordinates": [ [ [ -121.642580371, 37.1425100023, 0.0 ], [ -121.6573430546, 37.1577163072, 0.0 ], [ -121.6643367472, 37.1633039553, 0.0 ], [ -121.6696905374, 37.1695857325, 0.0 ], [ -121.6790632348, 37.1777163501, 0.0 ], [ -121.6866085083, 37.1857256169, 0.0 ], [ -121.7075971774, 37.200267899, 0.0 ] ] ] } },
{ "type": "Feature", "properties": { "route": "680", "current_peak": 8900, "additional_peak": 103, "increase_percent": 1.157303370786517, "tags": null }, "geometry": { "type": "MultiLineString", "coordinates": [ [ [ -121.8789980492, 37.6201483469, 0.0 ], [ -121.8798306749, 37.6220917966, 0.0 ], [ -121.8805176714, 37.6289876782, 0.0 ], [ -121.8839757612, 37.634713543, 0.0 ], [ -121.8844711345, 37.6399310761, 0.0 ], [ -121.8926089212, 37.6483352414, 0.0 ] ] ] } },
{ "type": "Feature", "properties": { "route": "17", "current_peak": 13300, "additional_peak": 0, "increase_percent": 0.0, "tags": null }, "geometry": { "type": "MultiLineString", "coordinates": [ [ [ -121.9417159963, 37.2822152248, 0.0 ], [ -121.9374061745, 37.2859284871, 0.0 ], [ -121.9363077074, 37.2893452741, 0.0 ], [ -121.9401732524, 37.2980884309, 0.0 ], [ -121.9404932197, 37.3057713175, 0.0 ] ] ] } },
{ "type": "Feature", "properties": { "route": "1", "current_peak": 2400, "additional_peak": 0, "increase_percent": 0.0, "tags": null }, "geometry": { "type": "MultiLineString", "coordinates": [ [ [ -122.4390499987, 37.4759272044, 0.0 ], [ -122.445323391, 37.4819383043, 0.0 ], [ -122.4538037918, 37.4940069306, 0.0 ], [ -122.4641400446, 37.4985084319, 0.0 ] ] ] } },
{ "type": "Feature", "properties": { "route": "237", "current_peak": 6200, "additional_peak": 0, "increase_percent": 0.0, "tags": null }, "geometry": { "type": "MultiLineString", "coordinates": [ [ [ -122.0665924379, 37.3852147319, 0.0 ], [ -122.0627937464, 37.3860174455, 0.0 ] ] ] } },
{ "type": "Feature", "properties": { "route": "84", "current_peak": 3600, "additional_peak": 0, "increase_percent": 0.0, "tags": null }, "geometry": { "type": "MultiLineString", "coordinates": [ [ [ -122.2363832898, 37.4414878444, 0.0 ], [ -122.2315082088, 37.4487091221, 0.0 ], [ -122.2288710478, 37.4541857578, 0.0 ] ] ] } },
{ "type": "Feature", "properties": { "route": "238", "current_peak": 14600, "additional_peak": 1129, "increase_percent": 7.7328767123287667, "tags": null }, "geometry": { "type": "MultiLineString", "coordinates": [ [ [ -122.0981563214, 37.6901766327, 0.0 ], [ -122.1020020201, 37.6897455571, 0.0 ] ], [ [ -122.0953501784, 37.6874911104, 0.0 ], [ -122.0962070788, 37.6881139736, 0.0 ] ] ] } },
{ "type": "Feature", "properties": { "route": "580", "current_peak": 13200, "additional_peak": 688, "increase_percent": 5.2121212121212128, "tags": null }, "geometry": { "type": "MultiLineString", "coordinates": [ [ [ -122.0420073158, 37.6980890426, 0.0 ], [ -122.0451687057, 37.6953050324, 0.0 ], [ -122.0481311501, 37.6938799633, 0.0 ], [ -122.0519817516, 37.693281852, 0.0 ], [ -122.0587441514, 37.6935039641, 0.0 ], [ -122.0677801573, 37.6911322814, 0.0 ] ] ] } },
{ "type": "Feature", "properties": { "route": "92", "current_peak": 2450, "additional_peak": 0, "increase_percent": 0.0, "tags": null }, "geometry": { "type": "MultiLineString", "coordinates": [ [ [ -122.4007954099, 37.4834942516, 0.0 ], [ -122.3971195099, 37.4866660027, 0.0 ], [ -122.3858974032, 37.4923351656, 0.0 ], [ -122.379552826, 37.4933662449, 0.0 ], [ -122.3779799999, 37.4928951128, 0.0 ], [ -122.3739491928, 37.4894369616, 0.0 ], [ -122.3722187519, 37.4859699418, 0.0 ], [ -122.3708318456, 37.4858138358, 0.0 ], [ -122.3701534747, 37.4865626525, 0.0 ], [ -122.3710444912, 37.4888756071, 0.0 ], [ -122.3697363627, 37.4915835578, 0.0 ], [ -122.3700590914, 37.4947859912, 0.0 ], [ -122.3676451754, 37.4962987321, 0.0 ], [ -122.3637111743, 37.4957947328, 0.0 ], [ -122.3629521752, 37.4969147328, 0.0 ], [ -122.3604261746, 37.497517733, 0.0 ], [ -122.3597431747, 37.4983257324, 0.0 ], [ -122.3599231755, 37.4999637325, 0.0 ], [ -122.3568111742, 37.5002417335, 0.0 ], [ -122.3577054766, 37.5020257625, 0.0 ] ] ] } },
{ "type": "Feature", "properties": { "route": "80", "current_peak": 11900, "additional_peak": 747, "increase_percent": 6.2773109243697469, "tags": [ "80" ] }, "geometry": { "type": "MultiLineString", "coordinates": [ [ [ -122.3079998279, 37.895002272, 0.0 ], [ -122.3099742145, 37.8997069626, 0.0 ], [ -122.3138975093, 37.9055360696, 0.0 ] ] ] } },
{ "type": "Feature", "properties": { "route": "280", "current_peak": 7100, "additional_peak": 0, "increase_percent": 0.0, "tags": null }, "geometry": { "type": "MultiLineString", "coordinates": [ [ [ -122.3922503352, 37.759634475, 0.0 ], [ -122.3928272319, 37.7643375558, 0.0 ], [ -122.3940777467, 37.7661812758, 0.0 ] ] ] } },
{ "type": "Feature", "properties": { "route": "680", "current_peak": 12300, "additional_peak": 103, "increase_percent": 0.83739837398373973, "tags": null }, "geometry": { "type": "MultiLineString", "coordinates": [ [ [ -121.8954244989, 37.568390168, 0.0 ], [ -121.8852823419, 37.5743673353, 0.0 ], [ -121.8796459714, 37.5763931159, 0.0 ], [ -121.8754356921, 37.580006809, 0.0 ] ] ] } },
{ "type": "Feature", "properties": { "route": "680", "current_peak": 8800, "additional_peak": 142, "increase_percent": 1.6136363636363635, "tags": null }, "geometry": { "type": "MultiLineString", "coordinates": [ [ [ -121.8977661443, 37.4568200894, 0.0 ], [ -121.909691629, 37.4712711003, 0.0 ], [ -121.9131445565, 37.4807720897, 0.0 ] ] ] } },
{ "type": "Feature", "properties": { "route": "242", "current_peak": 9900, "additional_peak": 1267, "increase_percent": 12.797979797979798, "tags": null }, "geometry": { "type": "MultiLineString", "coordinates": [ [ [ -122.0455187487, 37.9747741711, 0.0 ], [ -122.0414132371, 37.9834582016, 0.0 ] ] ] } },
{ "type": "Feature", "properties": { "route": "580", "current_peak": 9800, "additional_peak": 718, "increase_percent": 7.3265306122448983, "tags": null }, "geometry": { "type": "MultiLineString", "coordinates": [ [ [ -122.123419551, 37.7091867553, 0.0 ], [ -122.1285715367, 37.7122496902, 0.0 ] ] ] } },
{ "type": "Feature", "properties": { "route": "280", "current_peak": 14300, "additional_peak": 0, "increase_percent": 0.0, "tags": null }, "geometry": { "type": "MultiLineString", "coordinates": [ [ [ -121.9207197213, 37.3169329565, 0.0 ], [ -121.9335275724, 37.3173330729, 0.0 ] ] ] } },
{ "type": "Feature", "properties": { "route": "112", "current_peak": 13600, "additional_peak": 1470, "increase_percent": 10.808823529411764, "tags": null }, "geometry": { "type": "MultiLineString", "coordinates": [ [ [ -122.1762790393, 37.7193635649, 0.0 ], [ -122.1690384395, 37.721531435, 0.0 ] ] ] } },
{ "type": "Feature", "properties": { "route": "580", "current_peak": 17700, "additional_peak": 684, "increase_percent": 3.8644067796610173, "tags": null }, "geometry": { "type": "MultiLineString", "coordinates": [ [ [ -122.3086933283, 37.8853108341, 0.0 ], [ -122.3085514529, 37.8881507504, 0.0 ] ] ] } },
{ "type": "Feature", "properties": { "route": "101", "current_peak": 10800, "additional_peak": 0, "increase_percent": 0.0, "tags": null }, "geometry": { "type": "MultiLineString", "coordinates": [ [ [ -121.7072949589, 37.2005193185, 0.0 ], [ -121.7220583857, 37.2090186616, 0.0 ], [ -121.7299891307, 37.2168637449, 0.0 ], [ -121.7438233217, 37.2276641178, 0.0 ], [ -121.7710844245, 37.2432147907, 0.0 ] ] ] } },
{ "type": "Feature", "properties": { "route": "92", "current_peak": 1450, "additional_peak": 0, "increase_percent": 0.0, "tags": null }, "geometry": { "type": "MultiLineString", "coordinates": [ [ [ -122.4318207674, 37.4678525681, 0.0 ], [ -122.4238881806, 37.4696137255, 0.0 ], [ -122.4202274614, 37.4728401115, 0.0 ], [ -122.4185781806, 37.4755597264, 0.0 ], [ -122.4148301811, 37.4780437271, 0.0 ], [ -122.4056825197, 37.4803679892, 0.0 ], [ -122.4007954099, 37.4834942516, 0.0 ] ] ] } },
{ "type": "Feature", "properties": { "route": "280", "current_peak": 6500, "additional_peak": 641, "increase_percent": 9.861538461538462, "tags": null }, "geometry": { "type": "MultiLineString", "coordinates": [ [ [ -122.4696064255, 37.7072712471, 0.0 ], [ -122.4672115642, 37.7094267253, 0.0 ], [ -122.4647515944, 37.7103034567, 0.0 ] ] ] } },
{ "type": "Feature", "properties": { "route": "101", "current_peak": 2400, "additional_peak": 0, "increase_percent": 0.0, "tags": null }, "geometry": { "type": "MultiLineString", "coordinates": [ [ [ -121.566724588, 37.0228840296, 0.0 ], [ -121.5762139001, 37.0407121204, 0.0 ] ] ] } },
{ "type": "Feature", "properties": { "route": "84", "current_peak": 1300, "additional_peak": 0, "increase_percent": 0.0, "tags": null }, "geometry": { "type": "MultiLineString", "coordinates": [ [ [ -122.2650402194, 37.415673662, 0.0 ], [ -122.2694335323, 37.4200042746, 0.0 ], [ -122.2690357844, 37.4211687528, 0.0 ], [ -122.2674976485, 37.4220594003, 0.0 ], [ -122.2683859997, 37.4241058325, 0.0 ], [ -122.2662561732, 37.425998322, 0.0 ], [ -122.2601562729, 37.4278998925, 0.0 ] ] ] } },
{ "type": "Feature", "properties": { "route": "1", "current_peak": 850, "additional_peak": 0, "increase_percent": 0.0, "tags": null }, "geometry": { "type": "MultiLineString", "coordinates": [ [ [ -122.3940878075, 37.3289684864, 0.0 ], [ -122.3919623123, 37.329291974, 0.0 ], [ -122.3912163918, 37.3306540898, 0.0 ], [ -122.3929561877, 37.3334218577, 0.0 ], [ -122.3948359646, 37.3399510978, 0.0 ], [ -122.3946764076, 37.3422630605, 0.0 ] ] ] } },
{ "type": "Feature", "properties": { "route": "680", "current_peak": 8400, "additional_peak": 103, "increase_percent": 1.2261904761904763, "tags": null }, "geometry": { "type": "MultiLineString", "coordinates": [ [ [ -121.8701231206, 37.5918723969, 0.0 ], [ -121.873092013, 37.5965896701, 0.0 ] ], [ [ -121.8700403215, 37.5908379694, 0.0 ], [ -121.8701063701, 37.5918079075, 0.0 ] ] ] } },
{ "type": "Feature", "properties": { "route": "101", "current_peak": 16300, "additional_peak": 409, "increase_percent": 2.5092024539877302, "tags": null }, "geometry": { "type": "MultiLineString", "coordinates": [ [ [ -122.4056739194, 37.6578164425, 0.0 ], [ -122.4041659596, 37.6602074612, 0.0 ], [ -122.4004905173, 37.6627546897, 0.0 ] ] ] } },
{ "type": "Feature", "properties": { "route": "80", "current_peak": 23200, "additional_peak": 16, "increase_percent": 0.068965517241379309, "tags": [ "80" ] }, "geometry": { "type": "MultiLineString", "coordinates": [ [ [ -122.2693098791, 38.0152318268, 0.0 ], [ -122.2660191314, 38.0187905874, 0.0 ] ] ] } },
{ "type": "Feature", "properties": { "route": "101", "current_peak": 15600, "additional_peak": 2990, "increase_percent": 19.166666666666668, "tags": null }, "geometry": { "type": "MultiLineString", "coordinates": [ [ [ -122.4073601513, 37.7420238299, 0.0 ], [ -122.4052287151, 37.7449998349, 0.0 ], [ -122.4031870196, 37.7512871343, 0.0 ], [ -122.4033255795, 37.7561977466, 0.0 ] ] ] } },
{ "type": "Feature", "properties": { "route": "880", "current_peak": 4000, "additional_peak": 113, "increase_percent": 2.825, "tags": [ "880" ] }, "geometry": { "type": "MultiLineString", "coordinates": [ [ [ -121.9164479606, 37.4257677255, 0.0 ], [ -121.9182446145, 37.4302532365, 0.0 ], [ -121.919163558, 37.4358265049, 0.0 ] ] ] } },
{ "type": "Feature", "properties": { "route": "101", "current_peak": 2100, "additional_peak": 0, "increase_percent": 0.0, "tags": null }, "geometry": { "type": "MultiLineString", "coordinates": [ [ [ -121.5610700994, 37.0117704808, 0.0 ], [ -121.5631479685, 37.0155476419, 0.0 ] ] ] } },
{ "type": "Feature", "properties": { "route": "280", "current_peak": 5700, "additional_peak": 409, "increase_percent": 7.1754385964912277, "tags": null }, "geometry": { "type": "MultiLineString", "coordinates": [ [ [ -122.4095166447, 37.734248453, 0.0 ], [ -122.4048322197, 37.7359075194, 0.0 ] ] ] } },
{ "type": "Feature", "properties": { "route": "237", "current_peak": 3700, "additional_peak": 0, "increase_percent": 0.0, "tags": null }, "geometry": { "type": "MultiLineString", "coordinates": [ [ [ -122.0711783168, 37.3826516047, 0.0 ], [ -122.0684306008, 37.3842351764, 0.0 ] ] ] } },
{ "type": "Feature", "properties": { "route": "280", "current_peak": 9900, "additional_peak": 1168, "increase_percent": 11.797979797979798, "tags": null }, "geometry": { "type": "MultiLineString", "coordinates": [ [ [ -122.4624909062, 37.7105700012, 0.0 ], [ -122.4556544336, 37.7110599039, 0.0 ], [ -122.4496547609, 37.7157393838, 0.0 ] ] ] } },
{ "type": "Feature", "properties": { "route": "880", "current_peak": 12400, "additional_peak": 691, "increase_percent": 5.57258064516129, "tags": [ "880" ] }, "geometry": { "type": "MultiLineString", "coordinates": [ [ [ -122.0636465992, 37.6027617285, 0.0 ], [ -122.0703029633, 37.6121572732, 0.0 ] ] ] } },
{ "type": "Feature", "properties": { "route": "680", "current_peak": 11000, "additional_peak": 156, "increase_percent": 1.4181818181818182, "tags": null }, "geometry": { "type": "MultiLineString", "coordinates": [ [ [ -121.88365236, 37.4247836711, 0.0 ], [ -121.888823119, 37.4348414753, 0.0 ], [ -121.8901486833, 37.4407480872, 0.0 ] ] ] } },
{ "type": "Feature", "properties": { "route": "880", "current_peak": 14100, "additional_peak": 825, "increase_percent": 5.8510638297872344, "tags": [ "880" ] }, "geometry": { "type": "MultiLineString", "coordinates": [ [ [ -122.0792438385, 37.6245935434, 0.0 ], [ -122.0888942037, 37.638028957, 0.0 ] ] ] } },
{ "type": "Feature", "properties": { "route": "1", "current_peak": 1000, "additional_peak": 0, "increase_percent": 0.0, "tags": null }, "geometry": { "type": "MultiLineString", "coordinates": [ [ [ -122.4043744216, 37.3723811517, 0.0 ], [ -122.4037779835, 37.3745389452, 0.0 ], [ -122.4044061619, 37.3818058208, 0.0 ], [ -122.4057624563, 37.3873880364, 0.0 ], [ -122.417950057, 37.3990331183, 0.0 ], [ -122.4212441027, 37.4076248081, 0.0 ] ] ] } },
{ "type": "Feature", "properties": { "route": "580", "current_peak": 15200, "additional_peak": 0, "increase_percent": 0.0, "tags": null }, "geometry": { "type": "MultiLineString", "coordinates": [ [ [ -121.8607730808, 37.7012548842, 0.0 ], [ -121.8800556166, 37.7013962007, 0.0 ] ] ] } },
{ "type": "Feature", "properties": { "route": "880", "current_peak": 15800, "additional_peak": 113, "increase_percent": 0.71518987341772144, "tags": [ "880" ] }, "geometry": { "type": "MultiLineString", "coordinates": [ [ [ -121.9146789412, 37.4206226488, 0.0 ], [ -121.9164479606, 37.4257677255, 0.0 ] ] ] } },
{ "type": "Feature", "properties": { "route": "680", "current_peak": 19500, "additional_peak": 1153, "increase_percent": 5.9128205128205131, "tags": null }, "geometry": { "type": "MultiLineString", "coordinates": [ [ [ -122.0554253217, 37.9519071575, 0.0 ], [ -122.0526673728, 37.9581078649, 0.0 ], [ -122.0540777868, 37.9623988924, 0.0 ] ] ] } },
{ "type": "Feature", "properties": { "route": "92", "current_peak": 13400, "additional_peak": 121, "increase_percent": 0.90298507462686572, "tags": null }, "geometry": { "type": "MultiLineString", "coordinates": [ [ [ -122.3008104223, 37.5527717679, 0.0 ], [ -122.2957566421, 37.5534437227, 0.0 ] ] ] } },
{ "type": "Feature", "properties": { "route": "1", "current_peak": 5800, "additional_peak": 0, "increase_percent": 0.0, "tags": null }, "geometry": { "type": "MultiLineString", "coordinates": [ [ [ -122.4810340965, 37.6705455759, 0.0 ], [ -122.4767598715, 37.6713410136, 0.0 ], [ -122.4738589195, 37.6746598771, 0.0 ] ] ] } },
{ "type": "Feature", "properties": { "route": "101", "current_peak": 11600, "additional_peak": 0, "increase_percent": 0.0, "tags": null }, "geometry": { "type": "MultiLineString", "coordinates": [ [ [ -121.802644051, 37.2694179667, 0.0 ], [ -121.8048878608, 37.276248946, 0.0 ], [ -121.8090424019, 37.283544374, 0.0 ], [ -121.8097304672, 37.2931613933, 0.0 ] ] ] } },
{ "type": "Feature", "properties": { "route": "35", "current_peak": 2400, "additional_peak": 0, "increase_percent": 0.0, "tags": null }, "geometry": { "type": "MultiLineString", "coordinates": [ [ [ -122.4351660822, 37.6113535019, 0.0 ], [ -122.4448080888, 37.6212730491, 0.0 ] ] ] } },
{ "type": "Feature", "properties": { "route": "160", "current_peak": 9400, "additional_peak": 6, "increase_percent": 0.063829787234042548, "tags": null }, "geometry": { "type": "MultiLineString", "coordinates": [ [ [ -121.762149744, 37.991248304, 0.0 ], [ -121.7593774434, 37.9917824033, 0.0 ], [ -121.7570887381, 37.9935238715, 0.0 ], [ -121.754824436, 38.0011431555, 0.0 ] ] ] } },
{ "type": "Feature", "properties": { "route": "380", "current_peak": 4800, "additional_peak": 107, "increase_percent": 2.229166666666667, "tags": null }, "geometry": { "type": "MultiLineString", "coordinates": [ [ [ -122.4250392332, 37.6301030258, 0.0 ], [ -122.4190870148, 37.6328358565, 0.0 ] ] ] } },
{ "type": "Feature", "properties": { "route": "9", "current_peak": 1300, "additional_peak": 0, "increase_percent": 0.0, "tags": null }, "geometry": { "type": "MultiLineString", "coordinates": [ [ [ -122.0472505435, 37.252169563, 0.0 ], [ -122.0463803237, 37.2526941011, 0.0 ], [ -122.0433373966, 37.2528639246, 0.0 ], [ -122.042498636, 37.2538692465, 0.0 ], [ -122.038403099, 37.2543549272, 0.0 ], [ -122.0380430991, 37.2554449271, 0.0 ], [ -122.0355045634, 37.2560343182, 0.0 ], [ -122.0319354122, 37.2592970473, 0.0 ], [ -122.0275538955, 37.2550559833, 0.0 ], [ -122.0229290095, 37.2524450342, 0.0 ] ] ] } },
{ "type": "Feature", "properties": { "route": "80", "current_peak": 12600, "additional_peak": 3420, "increase_percent": 27.142857142857142, "tags": [ "ccc-sf", "80", "80" ] }, "geometry": { "type": "MultiLineString", "coordinates": [ [ [ -122.4088846769, 37.7690234033, 0.0 ], [ -122.4075381338, 37.7689032567, 0.0 ] ], [ [ -122.4059069202, 37.7690632461, 0.0 ], [ -122.4054421027, 37.7701864254, 0.0 ] ], [ [ -122.4051601108, 37.7691364931, 0.0 ], [ -122.4054122131, 37.770374944, 0.0 ], [ -122.4065072127, 37.772353945, 0.0 ], [ -122.4065200002, 37.7735557439, 0.0 ], [ -122.4053302705, 37.7755235597, 0.0 ], [ -122.4029663764, 37.7771319633, 0.0 ] ] ] } },
{ "type": "Feature", "properties": { "route": "880", "current_peak": 4000, "additional_peak": 113, "increase_percent": 2.825, "tags": [ "880" ] }, "geometry": { "type": "MultiLineString", "coordinates": [ [ [ -121.9196086705, 37.43628471, 0.0 ], [ -121.9203556993, 37.4406028279, 0.0 ] ] ] } },
{ "type": "Feature", "properties": { "route": "580", "current_peak": 12000, "additional_peak": 646, "increase_percent": 5.3833333333333329, "tags": null }, "geometry": { "type": "MultiLineString", "coordinates": [ [ [ -122.2219960668, 37.7993583112, 0.0 ], [ -122.2282796879, 37.80071217, 0.0 ], [ -122.2311524135, 37.8023319463, 0.0 ] ], [ [ -122.2066520227, 37.7946215904, 0.0 ], [ -122.212899169, 37.7971725926, 0.0 ] ] ] } },
{ "type": "Feature", "properties": { "route": "237", "current_peak": 8500, "additional_peak": 113, "increase_percent": 1.3294117647058825, "tags": null }, "geometry": { "type": "MultiLineString", "coordinates": [ [ [ -121.918576076, 37.4252259633, 0.0 ], [ -121.916422455, 37.4258075559, 0.0 ] ] ] } },
{ "type": "Feature", "properties": { "route": "84", "current_peak": 5100, "additional_peak": 0, "increase_percent": 0.0, "tags": null }, "geometry": { "type": "MultiLineString", "coordinates": [ [ [ -122.2204733058, 37.478793064, 0.0 ], [ -122.217672382, 37.4830822726, 0.0 ], [ -122.2152062774, 37.4846316552, 0.0 ] ] ] } },
{ "type": "Feature", "properties": { "route": "680", "current_peak": 20100, "additional_peak": 3, "increase_percent": 0.014925373134328358, "tags": null }, "geometry": { "type": "MultiLineString", "coordinates": [ [ [ -121.8521154673, 37.3397376448, 0.0 ], [ -121.8493463876, 37.3414237902, 0.0 ] ] ] } },
{ "type": "Feature", "properties": { "route": "237", "current_peak": 4000, "additional_peak": 113, "increase_percent": 2.825, "tags": null }, "geometry": { "type": "MultiLineString", "coordinates": [ [ [ -121.9109315336, 37.4273575097, 0.0 ], [ -121.9097185533, 37.4297320358, 0.0 ], [ -121.9072289093, 37.4314226193, 0.0 ], [ -121.8979301758, 37.4326706636, 0.0 ] ] ] } },
{ "type": "Feature", "properties": { "route": "92", "current_peak": 11300, "additional_peak": 0, "increase_percent": 0.0, "tags": null }, "geometry": { "type": "MultiLineString", "coordinates": [ [ [ -122.3444766708, 37.5095483824, 0.0 ], [ -122.3429646098, 37.50749896, 0.0 ], [ -122.3400162336, 37.5068765546, 0.0 ] ] ] } },
{ "type": "Feature", "properties": { "route": "82", "current_peak": 3550, "additional_peak": 0, "increase_percent": 0.0, "tags": null }, "geometry": { "type": "MultiLineString", "coordinates": [ [ [ -122.1317710989, 37.4176130391, 0.0 ], [ -122.1466431341, 37.4254049356, 0.0 ], [ -122.1516129979, 37.4297530922, 0.0 ] ] ] } },
{ "type": "Feature", "properties": { "route": "82", "current_peak": 4300, "additional_peak": 0, "increase_percent": 0.0, "tags": null }, "geometry": { "type": "MultiLineString", "coordinates": [ [ [ -122.0704289553, 37.3791813191, 0.0 ], [ -122.0785346427, 37.3830145184, 0.0 ] ] ] } },
{ "type": "Feature", "properties": { "route": "80", "current_peak": 15300, "additional_peak": 7300, "increase_percent": 47.712418300653596, "tags": [ "ccc-sf", "bridges", "bay-bridge", "80", "80", "80" ] }, "geometry": { "type": "MultiLineString", "coordinates": [ [ [ -122.3417715532, 37.8203995899, 0.0 ], [ -122.3230852662, 37.8226093012, 0.0 ], [ -122.3135802057, 37.8248999567, 0.0 ], [ -122.3074212052, 37.8251519555, 0.0 ], [ -122.3021059743, 37.8260867615, 0.0 ] ] ] } },
{ "type": "Feature", "properties": { "route": "580", "current_peak": 11600, "additional_peak": 646, "increase_percent": 5.5689655172413799, "tags": null }, "geometry": { "type": "MultiLineString", "coordinates": [ [ [ -122.2483279989, 37.810388687, 0.0 ], [ -122.2501457653, 37.8119103388, 0.0 ], [ -122.2512360391, 37.8154445373, 0.0 ] ] ] } },
{ "type": "Feature", "properties": { "route": "101", "current_peak": 12900, "additional_peak": 402, "increase_percent": 3.1162790697674416, "tags": null }, "geometry": { "type": "MultiLineString", "coordinates": [ [ [ -122.406255098, 37.6428182415, 0.0 ], [ -122.4069731563, 37.6514463476, 0.0 ] ] ] } },
{ "type": "Feature", "properties": { "route": "101", "current_peak": 14600, "additional_peak": 85, "increase_percent": 0.5821917808219178, "tags": null }, "geometry": { "type": "MultiLineString", "coordinates": [ [ [ -122.3454392933, 37.587121587, 0.0 ], [ -122.3532585106, 37.5873502211, 0.0 ], [ -122.3573714516, 37.5881311963, 0.0 ], [ -122.3706902494, 37.5963457304, 0.0 ] ] ] } },
{ "type": "Feature", "properties": { "route": "880", "current_peak": 11800, "additional_peak": 713, "increase_percent": 6.0423728813559316, "tags": [ "880" ] }, "geometry": { "type": "MultiLineString", "coordinates": [ [ [ -121.9949150267, 37.526216454, 0.0 ], [ -122.0144766916, 37.5367560041, 0.0 ] ] ] } },
{ "type": "Feature", "properties": { "route": "880", "current_peak": 11200, "additional_peak": 2298, "increase_percent": 20.517857142857142, "tags": [ "880" ] }, "geometry": { "type": "MultiLineString", "coordinates": [ [ [ -122.2678970277, 37.7958289354, 0.0 ], [ -122.2725545769, 37.7976619299, 0.0 ] ] ] } },
{ "type": "Feature", "properties": { "route": "1", "current_peak": 1850, "additional_peak": 0, "increase_percent": 0.0, "tags": null }, "geometry": { "type": "MultiLineString", "coordinates": [ [ [ -122.5021552056, 37.5186271718, 0.0 ], [ -122.5081364163, 37.5222273362, 0.0 ], [ -122.5155688695, 37.5296421593, 0.0 ], [ -122.5173163793, 37.5321354124, 0.0 ], [ -122.5179397993, 37.5348289625, 0.0 ], [ -122.5160288707, 37.542497162, 0.0 ], [ -122.5118978708, 37.5496651621, 0.0 ], [ -122.5129033435, 37.5560656245, 0.0 ], [ -122.5146466267, 37.5584427356, 0.0 ], [ -122.5131332888, 37.5602130551, 0.0 ], [ -122.5136424926, 37.5620690339, 0.0 ], [ -122.5126153229, 37.5646246397, 0.0 ], [ -122.5157144433, 37.5711415369, 0.0 ], [ -122.508659985, 37.584032483, 0.0 ], [ -122.5042730336, 37.5860971928, 0.0 ], [ -122.5053758746, 37.5883371654, 0.0 ], [ -122.5039088745, 37.5905781661, 0.0 ], [ -122.5058917627, 37.593352976, 0.0 ], [ -122.5050256066, 37.5948314962, 0.0 ] ], [ [ -122.4278874208, 37.4408976773, 0.0 ], [ -122.4292096737, 37.449258785, 0.0 ], [ -122.434361607, 37.4588259973, 0.0 ] ] ] } },
{ "type": "Feature", "properties": { "route": "87", "current_peak": 7700, "additional_peak": 0, "increase_percent": 0.0, "tags": null }, "geometry": { "type": "MultiLineString", "coordinates": [ [ [ -121.8997205628, 37.3406520725, 0.0 ], [ -121.9030931996, 37.3458707899, 0.0 ], [ -121.9087483991, 37.3499267564, 0.0 ] ] ] } },
{ "type": "Feature", "properties": { "route": "680", "current_peak": 12500, "additional_peak": 588, "increase_percent": 4.704, "tags": null }, "geometry": { "type": "MultiLineString", "coordinates": [ [ [ -121.932811453, 37.5355692186, 0.0 ], [ -121.9267382035, 37.5387539115, 0.0 ], [ -121.9216175845, 37.5430583583, 0.0 ], [ -121.9203048458, 37.5446072302, 0.0 ], [ -121.9197120268, 37.5473494614, 0.0 ] ] ] } },
{ "type": "Feature", "properties": { "route": "580", "current_peak": 6800, "additional_peak": 296, "increase_percent": 4.3529411764705879, "tags": null }, "geometry": { "type": "MultiLineString", "coordinates": [ [ [ -122.3539973135, 37.9218564894, 0.0 ], [ -122.3579557941, 37.9226563395, 0.0 ], [ -122.3645726704, 37.9262517395, 0.0 ], [ -122.3683872244, 37.9271836458, 0.0 ] ] ] } },
{ "type": "Feature", "properties": { "route": "280", "current_peak": 2050, "additional_peak": 1168, "increase_percent": 56.975609756097555, "tags": null }, "geometry": { "type": "MultiLineString", "coordinates": [ [ [ -122.4646231097, 37.7105107539, 0.0 ], [ -122.4624909062, 37.7105700012, 0.0 ] ] ] } },
{ "type": "Feature", "properties": { "route": "82", "current_peak": 3250, "additional_peak": 0, "increase_percent": 0.0, "tags": null }, "geometry": { "type": "MultiLineString", "coordinates": [ [ [ -122.1316411395, 37.4177346133, 0.0 ], [ -122.1465431346, 37.425514935, 0.0 ], [ -122.1514793915, 37.4298598578, 0.0 ] ] ] } },
{ "type": "Feature", "properties": { "route": "87", "current_peak": 9000, "additional_peak": 0, "increase_percent": 0.0, "tags": null }, "geometry": { "type": "MultiLineString", "coordinates": [ [ [ -121.8591684468, 37.2651298535, 0.0 ], [ -121.8598989425, 37.2681350327, 0.0 ], [ -121.8632354608, 37.2742256815, 0.0 ] ] ] } },
{ "type": "Feature", "properties": { "route": "4", "current_peak": 12600, "additional_peak": 798, "increase_percent": 6.3333333333333339, "tags": null }, "geometry": { "type": "MultiLineString", "coordinates": [ [ [ -122.0103897378, 38.0114467177, 0.0 ], [ -121.996414743, 38.0138962806, 0.0 ], [ -121.9824625627, 38.0208243941, 0.0 ] ] ] } },
{ "type": "Feature", "properties": { "route": "580", "current_peak": 4850, "additional_peak": 0, "increase_percent": 0.0, "tags": null }, "geometry": { "type": "MultiLineString", "coordinates": [ [ [ -121.8008457498, 37.7007498447, 0.0 ], [ -121.8027321806, 37.7007609313, 0.0 ] ] ] } },
{ "type": "Feature", "properties": { "route": "580", "current_peak": 13800, "additional_peak": 646, "increase_percent": 4.6811594202898554, "tags": null }, "geometry": { "type": "MultiLineString", "coordinates": [ [ [ -122.212899169, 37.7971725926, 0.0 ], [ -122.2219960668, 37.7993583112, 0.0 ] ] ] } },
{ "type": "Feature", "properties": { "route": "84", "current_peak": 2300, "additional_peak": 0, "increase_percent": 0.0, "tags": null }, "geometry": { "type": "MultiLineString", "coordinates": [ [ [ -122.2520749526, 37.4291518257, 0.0 ], [ -122.2492394829, 37.4295198776, 0.0 ], [ -122.2461398993, 37.4319941606, 0.0 ] ] ] } },
{ "type": "Feature", "properties": { "route": "13", "current_peak": 2600, "additional_peak": 148, "increase_percent": 5.6923076923076925, "tags": null }, "geometry": { "type": "MultiLineString", "coordinates": [ [ [ -122.244583803, 37.8581175317, 0.0 ], [ -122.2507457214, 37.8577496676, 0.0 ], [ -122.2524982997, 37.8570825509, 0.0 ] ] ] } },
{ "type": "Feature", "properties": { "route": "84", "current_peak": 3800, "additional_peak": 0, "increase_percent": 0.0, "tags": null }, "geometry": { "type": "MultiLineString", "coordinates": [ [ [ -122.2288710478, 37.4541857578, 0.0 ], [ -122.2254128647, 37.4609750324, 0.0 ], [ -122.2238238264, 37.4680129854, 0.0 ] ] ] } },
{ "type": "Feature", "properties": { "route": "101", "current_peak": 13200, "additional_peak": 3, "increase_percent": 0.022727272727272728, "tags": null }, "geometry": { "type": "MultiLineString", "coordinates": [ [ [ -121.8570563832, 37.3446374138, 0.0 ], [ -121.8639508843, 37.3520347116, 0.0 ] ] ] } },
{ "type": "Feature", "properties": { "route": "80", "current_peak": 12600, "additional_peak": 18, "increase_percent": 0.14285714285714285, "tags": [ "80" ] }, "geometry": { "type": "MultiLineString", "coordinates": [ [ [ -122.3277791504, 37.9524209582, 0.0 ], [ -122.3305852233, 37.9582249651, 0.0 ], [ -122.3304661561, 37.9599528453, 0.0 ], [ -122.3289992534, 37.9622755103, 0.0 ] ] ] } },
{ "type": "Feature", "properties": { "route": "92", "current_peak": 8600, "additional_peak": 0, "increase_percent": 0.0, "tags": null }, "geometry": { "type": "MultiLineString", "coordinates": [ [ [ -122.3173530317, 37.5483674225, 0.0 ], [ -122.3119019886, 37.5502589601, 0.0 ] ] ] } },
{ "type": "Feature", "properties": { "route": "580", "current_peak": 8000, "additional_peak": 5078, "increase_percent": 63.475, "tags": [ "ccc-sf" ] }, "geometry": { "type": "MultiLineString", "coordinates": [ [ [ -122.2874297588, 37.8264494192, 0.0 ], [ -122.2900858744, 37.8264401417, 0.0 ], [ -122.2933124252, 37.8275156584, 0.0 ], [ -122.2954398256, 37.8272396663, 0.0 ] ] ] } },
{ "type": "Feature", "properties": { "route": "4", "current_peak": 1350, "additional_peak": 0, "increase_percent": 0.0, "tags": null }, "geometry": { "type": "MultiLineString", "coordinates": [ [ [ -121.6216131195, 37.8892784955, 0.0 ], [ -121.6143195412, 37.8893070457, 0.0 ], [ -121.6084898011, 37.8900459677, 0.0 ], [ -121.5754807964, 37.8900929692, 0.0 ], [ -121.5723227977, 37.8910409691, 0.0 ], [ -121.5709157953, 37.8921549717, 0.0 ], [ -121.5699793604, 37.8909157648, 0.0 ] ] ] } },
{ "type": "Feature", "properties": { "route": "87", "current_peak": 9900, "additional_peak": 0, "increase_percent": 0.0, "tags": null }, "geometry": { "type": "MultiLineString", "coordinates": [ [ [ -121.899947137, 37.3405668913, 0.0 ], [ -121.9032962224, 37.3457789959, 0.0 ], [ -121.9088376468, 37.3497231548, 0.0 ] ] ] } },
{ "type": "Feature", "properties": { "route": "82", "current_peak": 14000, "additional_peak": 288, "increase_percent": 2.0571428571428569, "tags": null }, "geometry": { "type": "MultiLineString", "coordinates": [ [ [ -122.4029171364, 37.6119113519, 0.0 ], [ -122.4059649605, 37.6149689659, 0.0 ] ] ] } },
{ "type": "Feature", "properties": { "route": "112", "current_peak": 2200, "additional_peak": 521, "increase_percent": 23.68181818181818, "tags": null }, "geometry": { "type": "MultiLineString", "coordinates": [ [ [ -122.1689804995, 37.7214190932, 0.0 ], [ -122.1642707902, 37.7226535633, 0.0 ], [ -122.1591366731, 37.7248713254, 0.0 ] ] ] } },
{ "type": "Feature", "properties": { "route": "238", "current_peak": 2500, "additional_peak": 261, "increase_percent": 10.44, "tags": null }, "geometry": { "type": "MultiLineString", "coordinates": [ [ [ -122.0034253106, 37.5912414939, 0.0 ], [ -122.0282598249, 37.6133127916, 0.0 ] ] ] } },
{ "type": "Feature", "properties": { "route": "80", "current_peak": 12800, "additional_peak": 16, "increase_percent": 0.125, "tags": [ "80" ] }, "geometry": { "type": "MultiLineString", "coordinates": [ [ [ -122.3279523171, 37.9523646452, 0.0 ], [ -122.330741222, 37.9578649662, 0.0 ], [ -122.3305312256, 37.9603029678, 0.0 ], [ -122.3291475239, 37.9623413663, 0.0 ] ], [ [ -122.3202619852, 37.9711116534, 0.0 ], [ -122.3171335494, 37.9806104321, 0.0 ] ] ] } },
{ "type": "Feature", "properties": { "route": "580", "current_peak": 9800, "additional_peak": 1098, "increase_percent": 11.204081632653061, "tags": null }, "geometry": { "type": "MultiLineString", "coordinates": [ [ [ -122.1152550502, 37.7042511005, 0.0 ], [ -122.1209761626, 37.7070999603, 0.0 ], [ -122.1235832059, 37.709053609, 0.0 ] ] ] } },
{ "type": "Feature", "properties": { "route": "87", "current_peak": 9000, "additional_peak": 69, "increase_percent": 0.76666666666666661, "tags": null }, "geometry": { "type": "MultiLineString", "coordinates": [ [ [ -121.9268755827, 37.3706145359, 0.0 ], [ -121.9285380375, 37.3734195988, 0.0 ] ] ] } },
{ "type": "Feature", "properties": { "route": "1", "current_peak": 4250, "additional_peak": 0, "increase_percent": 0.0, "tags": null }, "geometry": { "type": "MultiLineString", "coordinates": [ [ [ -122.4912238621, 37.6113203212, 0.0 ], [ -122.4867181258, 37.6142884459, 0.0 ], [ -122.4854101248, 37.6167204458, 0.0 ], [ -122.4853242513, 37.6227114634, 0.0 ], [ -122.4892134258, 37.6276783703, 0.0 ] ] ] } },
{ "type": "Feature", "properties": { "route": "238", "current_peak": 2500, "additional_peak": 263, "increase_percent": 10.52, "tags": null }, "geometry": { "type": "MultiLineString", "coordinates": [ [ [ -121.9868202791, 37.5796373689, 0.0 ], [ -121.9906651291, 37.5808609592, 0.0 ], [ -121.9979451309, 37.5865919594, 0.0 ], [ -122.0281473846, 37.6133832612, 0.0 ] ] ] } },
{ "type": "Feature", "properties": { "route": "262", "current_peak": 4900, "additional_peak": 691, "increase_percent": 14.102040816326531, "tags": null }, "geometry": { "type": "MultiLineString", "coordinates": [ [ [ -121.9355183823, 37.48511744, 0.0 ], [ -121.9330678336, 37.4865347774, 0.0 ], [ -121.9312958495, 37.4885008874, 0.0 ] ] ] } },
{ "type": "Feature", "properties": { "route": "130", "current_peak": 210, "additional_peak": 0, "increase_percent": 0.0, "tags": null }, "geometry": { "type": "MultiLineString", "coordinates": [ [ [ -121.8007092174, 37.3760904034, 0.0 ], [ -121.7984401193, 37.3742519103, 0.0 ], [ -121.7989020762, 37.3758489555, 0.0 ], [ -121.7973610765, 37.3763679555, 0.0 ], [ -121.7932580753, 37.3757049567, 0.0 ], [ -121.7895950744, 37.3767389561, 0.0 ], [ -121.7884970744, 37.375761956, 0.0 ], [ -121.7866854779, 37.3771622838, 0.0 ], [ -121.7808855403, 37.3784983505, 0.0 ], [ -121.775709073, 37.3778619577, 0.0 ], [ -121.7731838782, 37.3764496952, 0.0 ], [ -121.7734947411, 37.3753637943, 0.0 ], [ -121.7716390715, 37.3742309572, 0.0 ], [ -121.7721400682, 37.3732093643, 0.0 ], [ -121.7715190718, 37.3723049575, 0.0 ], [ -121.7696120716, 37.3718589574, 0.0 ], [ -121.7689906871, 37.3702481458, 0.0 ], [ -121.7675480395, 37.3693139418, 0.0 ], [ -121.7675545469, 37.3682429053, 0.0 ], [ -121.7632900699, 37.3649759565, 0.0 ], [ -121.7630383333, 37.3641623154, 0.0 ], [ -121.7612289286, 37.3639576153, 0.0 ], [ -121.7604060692, 37.3632149576, 0.0 ], [ -121.7551800679, 37.362800958, 0.0 ], [ -121.7544105737, 37.3615803469, 0.0 ], [ -121.7551890681, 37.3607009574, 0.0 ], [ -121.7542070676, 37.3605099576, 0.0 ], [ -121.7535088651, 37.3594861388, 0.0 ] ] ] } },
{ "type": "Feature", "properties": { "route": "92", "current_peak": 7100, "additional_peak": 26, "increase_percent": 0.36619718309859156, "tags": null }, "geometry": { "type": "MultiLineString", "coordinates": [ [ [ -122.1052360164, 37.6342690028, 0.0 ], [ -122.0992729184, 37.6365940187, 0.0 ], [ -122.0965250048, 37.6399520229, 0.0 ] ] ] } },
{ "type": "Feature", "properties": { "route": "101", "current_peak": 14300, "additional_peak": 402, "increase_percent": 2.8111888111888113, "tags": null }, "geometry": { "type": "MultiLineString", "coordinates": [ [ [ -122.4069731563, 37.6514463476, 0.0 ], [ -122.4069860111, 37.6549931253, 0.0 ], [ -122.4058042171, 37.6578616803, 0.0 ] ] ] } },
{ "type": "Feature", "properties": { "route": "580", "current_peak": 16400, "additional_peak": 0, "increase_percent": 0.0, "tags": null }, "geometry": { "type": "MultiLineString", "coordinates": [ [ [ -121.8800556166, 37.7013962007, 0.0 ], [ -121.8974693836, 37.701441461, 0.0 ] ] ] } },
{ "type": "Feature", "properties": { "route": "92", "current_peak": 2450, "additional_peak": 0, "increase_percent": 0.0, "tags": null }, "geometry": { "type": "MultiLineString", "coordinates": [ [ [ -122.3577054766, 37.5020257625, 0.0 ], [ -122.3583191752, 37.5039557334, 0.0 ], [ -122.3577877435, 37.5068591676, 0.0 ], [ -122.3555296089, 37.5079632738, 0.0 ], [ -122.3533301746, 37.5080387344, 0.0 ], [ -122.3501232046, 37.5116372499, 0.0 ] ] ] } },
{ "type": "Feature", "properties": { "route": "101", "current_peak": 5800, "additional_peak": 0, "increase_percent": 0.0, "tags": null }, "geometry": { "type": "MultiLineString", "coordinates": [ [ [ -121.5548276534, 36.9739744582, 0.0 ], [ -121.5589118057, 36.9840961282, 0.0 ], [ -121.5563318083, 36.9987061293, 0.0 ], [ -121.5563918077, 37.0018061295, 0.0 ], [ -121.5610700994, 37.0117704808, 0.0 ] ] ] } },
{ "type": "Feature", "properties": { "route": "101", "current_peak": 16400, "additional_peak": 123, "increase_percent": 0.75, "tags": null }, "geometry": { "type": "MultiLineString", "coordinates": [ [ [ -122.2959143857, 37.5533020386, 0.0 ], [ -122.3003661436, 37.5581202601, 0.0 ] ] ] } },
{ "type": "Feature", "properties": { "route": "880", "current_peak": 12100, "additional_peak": 713, "increase_percent": 5.8925619834710741, "tags": [ "880" ] }, "geometry": { "type": "MultiLineString", "coordinates": [ [ [ -121.9423244863, 37.4881287883, 0.0 ], [ -121.9578119678, 37.5000238332, 0.0 ] ] ] } },
{ "type": "Feature", "properties": { "route": "80", "current_peak": 8300, "additional_peak": 3279, "increase_percent": 39.506024096385545, "tags": [ "ccc-sf", "80", "80" ] }, "geometry": { "type": "MultiLineString", "coordinates": [ [ [ -122.4031684214, 37.7772796455, 0.0 ], [ -122.3966469494, 37.7822365912, 0.0 ] ] ] } },
{ "type": "Feature", "properties": { "route": "101", "current_peak": 11600, "additional_peak": 75, "increase_percent": 0.64655172413793105, "tags": null }, "geometry": { "type": "MultiLineString", "coordinates": [ [ [ -122.0042444874, 37.393692579, 0.0 ], [ -122.0202893648, 37.3973976846, 0.0 ] ] ] } },
{ "type": "Feature", "properties": { "route": "101", "current_peak": 9000, "additional_peak": 0, "increase_percent": 0.0, "tags": null }, "geometry": { "type": "MultiLineString", "coordinates": [ [ [ -121.6115325391, 37.1048179373, 0.0 ], [ -121.6224977793, 37.1137744701, 0.0 ], [ -121.6297787336, 37.1254838136, 0.0 ] ] ] } },
{ "type": "Feature", "properties": { "route": "101", "current_peak": 12600, "additional_peak": 160, "increase_percent": 1.2698412698412698, "tags": null }, "geometry": { "type": "MultiLineString", "coordinates": [ [ [ -121.8773809546, 37.3612396295, 0.0 ], [ -121.89667343, 37.3635753607, 0.0 ] ] ] } },
{ "type": "Feature", "properties": { "route": "880", "current_peak": 9900, "additional_peak": 162, "increase_percent": 1.6363636363636365, "tags": [ "880" ] }, "geometry": { "type": "MultiLineString", "coordinates": [ [ [ -121.901946788, 37.3642462733, 0.0 ], [ -121.9014233434, 37.3655778613, 0.0 ] ] ] } },
{ "type": "Feature", "properties": { "route": "1", "current_peak": 6500, "additional_peak": 641, "increase_percent": 9.861538461538462, "tags": null }, "geometry": { "type": "MultiLineString", "coordinates": [ [ [ -122.4711390059, 37.7073280993, 0.0 ], [ -122.4710538367, 37.7111313889, 0.0 ] ] ] } },
{ "type": "Feature", "properties": { "route": "680", "current_peak": 18200, "additional_peak": 1153, "increase_percent": 6.3351648351648349, "tags": [ "ccc-sf" ] }, "geometry": { "type": "MultiLineString", "coordinates": [ [ [ -122.0597624995, 37.9421094907, 0.0 ], [ -122.0554253217, 37.9519071575, 0.0 ] ] ] } },
{ "type": "Feature", "properties": { "route": "84", "current_peak": 4700, "additional_peak": 0, "increase_percent": 0.0, "tags": null }, "geometry": { "type": "MultiLineString", "coordinates": [ [ [ -122.2239189152, 37.4680287189, 0.0 ], [ -122.2218993082, 37.4764672721, 0.0 ] ] ] } },
{ "type": "Feature", "properties": { "route": "101", "current_peak": 8600, "additional_peak": 118, "increase_percent": 1.3720930232558139, "tags": null }, "geometry": { "type": "MultiLineString", "coordinates": [ [ [ -121.9055610866, 37.366187606, 0.0 ], [ -121.9096261552, 37.3693620933, 0.0 ], [ -121.9125280247, 37.3705940792, 0.0 ] ] ] } },
{ "type": "Feature", "properties": { "route": "580", "current_peak": 12000, "additional_peak": 723, "increase_percent": 6.025, "tags": null }, "geometry": { "type": "MultiLineString", "coordinates": [ [ [ -122.1510997378, 37.7491229051, 0.0 ], [ -122.1519101722, 37.7511509614, 0.0 ], [ -122.1517341725, 37.7530779625, 0.0 ], [ -122.1485941716, 37.7566879624, 0.0 ], [ -122.1479341713, 37.7585529624, 0.0 ], [ -122.1502867118, 37.7634721483, 0.0 ] ] ] } },
{ "type": "Feature", "properties": { "route": "101", "current_peak": 11700, "additional_peak": 409, "increase_percent": 3.4957264957264957, "tags": null }, "geometry": { "type": "MultiLineString", "coordinates": [ [ [ -122.4004905173, 37.6627546897, 0.0 ], [ -122.3981802811, 37.6643366575, 0.0 ] ] ] } },
{ "type": "Feature", "properties": { "route": "17", "current_peak": 5000, "additional_peak": 0, "increase_percent": 0.0, "tags": null }, "geometry": { "type": "MultiLineString", "coordinates": [ [ [ -121.9806906982, 37.2225564901, 0.0 ], [ -121.9746331836, 37.22723896, 0.0 ], [ -121.9687824091, 37.2387309389, 0.0 ] ] ] } },
{ "type": "Feature", "properties": { "route": "101", "current_peak": 11600, "additional_peak": 87, "increase_percent": 0.75, "tags": null }, "geometry": { "type": "MultiLineString", "coordinates": [ [ [ -122.0586112678, 37.406072997, 0.0 ], [ -122.0681648769, 37.4081769634, 0.0 ] ] ] } },
{ "type": "Feature", "properties": { "route": "87", "current_peak": 11300, "additional_peak": 0, "increase_percent": 0.0, "tags": null }, "geometry": { "type": "MultiLineString", "coordinates": [ [ [ -121.8673068493, 37.2844283493, 0.0 ], [ -121.8706236727, 37.2891985859, 0.0 ], [ -121.8748530372, 37.2993295982, 0.0 ] ] ] } },
{ "type": "Feature", "properties": { "route": "101", "current_peak": 13600, "additional_peak": 402, "increase_percent": 2.9558823529411766, "tags": null }, "geometry": { "type": "MultiLineString", "coordinates": [ [ [ -122.3945268256, 37.6681180936, 0.0 ], [ -122.3908240085, 37.672430127, 0.0 ], [ -122.3886460099, 37.6768161283, 0.0 ], [ -122.3885820094, 37.6793201275, 0.0 ], [ -122.3903310908, 37.6870794543, 0.0 ] ] ] } },
{ "type": "Feature", "properties": { "route": "880", "current_peak": 12900, "additional_peak": 692, "increase_percent": 5.3643410852713185, "tags": [ "880" ] }, "geometry": { "type": "MultiLineString", "coordinates": [ [ [ -122.0452626295, 37.570337677, 0.0 ], [ -122.0497472939, 37.5823326747, 0.0 ], [ -122.0540928125, 37.5889342721, 0.0 ] ] ] } },
{ "type": "Feature", "properties": { "route": "13", "current_peak": 6000, "additional_peak": 91, "increase_percent": 1.5166666666666666, "tags": null }, "geometry": { "type": "MultiLineString", "coordinates": [ [ [ -122.1915926042, 37.8045069199, 0.0 ], [ -122.1948749906, 37.8082596848, 0.0 ], [ -122.2003509912, 37.812894684, 0.0 ], [ -122.2027728346, 37.8159677626, 0.0 ] ] ] } },
{ "type": "Feature", "properties": { "route": "92", "current_peak": 460, "additional_peak": 0, "increase_percent": 0.0, "tags": null }, "geometry": { "type": "MultiLineString", "coordinates": [ [ [ -122.3501232046, 37.5116372499, 0.0 ], [ -122.3473740775, 37.5120512822, 0.0 ], [ -122.3444766708, 37.5095483824, 0.0 ] ] ] } },
{ "type": "Feature", "properties": { "route": "85", "current_peak": 10700, "additional_peak": 0, "increase_percent": 0.0, "tags": null }, "geometry": { "type": "MultiLineString", "coordinates": [ [ [ -121.7938478279, 37.2404242489, 0.0 ], [ -121.8048807659, 37.2431523533, 0.0 ], [ -121.8216767723, 37.2438442946, 0.0 ] ] ] } },
{ "type": "Feature", "properties": { "route": "262", "current_peak": 4900, "additional_peak": 724, "increase_percent": 14.775510204081632, "tags": null }, "geometry": { "type": "MultiLineString", "coordinates": [ [ [ -121.9312958495, 37.4885008874, 0.0 ], [ -121.9260118133, 37.4930594356, 0.0 ] ] ] } },
{ "type": "Feature", "properties": { "route": "85", "current_peak": 7600, "additional_peak": 0, "increase_percent": 0.0, "tags": null }, "geometry": { "type": "MultiLineString", "coordinates": [ [ [ -121.9602153751, 37.2570783265, 0.0 ], [ -121.9700230889, 37.2601449335, 0.0 ], [ -121.9861281217, 37.2673304224, 0.0 ] ] ] } },
{ "type": "Feature", "properties": { "route": "92", "current_peak": 4250, "additional_peak": 53, "increase_percent": 1.2470588235294118, "tags": null }, "geometry": { "type": "MultiLineString", "coordinates": [ [ [ -122.3119019886, 37.5502589601, 0.0 ], [ -122.309094292, 37.5519252001, 0.0 ] ] ] } },
{ "type": "Feature", "properties": { "route": "92", "current_peak": 6500, "additional_peak": 26, "increase_percent": 0.4, "tags": null }, "geometry": { "type": "MultiLineString", "coordinates": [ [ [ -122.1156687594, 37.6300761539, 0.0 ], [ -122.1053221195, 37.6344019694, 0.0 ] ] ] } },
{ "type": "Feature", "properties": { "route": "35", "current_peak": 12900, "additional_peak": 32, "increase_percent": 0.24806201550387599, "tags": null }, "geometry": { "type": "MultiLineString", "coordinates": [ [ [ -122.4727501696, 37.6556186733, 0.0 ], [ -122.4769590243, 37.6620664937, 0.0 ] ] ] } },
{ "type": "Feature", "properties": { "route": "980", "current_peak": 8200, "additional_peak": 1325, "increase_percent": 16.158536585365855, "tags": null }, "geometry": { "type": "MultiLineString", "coordinates": [ [ [ -122.2769478374, 37.8081775988, 0.0 ], [ -122.274915169, 37.8109945754, 0.0 ], [ -122.2713213787, 37.8142974031, 0.0 ], [ -122.2703330811, 37.8162643478, 0.0 ] ] ] } },
{ "type": "Feature", "properties": { "route": "580", "current_peak": 6200, "additional_peak": 0, "increase_percent": 0.0, "tags": [ "bridges" ] }, "geometry": { "type": "MultiLineString", "coordinates": [ [ [ -122.4022698125, 37.9323403964, 0.0 ], [ -122.4337230749, 37.934377882, 0.0 ] ] ] } },
{ "type": "Feature", "properties": { "route": "238", "current_peak": 9300, "additional_peak": 386, "increase_percent": 4.150537634408602, "tags": null }, "geometry": { "type": "MultiLineString", "coordinates": [ [ [ -122.1180274707, 37.6894787741, 0.0 ], [ -122.1286376709, 37.690904462, 0.0 ], [ -122.1334475462, 37.6905274062, 0.0 ] ] ] } },
{ "type": "Feature", "properties": { "route": "87", "current_peak": 10200, "additional_peak": 0, "increase_percent": 0.0, "tags": null }, "geometry": { "type": "MultiLineString", "coordinates": [ [ [ -121.8970286344, 37.332794659, 0.0 ], [ -121.8979280457, 37.3374654939, 0.0 ], [ -121.899947137, 37.3405668913, 0.0 ] ] ] } },
{ "type": "Feature", "properties": { "route": "152", "current_peak": 2300, "additional_peak": 0, "increase_percent": 0.0, "tags": null }, "geometry": { "type": "MultiLineString", "coordinates": [ [ [ -121.585283107, 37.0134311279, 0.0 ], [ -121.5770736594, 37.0132296836, 0.0 ], [ -121.5723695308, 37.0146763805, 0.0 ], [ -121.5735888047, 37.0170320903, 0.0 ] ] ] } },
{ "type": "Feature", "properties": { "route": "84", "current_peak": 4600, "additional_peak": 0, "increase_percent": 0.0, "tags": null }, "geometry": { "type": "MultiLineString", "coordinates": [ [ [ -121.8055121063, 37.6815386854, 0.0 ], [ -121.8055814465, 37.6963469286, 0.0 ], [ -121.8041801878, 37.6990371975, 0.0 ], [ -121.8016343551, 37.7012367054, 0.0 ] ] ] } },
{ "type": "Feature", "properties": { "route": "101", "current_peak": 12700, "additional_peak": 69, "increase_percent": 0.54330708661417315, "tags": null }, "geometry": { "type": "MultiLineString", "coordinates": [ [ [ -121.934862591, 37.3752898543, 0.0 ], [ -121.9530196321, 37.3788619317, 0.0 ] ] ] } },
{ "type": "Feature", "properties": { "route": "280", "current_peak": 9600, "additional_peak": 0, "increase_percent": 0.0, "tags": null }, "geometry": { "type": "MultiLineString", "coordinates": [ [ [ -122.3526207581, 37.5175615433, 0.0 ], [ -122.3591934812, 37.5269381786, 0.0 ], [ -122.3632532623, 37.5355440392, 0.0 ] ] ] } },
{ "type": "Feature", "properties": { "route": "84", "current_peak": 1550, "additional_peak": 0, "increase_percent": 0.0, "tags": null }, "geometry": { "type": "MultiLineString", "coordinates": [ [ [ -121.9600340078, 37.587740699, 0.0 ], [ -121.9576890027, 37.5894541253, 0.0 ], [ -121.9570236511, 37.5914880998, 0.0 ], [ -121.9521156507, 37.5971741012, 0.0 ], [ -121.9500496504, 37.5981121017, 0.0 ], [ -121.9453636867, 37.5974658738, 0.0 ], [ -121.9395006487, 37.5987821024, 0.0 ], [ -121.9380506484, 37.5976931025, 0.0 ], [ -121.9375616468, 37.5928761019, 0.0 ], [ -121.9359166474, 37.5910031019, 0.0 ], [ -121.9325936471, 37.5918851022, 0.0 ], [ -121.9300915624, 37.5959169492, 0.0 ], [ -121.9253296469, 37.5990071044, 0.0 ], [ -121.9217466455, 37.5983481035, 0.0 ], [ -121.9166336478, 37.5945859318, 0.0 ], [ -121.9147683896, 37.5940919699, 0.0 ] ] ] } },
{ "type": "Feature", "properties": { "route": "580", "current_peak": 11200, "additional_peak": 731, "increase_percent": 6.5267857142857144, "tags": null }, "geometry": { "type": "MultiLineString", "coordinates": [ [ [ -122.3093339331, 37.8881762168, 0.0 ], [ -122.3093257475, 37.8882579537, 0.0 ] ] ] } },
{ "type": "Feature", "properties": { "route": "980", "current_peak": 6400, "additional_peak": 2670, "increase_percent": 41.71875, "tags": null }, "geometry": { "type": "MultiLineString", "coordinates": [ [ [ -122.2803881381, 37.8025776307, 0.0 ], [ -122.2771995982, 37.8082835278, 0.0 ] ] ] } },
{ "type": "Feature", "properties": { "route": "680", "current_peak": 10600, "additional_peak": 0, "increase_percent": 0.0, "tags": null }, "geometry": { "type": "MultiLineString", "coordinates": [ [ [ -122.0599489921, 37.9709553491, 0.0 ], [ -122.0647941988, 37.9777549181, 0.0 ], [ -122.0664431251, 37.9853557009, 0.0 ] ] ] } },
{ "type": "Feature", "properties": { "route": "92", "current_peak": 12300, "additional_peak": 26, "increase_percent": 0.21138211382113822, "tags": null }, "geometry": { "type": "MultiLineString", "coordinates": [ [ [ -122.2904010998, 37.5544910391, 0.0 ], [ -122.2852730379, 37.5565038558, 0.0 ], [ -122.2791950238, 37.5601189108, 0.0 ] ] ] } },
{ "type": "Feature", "properties": { "route": "82", "current_peak": 4000, "additional_peak": 0, "increase_percent": 0.0, "tags": null }, "geometry": { "type": "MultiLineString", "coordinates": [ [ [ -122.0703385115, 37.3793204505, 0.0 ], [ -122.0784323262, 37.3831454055, 0.0 ] ] ] } },
{ "type": "Feature", "properties": { "route": "101", "current_peak": 12800, "additional_peak": 3, "increase_percent": 0.0234375, "tags": null }, "geometry": { "type": "MultiLineString", "coordinates": [ [ [ -121.856826931, 37.3447742928, 0.0 ], [ -121.8637665157, 37.3521552782, 0.0 ] ] ] } },
{ "type": "Feature", "properties": { "route": "280", "current_peak": 10100, "additional_peak": 0, "increase_percent": 0.0, "tags": null }, "geometry": { "type": "MultiLineString", "coordinates": [ [ [ -122.4074651792, 37.5852716462, 0.0 ], [ -122.4105432058, 37.5874576871, 0.0 ], [ -122.4157014924, 37.5926494294, 0.0 ] ] ] } },
{ "type": "Feature", "properties": { "route": "880", "current_peak": 13900, "additional_peak": 1071, "increase_percent": 7.7050359712230216, "tags": [ "880" ] }, "geometry": { "type": "MultiLineString", "coordinates": [ [ [ -122.151948048, 37.7002155081, 0.0 ], [ -122.1721737908, 37.7144934702, 0.0 ] ] ] } },
{ "type": "Feature", "properties": { "route": "101", "current_peak": 2400, "additional_peak": 101, "increase_percent": 4.208333333333333, "tags": null }, "geometry": { "type": "MultiLineString", "coordinates": [ [ [ -122.2461518913, 37.5049738189, 0.0 ], [ -122.2480212095, 37.5066361273, 0.0 ] ] ] } },
{ "type": "Feature", "properties": { "route": "109", "current_peak": 7200, "additional_peak": 23, "increase_percent": 0.31944444444444448, "tags": null }, "geometry": { "type": "MultiLineString", "coordinates": [ [ [ -122.1395408981, 37.4759240249, 0.0 ], [ -122.1395653359, 37.4767487854, 0.0 ] ] ] } },
{ "type": "Feature", "properties": { "route": "92", "current_peak": 12300, "additional_peak": 123, "increase_percent": 1.0, "tags": null }, "geometry": { "type": "MultiLineString", "coordinates": [ [ [ -122.2963331661, 37.552925892, 0.0 ], [ -122.2903015517, 37.5542838814, 0.0 ] ] ] } },
{ "type": "Feature", "properties": { "route": "80", "current_peak": 19300, "additional_peak": 1654, "increase_percent": 8.5699481865284977, "tags": [ "80" ] }, "geometry": { "type": "MultiLineString", "coordinates": [ [ [ -122.2944337767, 37.8325525593, 0.0 ], [ -122.2967240434, 37.8378616019, 0.0 ], [ -122.2977695737, 37.8434285366, 0.0 ] ] ] } },
{ "type": "Feature", "properties": { "route": "101", "current_peak": 4700, "additional_peak": 104, "increase_percent": 2.2127659574468086, "tags": null }, "geometry": { "type": "MultiLineString", "coordinates": [ [ [ -122.1805992512, 37.4834198031, 0.0 ], [ -122.1867969066, 37.4851474632, 0.0 ], [ -122.1967328491, 37.4864975277, 0.0 ] ] ] } },
{ "type": "Feature", "properties": { "route": "680", "current_peak": 10700, "additional_peak": 0, "increase_percent": 0.0, "tags": null }, "geometry": { "type": "MultiLineString", "coordinates": [ [ [ -122.0601344049, 37.9708636995, 0.0 ], [ -122.0645960493, 37.9768600164, 0.0 ], [ -122.0666556535, 37.9853140945, 0.0 ] ] ] } },
{ "type": "Feature", "properties": { "route": "85", "current_peak": 6200, "additional_peak": 0, "increase_percent": 0.0, "tags": null }, "geometry": { "type": "MultiLineString", "coordinates": [ [ [ -122.067877469, 37.3811814575, 0.0 ], [ -122.0681983267, 37.384156253, 0.0 ] ] ] } },
{ "type": "Feature", "properties": { "route": "101", "current_peak": 8800, "additional_peak": 0, "increase_percent": 0.0, "tags": null }, "geometry": { "type": "MultiLineString", "coordinates": [ [ [ -121.5762139001, 37.0407121204, 0.0 ], [ -121.5912181526, 37.0743545693, 0.0 ] ] ] } },
{ "type": "Feature", "properties": { "route": "84", "current_peak": 7000, "additional_peak": 22, "increase_percent": 0.31428571428571428, "tags": [ "bridges" ] }, "geometry": { "type": "MultiLineString", "coordinates": [ [ [ -122.1363382465, 37.4922213597, 0.0 ], [ -122.1281729401, 37.4995276092, 0.0 ], [ -122.1117352723, 37.5107638589, 0.0 ], [ -122.1051217158, 37.5187830945, 0.0 ] ] ] } },
{ "type": "Feature", "properties": { "route": "82", "current_peak": 8100, "additional_peak": 530, "increase_percent": 6.5432098765432105, "tags": null }, "geometry": { "type": "MultiLineString", "coordinates": [ [ [ -122.4645866435, 37.6968026741, 0.0 ], [ -122.4642394783, 37.6985316164, 0.0 ] ] ] } },
{ "type": "Feature", "properties": { "route": "580", "current_peak": 12900, "additional_peak": 1095, "increase_percent": 8.4883720930232549, "tags": null }, "geometry": { "type": "MultiLineString", "coordinates": [ [ [ -122.0929528783, 37.6907802691, 0.0 ], [ -122.0981351284, 37.6909315221, 0.0 ] ] ] } },
{ "type": "Feature", "properties": { "route": "17", "current_peak": 7600, "additional_peak": 0, "increase_percent": 0.0, "tags": null }, "geometry": { "type": "MultiLineString", "coordinates": [ [ [ -121.9551163673, 37.2566352552, 0.0 ], [ -121.9505924857, 37.2626263608, 0.0 ] ] ] } },
{ "type": "Feature", "properties": { "route": "35", "current_peak": 2750, "additional_peak": 0, "increase_percent": 0.0, "tags": null }, "geometry": { "type": "MultiLineString", "coordinates": [ [ [ -122.4675254838, 37.6425369526, 0.0 ], [ -122.472047579, 37.6475077909, 0.0 ], [ -122.4712203995, 37.652392667, 0.0 ], [ -122.4727501696, 37.6556186733, 0.0 ] ] ] } },
{ "type": "Feature", "properties": { "route": "13", "current_peak": 2800, "additional_peak": 141, "increase_percent": 5.0357142857142856, "tags": null }, "geometry": { "type": "MultiLineString", "coordinates": [ [ [ -122.2359938905, 37.8535631638, 0.0 ], [ -122.2419613307, 37.857449021, 0.0 ], [ -122.244583803, 37.8581175317, 0.0 ] ] ] } },
{ "type": "Feature", "properties": { "route": "92", "current_peak": 5300, "additional_peak": 0, "increase_percent": 0.0, "tags": null }, "geometry": { "type": "MultiLineString", "coordinates": [ [ [ -122.3315317664, 37.527549774, 0.0 ], [ -122.3292151757, 37.5347687377, 0.0 ], [ -122.3299941517, 37.5408038805, 0.0 ] ] ] } },
{ "type": "Feature", "properties": { "route": "280", "current_peak": 15600, "additional_peak": 0, "increase_percent": 0.0, "tags": null }, "geometry": { "type": "MultiLineString", "coordinates": [ [ [ -121.9452305448, 37.3170783962, 0.0 ], [ -121.9625807293, 37.3165620139, 0.0 ] ] ] } },
{ "type": "Feature", "properties": { "route": "280", "current_peak": 10900, "additional_peak": 0, "increase_percent": 0.0, "tags": null }, "geometry": { "type": "MultiLineString", "coordinates": [ [ [ -122.2515979604, 37.441827799, 0.0 ], [ -122.2566863118, 37.4439169402, 0.0 ], [ -122.2657282656, 37.4435838167, 0.0 ], [ -122.2713682478, 37.445198459, 0.0 ] ] ] } },
{ "type": "Feature", "properties": { "route": "242", "current_peak": 10700, "additional_peak": 1153, "increase_percent": 10.77570093457944, "tags": null }, "geometry": { "type": "MultiLineString", "coordinates": [ [ [ -122.0504077649, 37.9635044489, 0.0 ], [ -122.049416181, 37.9657572278, 0.0 ] ] ] } },
{ "type": "Feature", "properties": { "route": "92", "current_peak": 7100, "additional_peak": 26, "increase_percent": 0.36619718309859156, "tags": null }, "geometry": { "type": "MultiLineString", "coordinates": [ [ [ -122.1368231038, 37.6230340615, 0.0 ], [ -122.1156687594, 37.6300761539, 0.0 ] ] ] } },
{ "type": "Feature", "properties": { "route": "238", "current_peak": 14600, "additional_peak": 1073, "increase_percent": 7.3493150684931505, "tags": null }, "geometry": { "type": "MultiLineString", "coordinates": [ [ [ -122.1019414188, 37.6894154041, 0.0 ], [ -122.1118954491, 37.6884168315, 0.0 ], [ -122.1180507624, 37.6892781229, 0.0 ] ] ] } },
{ "type": "Feature", "properties": { "route": "130", "current_peak": 1900, "additional_peak": 0, "increase_percent": 0.0, "tags": null }, "geometry": { "type": "MultiLineString", "coordinates": [ [ [ -121.8243112543, 37.3708081034, 0.0 ], [ -121.8172673278, 37.3821316452, 0.0 ] ] ] } },
{ "type": "Feature", "properties": { "route": "237", "current_peak": 6600, "additional_peak": 0, "increase_percent": 0.0, "tags": null }, "geometry": { "type": "MultiLineString", "coordinates": [ [ [ -122.0664702911, 37.385024096, 0.0 ], [ -122.0627672142, 37.3858133152, 0.0 ] ], [ [ -122.0553465916, 37.3888920775, 0.0 ], [ -122.0432301845, 37.3967651358, 0.0 ] ] ] } },
{ "type": "Feature", "properties": { "route": "580", "current_peak": 6700, "additional_peak": 296, "increase_percent": 4.4179104477611943, "tags": null }, "geometry": { "type": "MultiLineString", "coordinates": [ [ [ -122.3279673015, 37.9166696846, 0.0 ], [ -122.3337467918, 37.920625341, 0.0 ], [ -122.3402623138, 37.9216969736, 0.0 ] ] ] } },
{ "type": "Feature", "properties": { "route": "112", "current_peak": 1750, "additional_peak": 375, "increase_percent": 21.428571428571427, "tags": null }, "geometry": { "type": "MultiLineString", "coordinates": [ [ [ -122.1591366731, 37.7248713254, 0.0 ], [ -122.1568705579, 37.7257904414, 0.0 ] ] ] } },
{ "type": "Feature", "properties": { "route": "82", "current_peak": 3250, "additional_peak": 0, "increase_percent": 0.0, "tags": null }, "geometry": { "type": "MultiLineString", "coordinates": [ [ [ -122.1516129979, 37.4297530922, 0.0 ], [ -122.1628040079, 37.4395917968, 0.0 ] ], [ [ -122.0232757192, 37.360243206, 0.0 ], [ -122.0317731108, 37.3672749381, 0.0 ], [ -122.0344949034, 37.3685295486, 0.0 ] ] ] } },
{ "type": "Feature", "properties": { "route": "101", "current_peak": 10900, "additional_peak": 0, "increase_percent": 0.0, "tags": null }, "geometry": { "type": "MultiLineString", "coordinates": [ [ [ -121.7849293417, 37.2509656091, 0.0 ], [ -121.7947654825, 37.2562971667, 0.0 ], [ -121.7977280598, 37.2586742465, 0.0 ], [ -121.8002050789, 37.2622363, 0.0 ], [ -121.802644051, 37.2694179667, 0.0 ] ] ] } },
{ "type": "Feature", "properties": { "route": "880", "current_peak": 9400, "additional_peak": 113, "increase_percent": 1.2021276595744681, "tags": [ "880" ] }, "geometry": { "type": "MultiLineString", "coordinates": [ [ [ -121.902671934, 37.3743511986, 0.0 ], [ -121.9027153608, 37.374535161, 0.0 ] ] ] } },
{ "type": "Feature", "properties": { "route": "123", "current_peak": 1950, "additional_peak": 410, "increase_percent": 21.025641025641026, "tags": null }, "geometry": { "type": "MultiLineString", "coordinates": [ [ [ -122.2983711253, 37.8885076877, 0.0 ], [ -122.300329008, 37.8946120176, 0.0 ] ] ] } },
{ "type": "Feature", "properties": { "route": "101", "current_peak": 16500, "additional_peak": 87, "increase_percent": 0.52727272727272723, "tags": null }, "geometry": { "type": "MultiLineString", "coordinates": [ [ [ -122.0681648769, 37.4081769634, 0.0 ], [ -122.0703540658, 37.4089950317, 0.0 ] ] ] } },
{ "type": "Feature", "properties": { "route": "242", "current_peak": 8200, "additional_peak": 906, "increase_percent": 11.048780487804878, "tags": null }, "geometry": { "type": "MultiLineString", "coordinates": [ [ [ -122.039390894, 37.9928952979, 0.0 ], [ -122.0375016091, 38.0017505239, 0.0 ] ] ] } },
{ "type": "Feature", "properties": { "route": "92", "current_peak": 9200, "additional_peak": 26, "increase_percent": 0.28260869565217395, "tags": null }, "geometry": { "type": "MultiLineString", "coordinates": [ [ [ -122.2903015517, 37.5542838814, 0.0 ], [ -122.2850867247, 37.5563729427, 0.0 ], [ -122.279014492, 37.5599368072, 0.0 ] ] ] } },
{ "type": "Feature", "properties": { "route": "280", "current_peak": 9500, "additional_peak": 0, "increase_percent": 0.0, "tags": null }, "geometry": { "type": "MultiLineString", "coordinates": [ [ [ -122.0616772739, 37.33303943, 0.0 ], [ -122.0617410287, 37.3330621449, 0.0 ] ], [ [ -122.044172747, 37.3344801132, 0.0 ], [ -122.0478611192, 37.3342601133, 0.0 ], [ -122.0562787588, 37.3324922018, 0.0 ] ] ] } },
{ "type": "Feature", "properties": { "route": "380", "current_peak": 1600, "additional_peak": 0, "increase_percent": 0.0, "tags": null }, "geometry": { "type": "MultiLineString", "coordinates": [ [ [ -122.4012839056, 37.6381732228, 0.0 ], [ -122.3976893804, 37.6385970564, 0.0 ] ] ] } },
{ "type": "Feature", "properties": { "route": "85", "current_peak": 9500, "additional_peak": 0, "increase_percent": 0.0, "tags": null }, "geometry": { "type": "MultiLineString", "coordinates": [ [ [ -122.0582007638, 37.3347555399, 0.0 ], [ -122.0598731118, 37.338084933, 0.0 ], [ -122.059947663, 37.3447147246, 0.0 ] ], [ [ -122.0211660424, 37.2880329825, 0.0 ], [ -122.0302806337, 37.2990900441, 0.0 ], [ -122.0436979344, 37.3105917312, 0.0 ] ] ] } },
{ "type": "Feature", "properties": { "route": "85", "current_peak": 10600, "additional_peak": 0, "increase_percent": 0.0, "tags": null }, "geometry": { "type": "MultiLineString", "coordinates": [ [ [ -122.0209293628, 37.2881867909, 0.0 ], [ -122.030041804, 37.2992109698, 0.0 ], [ -122.0434548512, 37.3107164998, 0.0 ] ] ] } },
{ "type": "Feature", "properties": { "route": "880", "current_peak": 10100, "additional_peak": 0, "increase_percent": 0.0, "tags": [ "880" ] }, "geometry": { "type": "MultiLineString", "coordinates": [ [ [ -121.9312388985, 37.338402466, 0.0 ], [ -121.9256303308, 37.3428469627, 0.0 ] ] ] } },
{ "type": "Feature", "properties": { "route": "185", "current_peak": 1450, "additional_peak": 359, "increase_percent": 24.758620689655171, "tags": null }, "geometry": { "type": "MultiLineString", "coordinates": [ [ [ -122.1421798836, 37.7148098344, 0.0 ], [ -122.1533080494, 37.7231342101, 0.0 ] ] ] } },
{ "type": "Feature", "properties": { "route": "35", "current_peak": 3850, "additional_peak": 0, "increase_percent": 0.0, "tags": null }, "geometry": { "type": "MultiLineString", "coordinates": [ [ [ -122.4980468092, 37.7087791563, 0.0 ], [ -122.4982490077, 37.7150011043, 0.0 ], [ -122.4999991648, 37.71784892, 0.0 ], [ -122.5004468204, 37.7206486371, 0.0 ], [ -122.5028188902, 37.7238270509, 0.0 ], [ -122.5027012844, 37.7260823014, 0.0 ] ] ] } },
{ "type": "Feature", "properties": { "route": "13", "current_peak": 1950, "additional_peak": 1229, "increase_percent": 63.025641025641022, "tags": null }, "geometry": { "type": "MultiLineString", "coordinates": [ [ [ -122.2866889863, 37.85216623, 0.0 ], [ -122.2927517809, 37.8503459479, 0.0 ] ] ] } },
{ "type": "Feature", "properties": { "route": "101", "current_peak": 12600, "additional_peak": 69, "increase_percent": 0.54761904761904767, "tags": null }, "geometry": { "type": "MultiLineString", "coordinates": [ [ [ -121.9014832846, 37.3639237618, 0.0 ], [ -121.9057393367, 37.3660146349, 0.0 ] ] ] } },
{ "type": "Feature", "properties": { "route": "242", "current_peak": 9500, "additional_peak": 873, "increase_percent": 9.189473684210526, "tags": null }, "geometry": { "type": "MultiLineString", "coordinates": [ [ [ -122.0416276129, 37.9834999676, 0.0 ], [ -122.0396250592, 37.9929264619, 0.0 ] ] ] } },
{ "type": "Feature", "properties": { "route": "82", "current_peak": 2600, "additional_peak": 0, "increase_percent": 0.0, "tags": null }, "geometry": { "type": "MultiLineString", "coordinates": [ [ [ -122.2610012829, 37.5079748119, 0.0 ], [ -122.2688548578, 37.5145358572, 0.0 ] ], [ [ -122.2284430498, 37.4813125008, 0.0 ], [ -122.2393365724, 37.4901615395, 0.0 ] ] ] } },
{ "type": "Feature", "properties": { "route": "123", "current_peak": 1950, "additional_peak": 425, "increase_percent": 21.794871794871796, "tags": null }, "geometry": { "type": "MultiLineString", "coordinates": [ [ [ -122.3025348171, 37.9005829056, 0.0 ], [ -122.3073630585, 37.9094972427, 0.0 ] ] ] } },
{ "type": "Feature", "properties": { "route": "280", "current_peak": 14500, "additional_peak": 0, "increase_percent": 0.0, "tags": null }, "geometry": { "type": "MultiLineString", "coordinates": [ [ [ -121.8847128671, 37.32543271, 0.0 ], [ -121.8935132903, 37.3235220498, 0.0 ] ] ] } },
{ "type": "Feature", "properties": { "route": "1", "current_peak": 850, "additional_peak": 0, "increase_percent": 0.0, "tags": null }, "geometry": { "type": "MultiLineString", "coordinates": [ [ [ -122.3940878075, 37.3289684864, 0.0 ], [ -122.3919623123, 37.329291974, 0.0 ], [ -122.3912163918, 37.3306540898, 0.0 ], [ -122.3929561877, 37.3334218577, 0.0 ], [ -122.3948359646, 37.3399510978, 0.0 ], [ -122.3946764076, 37.3422630605, 0.0 ] ] ] } },
{ "type": "Feature", "properties": { "route": "580", "current_peak": 5800, "additional_peak": 0, "increase_percent": 0.0, "tags": null }, "geometry": { "type": "MultiLineString", "coordinates": [ [ [ -121.624751136, 37.7337865871, 0.0 ], [ -121.62753709, 37.7335089984, 0.0 ], [ -121.630111923, 37.7325095969, 0.0 ], [ -121.6365507317, 37.7269485856, 0.0 ], [ -121.6644842245, 37.7181825303, 0.0 ], [ -121.6691985741, 37.7181691847, 0.0 ], [ -121.675147244, 37.721110566, 0.0 ], [ -121.6805613696, 37.721816802, 0.0 ] ] ] } },
{ "type": "Feature", "properties": { "route": "880", "current_peak": 11000, "additional_peak": 2455, "increase_percent": 22.318181818181817, "tags": [ "880" ] }, "geometry": { "type": "MultiLineString", "coordinates": [ [ [ -122.2621406746, 37.7921765733, 0.0 ], [ -122.2653012407, 37.7946786423, 0.0 ], [ -122.2678970277, 37.7958289354, 0.0 ] ] ] } },
{ "type": "Feature", "properties": { "route": "101", "current_peak": 7900, "additional_peak": 0, "increase_percent": 0.0, "tags": null }, "geometry": { "type": "MultiLineString", "coordinates": [ [ [ -121.5567114435, 36.9947978785, 0.0 ], [ -121.5559077559, 36.9995144646, 0.0 ], [ -121.5562677575, 37.0028744652, 0.0 ], [ -121.560800457, 37.0120046637, 0.0 ] ] ] } },
{ "type": "Feature", "properties": { "route": "130", "current_peak": 430, "additional_peak": 0, "increase_percent": 0.0, "tags": null }, "geometry": { "type": "MultiLineString", "coordinates": [ [ [ -121.8172673278, 37.3821316452, 0.0 ], [ -121.8160479541, 37.3840789758, 0.0 ], [ -121.812841079, 37.3819659556, 0.0 ], [ -121.8104116141, 37.378930512, 0.0 ], [ -121.8041090772, 37.3770709549, 0.0 ], [ -121.8019970769, 37.3772139559, 0.0 ], [ -121.8007092174, 37.3760904034, 0.0 ] ] ] } },
{ "type": "Feature", "properties": { "route": "13", "current_peak": 12600, "additional_peak": 2450, "increase_percent": 19.444444444444446, "tags": [ "" ] }, "geometry": { "type": "MultiLineString", "coordinates": [ [ [ -122.2283912489, 37.8486889022, 0.0 ], [ -122.232149667, 37.8503942107, 0.0 ], [ -122.233608001, 37.8521296857, 0.0 ], [ -122.2359938905, 37.8535631638, 0.0 ] ] ] } },
{ "type": "Feature", "properties": { "route": "680", "current_peak": 10700, "additional_peak": 1225, "increase_percent": 11.448598130841122, "tags": null }, "geometry": { "type": "MultiLineString", "coordinates": [ [ [ -122.0539106676, 37.9624492357, 0.0 ], [ -122.0599489921, 37.9709553491, 0.0 ] ] ] } },
{ "type": "Feature", "properties": { "route": "82", "current_peak": 4000, "additional_peak": 69, "increase_percent": 1.725, "tags": null }, "geometry": { "type": "MultiLineString", "coordinates": [ [ [ -122.426262323, 37.6443697301, 0.0 ], [ -122.4332402653, 37.6542692587, 0.0 ], [ -122.4405672661, 37.6591252586, 0.0 ], [ -122.4425917001, 37.661175846, 0.0 ] ] ] } },
{ "type": "Feature", "properties": { "route": "580", "current_peak": 15800, "additional_peak": 475, "increase_percent": 3.0063291139240507, "tags": null }, "geometry": { "type": "MultiLineString", "coordinates": [ [ [ -121.8974693836, 37.701441461, 0.0 ], [ -121.9148510856, 37.7017085576, 0.0 ] ] ] } },
{ "type": "Feature", "properties": { "route": "242", "current_peak": 10700, "additional_peak": 1225, "increase_percent": 11.448598130841122, "tags": null }, "geometry": { "type": "MultiLineString", "coordinates": [ [ [ -122.0501332294, 37.9635871492, 0.0 ], [ -122.0492479623, 37.9655789028, 0.0 ] ] ] } },
{ "type": "Feature", "properties": { "route": "185", "current_peak": 11700, "additional_peak": 1077, "increase_percent": 9.2051282051282044, "tags": null }, "geometry": { "type": "MultiLineString", "coordinates": [ [ [ -122.1359890265, 37.7103911754, 0.0 ], [ -122.1421798836, 37.7148098344, 0.0 ] ] ] } },
{ "type": "Feature", "properties": { "route": "880", "current_peak": 11900, "additional_peak": 714, "increase_percent": 6.0, "tags": [ "880" ] }, "geometry": { "type": "MultiLineString", "coordinates": [ [ [ -121.9951057109, 37.5259772613, 0.0 ], [ -122.0147523099, 37.5365442345, 0.0 ] ] ] } },
{ "type": "Feature", "properties": { "route": "880", "current_peak": 3400, "additional_peak": 2467, "increase_percent": 72.558823529411768, "tags": [ "880" ] }, "geometry": { "type": "MultiLineString", "coordinates": [ [ [ -122.2953215694, 37.818302723, 0.0 ], [ -122.2910623859, 37.8243881143, 0.0 ] ] ] } },
{ "type": "Feature", "properties": { "route": "61", "current_peak": 13700, "additional_peak": 1402, "increase_percent": 10.233576642335766, "tags": null }, "geometry": { "type": "MultiLineString", "coordinates": [ [ [ -122.2133563046, 37.7369191969, 0.0 ], [ -122.2157319283, 37.7398846901, 0.0 ] ] ] } },
{ "type": "Feature", "properties": { "route": "880", "current_peak": 13900, "additional_peak": 714, "increase_percent": 5.1366906474820144, "tags": [ "880" ] }, "geometry": { "type": "MultiLineString", "coordinates": [ [ [ -121.9425519981, 37.487947029, 0.0 ], [ -121.9580723402, 37.49981209, 0.0 ] ] ] } },
{ "type": "Feature", "properties": { "route": "92", "current_peak": 6800, "additional_peak": 26, "increase_percent": 0.38235294117647062, "tags": [ "bridges" ] }, "geometry": { "type": "MultiLineString", "coordinates": [ [ [ -122.2717719763, 37.5649540975, 0.0 ], [ -122.2667759936, 37.5695311308, 0.0 ] ] ] } },
{ "type": "Feature", "properties": { "route": "61", "current_peak": 4450, "additional_peak": 0, "increase_percent": 0.0, "tags": [ "bridges" ] }, "geometry": { "type": "MultiLineString", "coordinates": [ [ [ -122.2359569201, 37.7471535697, 0.0 ], [ -122.236511948, 37.7508798537, 0.0 ], [ -122.2384611853, 37.7515409553, 0.0 ], [ -122.2448577749, 37.755601883, 0.0 ], [ -122.2428632381, 37.7581126852, 0.0 ] ] ] } },
{ "type": "Feature", "properties": { "route": "880", "current_peak": 12200, "additional_peak": 714, "increase_percent": 5.8524590163934427, "tags": [ "880" ] }, "geometry": { "type": "MultiLineString", "coordinates": [ [ [ -122.0147523099, 37.5365442345, 0.0 ], [ -122.0172216798, 37.5388393682, 0.0 ], [ -122.0230258337, 37.5466251182, 0.0 ] ] ] } },
{ "type": "Feature", "properties": { "route": "101", "current_peak": 3050, "additional_peak": 1507, "increase_percent": 49.409836065573771, "tags": null }, "geometry": { "type": "MultiLineString", "coordinates": [ [ [ -122.4197977208, 37.7781101047, 0.0 ], [ -122.4204689243, 37.7815126622, 0.0 ] ] ] } },
{ "type": "Feature", "properties": { "route": "24", "current_peak": 12900, "additional_peak": 1924, "increase_percent": 14.914728682170541, "tags": [ "ccc-sf", "24", "24" ] }, "geometry": { "type": "MultiLineString", "coordinates": [ [ [ -122.1067691235, 37.8964752395, 0.0 ], [ -122.0976973362, 37.8978405548, 0.0 ], [ -122.083698023, 37.8980420479, 0.0 ] ] ] } },
{ "type": "Feature", "properties": { "route": "80", "current_peak": 12600, "additional_peak": 415, "increase_percent": 3.2936507936507939, "tags": [ "80" ] }, "geometry": { "type": "MultiLineString", "coordinates": [ [ [ -122.3175294517, 37.9155696001, 0.0 ], [ -122.3177122162, 37.9201809637, 0.0 ], [ -122.3191520714, 37.9227846089, 0.0 ] ] ] } },
{ "type": "Feature", "properties": { "route": "123", "current_peak": 1850, "additional_peak": 454, "increase_percent": 24.54054054054054, "tags": null }, "geometry": { "type": "MultiLineString", "coordinates": [ [ [ -122.3026365296, 37.9005527864, 0.0 ], [ -122.3073630585, 37.9094972427, 0.0 ] ] ] } },
{ "type": "Feature", "properties": { "route": "580", "current_peak": 11700, "additional_peak": 1077, "increase_percent": 9.2051282051282044, "tags": null }, "geometry": { "type": "MultiLineString", "coordinates": [ [ [ -122.1285715367, 37.7122496902, 0.0 ], [ -122.130984737, 37.7144933395, 0.0 ], [ -122.1333743716, 37.7190613775, 0.0 ] ] ] } },
{ "type": "Feature", "properties": { "route": "680", "current_peak": 10000, "additional_peak": 103, "increase_percent": 1.03, "tags": null }, "geometry": { "type": "MultiLineString", "coordinates": [ [ [ -121.9116219658, 37.6730271308, 0.0 ], [ -121.9205041315, 37.6957967044, 0.0 ] ] ] } },
{ "type": "Feature", "properties": { "route": "4", "current_peak": 11300, "additional_peak": 777, "increase_percent": 6.8761061946902649, "tags": null }, "geometry": { "type": "MultiLineString", "coordinates": [ [ [ -121.9535703391, 38.0206381797, 0.0 ], [ -121.9471890606, 38.0190980038, 0.0 ], [ -121.9293899997, 38.0191386851, 0.0 ], [ -121.915723355, 38.020140193, 0.0 ] ] ] } },
{ "type": "Feature", "properties": { "route": "101", "current_peak": 12600, "additional_peak": 101, "increase_percent": 0.80158730158730163, "tags": null }, "geometry": { "type": "MultiLineString", "coordinates": [ [ [ -122.1678985604, 37.4761621119, 0.0 ], [ -122.1807604236, 37.4832897988, 0.0 ] ] ] } },
{ "type": "Feature", "properties": { "route": "82", "current_peak": 10000, "additional_peak": 0, "increase_percent": 0.0, "tags": null }, "geometry": { "type": "MultiLineString", "coordinates": [ [ [ -121.9258179867, 37.3425257632, 0.0 ], [ -121.9290751985, 37.3435714394, 0.0 ] ] ] } },
{ "type": "Feature", "properties": { "route": "101", "current_peak": 15700, "additional_peak": 104, "increase_percent": 0.66242038216560506, "tags": null }, "geometry": { "type": "MultiLineString", "coordinates": [ [ [ -122.2474736908, 37.5064228401, 0.0 ], [ -122.2630584941, 37.5201950253, 0.0 ] ] ] } },
{ "type": "Feature", "properties": { "route": "680", "current_peak": 15900, "additional_peak": 3, "increase_percent": 0.018867924528301886, "tags": null }, "geometry": { "type": "MultiLineString", "coordinates": [ [ [ -121.8380928925, 37.3538287468, 0.0 ], [ -121.8399332964, 37.357491728, 0.0 ] ] ] } },
{ "type": "Feature", "properties": { "route": "84", "current_peak": 3600, "additional_peak": 0, "increase_percent": 0.0, "tags": null }, "geometry": { "type": "MultiLineString", "coordinates": [ [ [ -122.2290441758, 37.4542389726, 0.0 ], [ -122.2255531852, 37.4609876285, 0.0 ], [ -122.2239189152, 37.4680287189, 0.0 ] ], [ [ -121.8159776723, 37.6147694158, 0.0 ], [ -121.8104909461, 37.6190858333, 0.0 ], [ -121.8081220995, 37.6241645952, 0.0 ], [ -121.8026754909, 37.6284509666, 0.0 ], [ -121.8018669721, 37.6303921034, 0.0 ], [ -121.8019560526, 37.6343866534, 0.0 ], [ -121.7986929924, 37.6381281443, 0.0 ], [ -121.7994575, 37.6422663077, 0.0 ], [ -121.8041664589, 37.6474746976, 0.0 ], [ -121.8054688759, 37.6504456114, 0.0 ], [ -121.8054398166, 37.6674443367, 0.0 ] ] ] } },
{ "type": "Feature", "properties": { "route": "185", "current_peak": 2300, "additional_peak": 304, "increase_percent": 13.217391304347824, "tags": null }, "geometry": { "type": "MultiLineString", "coordinates": [ [ [ -122.2088799545, 37.7694556524, 0.0 ], [ -122.2157021512, 37.7726868646, 0.0 ] ] ] } },
{ "type": "Feature", "properties": { "route": "580", "current_peak": 10500, "additional_peak": 646, "increase_percent": 6.1523809523809518, "tags": null }, "geometry": { "type": "MultiLineString", "coordinates": [ [ [ -122.1943894526, 37.7861422896, 0.0 ], [ -122.2000125274, 37.7890559045, 0.0 ] ] ] } },
{ "type": "Feature", "properties": { "route": "580", "current_peak": 12700, "additional_peak": 688, "increase_percent": 5.4173228346456694, "tags": null }, "geometry": { "type": "MultiLineString", "coordinates": [ [ [ -121.9780711285, 37.6982505021, 0.0 ], [ -121.987826141, 37.6996979688, 0.0 ], [ -121.9951611423, 37.7024609688, 0.0 ], [ -122.0013461445, 37.7033899687, 0.0 ], [ -122.0160871462, 37.7026799681, 0.0 ], [ -122.0241431478, 37.7006809672, 0.0 ], [ -122.0317606, 37.7019755536, 0.0 ], [ -122.0345909687, 37.7019502701, 0.0 ], [ -122.0383172038, 37.7008902223, 0.0 ], [ -122.0420073158, 37.6980890426, 0.0 ] ] ] } },
{ "type": "Feature", "properties": { "route": "82", "current_peak": 3600, "additional_peak": 277, "increase_percent": 7.6944444444444438, "tags": null }, "geometry": { "type": "MultiLineString", "coordinates": [ [ [ -122.4060668334, 37.6148427696, 0.0 ], [ -122.4141201724, 37.624881909, 0.0 ] ] ] } },
{ "type": "Feature", "properties": { "route": "101", "current_peak": 15000, "additional_peak": 85, "increase_percent": 0.56666666666666665, "tags": null }, "geometry": { "type": "MultiLineString", "coordinates": [ [ [ -122.3191082543, 37.5756738307, 0.0 ], [ -122.3264173575, 37.5824308512, 0.0 ] ] ] } },
{ "type": "Feature", "properties": { "route": "152", "current_peak": 2100, "additional_peak": 0, "increase_percent": 0.0, "tags": null }, "geometry": { "type": "MultiLineString", "coordinates": [ [ [ -121.5849195424, 37.0135430809, 0.0 ], [ -121.5768833028, 37.013317723, 0.0 ], [ -121.5723695308, 37.0146763805, 0.0 ], [ -121.5736804435, 37.0170038732, 0.0 ] ] ] } },
{ "type": "Feature", "properties": { "route": "82", "current_peak": 1700, "additional_peak": 0, "increase_percent": 0.0, "tags": null }, "geometry": { "type": "MultiLineString", "coordinates": [ [ [ -121.9334863126, 37.3496930485, 0.0 ], [ -121.9419605572, 37.3548208988, 0.0 ] ] ] } },
{ "type": "Feature", "properties": { "route": "101", "current_peak": 9000, "additional_peak": 75, "increase_percent": 0.83333333333333337, "tags": null }, "geometry": { "type": "MultiLineString", "coordinates": [ [ [ -121.9125280247, 37.3705940792, 0.0 ], [ -121.9224333363, 37.3726894816, 0.0 ] ] ] } },
{ "type": "Feature", "properties": { "route": "580", "current_peak": 12000, "additional_peak": 0, "increase_percent": 0.0, "tags": null }, "geometry": { "type": "MultiLineString", "coordinates": [ [ [ -121.6805613696, 37.721816802, 0.0 ], [ -121.7045000993, 37.716870992, 0.0 ], [ -121.7121613694, 37.7138593061, 0.0 ] ] ] } },
{ "type": "Feature", "properties": { "route": "280", "current_peak": 8100, "additional_peak": 0, "increase_percent": 0.0, "tags": null }, "geometry": { "type": "MultiLineString", "coordinates": [ [ [ -122.3916104948, 37.7532427688, 0.0 ], [ -122.3924526479, 37.7563569077, 0.0 ], [ -122.3928491723, 37.7635818782, 0.0 ], [ -122.3943111246, 37.7660699456, 0.0 ] ] ] } },
{ "type": "Feature", "properties": { "route": "82", "current_peak": 10100, "additional_peak": 0, "increase_percent": 0.0, "tags": null }, "geometry": { "type": "MultiLineString", "coordinates": [ [ [ -121.9257576149, 37.3426290983, 0.0 ], [ -121.9290344354, 37.3436564496, 0.0 ] ] ] } },
{ "type": "Feature", "properties": { "route": "80", "current_peak": 12800, "additional_peak": 18, "increase_percent": 0.140625, "tags": [ "80" ] }, "geometry": { "type": "MultiLineString", "coordinates": [ [ [ -122.3289992534, 37.9622755103, 0.0 ], [ -122.322321709, 37.9663327096, 0.0 ], [ -122.3200741848, 37.9710632872, 0.0 ] ], [ [ -122.3247758732, 37.9461282386, 0.0 ], [ -122.3277791504, 37.9524209582, 0.0 ] ] ] } },
{ "type": "Feature", "properties": { "route": "101", "current_peak": 14800, "additional_peak": 87, "increase_percent": 0.58783783783783783, "tags": null }, "geometry": { "type": "MultiLineString", "coordinates": [ [ [ -122.1315702946, 37.455078676, 0.0 ], [ -122.1479985059, 37.4647428354, 0.0 ] ] ] } },
{ "type": "Feature", "properties": { "route": "82", "current_peak": 2600, "additional_peak": 53, "increase_percent": 2.0384615384615383, "tags": null }, "geometry": { "type": "MultiLineString", "coordinates": [ [ [ -122.3554055747, 37.5781576143, 0.0 ], [ -122.3775346408, 37.5907156097, 0.0 ] ] ] } },
{ "type": "Feature", "properties": { "route": "237", "current_peak": 6200, "additional_peak": 0, "increase_percent": 0.0, "tags": null }, "geometry": { "type": "MultiLineString", "coordinates": [ [ [ -122.0710373338, 37.3825408466, 0.0 ], [ -122.0681597666, 37.3841431509, 0.0 ] ] ] } },
{ "type": "Feature", "properties": { "route": "880", "current_peak": 8500, "additional_peak": 113, "increase_percent": 1.3294117647058825, "tags": [ "880" ] }, "geometry": { "type": "MultiLineString", "coordinates": [ [ [ -121.9165701556, 37.4255769016, 0.0 ], [ -121.918709154, 37.4302719411, 0.0 ], [ -121.9196086705, 37.43628471, 0.0 ] ] ] } },
{ "type": "Feature", "properties": { "route": "280", "current_peak": 9700, "additional_peak": 0, "increase_percent": 0.0, "tags": null }, "geometry": { "type": "MultiLineString", "coordinates": [ [ [ -121.9853464338, 37.318165702, 0.0 ], [ -121.990185108, 37.3184711157, 0.0 ], [ -121.9972174332, 37.3218177399, 0.0 ] ] ] } },
{ "type": "Feature", "properties": { "route": "880", "current_peak": 12400, "additional_peak": 839, "increase_percent": 6.7661290322580641, "tags": [ "880" ] }, "geometry": { "type": "MultiLineString", "coordinates": [ [ [ -122.0705900524, 37.6120285214, 0.0 ], [ -122.0794943237, 37.6244810721, 0.0 ] ] ] } },
{ "type": "Feature", "properties": { "route": "130", "current_peak": 210, "additional_peak": 0, "increase_percent": 0.0, "tags": null }, "geometry": { "type": "MultiLineString", "coordinates": [ [ [ -121.8007092174, 37.3760904034, 0.0 ], [ -121.7984401193, 37.3742519103, 0.0 ], [ -121.7989020762, 37.3758489555, 0.0 ], [ -121.7973610765, 37.3763679555, 0.0 ], [ -121.7932580753, 37.3757049567, 0.0 ], [ -121.7895950744, 37.3767389561, 0.0 ], [ -121.7884970744, 37.375761956, 0.0 ], [ -121.7866854779, 37.3771622838, 0.0 ], [ -121.7808855403, 37.3784983505, 0.0 ], [ -121.775709073, 37.3778619577, 0.0 ], [ -121.7731838782, 37.3764496952, 0.0 ], [ -121.7734947411, 37.3753637943, 0.0 ], [ -121.7716390715, 37.3742309572, 0.0 ], [ -121.7721400682, 37.3732093643, 0.0 ], [ -121.7715190718, 37.3723049575, 0.0 ], [ -121.7696120716, 37.3718589574, 0.0 ], [ -121.7689906871, 37.3702481458, 0.0 ], [ -121.7675480395, 37.3693139418, 0.0 ], [ -121.7675545469, 37.3682429053, 0.0 ], [ -121.7632900699, 37.3649759565, 0.0 ], [ -121.7630383333, 37.3641623154, 0.0 ], [ -121.7612289286, 37.3639576153, 0.0 ], [ -121.7604060692, 37.3632149576, 0.0 ], [ -121.7551800679, 37.362800958, 0.0 ], [ -121.7544105737, 37.3615803469, 0.0 ], [ -121.7551890681, 37.3607009574, 0.0 ], [ -121.7542070676, 37.3605099576, 0.0 ], [ -121.7535088651, 37.3594861388, 0.0 ] ] ] } },
{ "type": "Feature", "properties": { "route": "880", "current_peak": 13000, "additional_peak": 692, "increase_percent": 5.3230769230769228, "tags": [ "880" ] }, "geometry": { "type": "MultiLineString", "coordinates": [ [ [ -122.0639045252, 37.6026472715, 0.0 ], [ -122.0705900524, 37.6120285214, 0.0 ] ] ] } },
{ "type": "Feature", "properties": { "route": "80", "current_peak": 8600, "additional_peak": 7060, "increase_percent": 82.093023255813961, "tags": [ "ccc-sf", "bridges", "bay-bridge", "80", "80", "80" ] }, "geometry": { "type": "MultiLineString", "coordinates": [ [ [ -122.3789539218, 37.7970270791, 0.0 ], [ -122.3612631753, 37.8136216023, 0.0 ], [ -122.3522213374, 37.8183072222, 0.0 ], [ -122.3415877853, 37.8200069362, 0.0 ] ] ] } },
{ "type": "Feature", "properties": { "route": "123", "current_peak": 1850, "additional_peak": 439, "increase_percent": 23.72972972972973, "tags": null }, "geometry": { "type": "MultiLineString", "coordinates": [ [ [ -122.2940696232, 37.8747851062, 0.0 ], [ -122.2984560343, 37.8884908048, 0.0 ] ] ] } },
{ "type": "Feature", "properties": { "route": "101", "current_peak": 14000, "additional_peak": 402, "increase_percent": 2.8714285714285714, "tags": null }, "geometry": { "type": "MultiLineString", "coordinates": [ [ [ -122.4003669127, 37.7211968875, 0.0 ], [ -122.4037080592, 37.7294692752, 0.0 ] ] ] } },
{ "type": "Feature", "properties": { "route": "92", "current_peak": 570, "additional_peak": 0, "increase_percent": 0.0, "tags": null }, "geometry": { "type": "MultiLineString", "coordinates": [ [ [ -122.3500612968, 37.5115857112, 0.0 ], [ -122.3473740775, 37.5120512822, 0.0 ], [ -122.3444766708, 37.5095483824, 0.0 ] ] ] } },
{ "type": "Feature", "properties": { "route": "237", "current_peak": 4300, "additional_peak": 0, "increase_percent": 0.0, "tags": null }, "geometry": { "type": "MultiLineString", "coordinates": [ [ [ -122.0730448564, 37.380396829, 0.0 ], [ -122.0711783168, 37.3826516047, 0.0 ] ] ] } },
{ "type": "Feature", "properties": { "route": "280", "current_peak": 13100, "additional_peak": 0, "increase_percent": 0.0, "tags": null }, "geometry": { "type": "MultiLineString", "coordinates": [ [ [ -121.9625807293, 37.3165620139, 0.0 ], [ -121.9714631054, 37.3164901173, 0.0 ], [ -121.9778331049, 37.3180251172, 0.0 ], [ -121.9853464338, 37.318165702, 0.0 ] ] ] } },
{ "type": "Feature", "properties": { "route": "680", "current_peak": 11100, "additional_peak": 3, "increase_percent": 0.027027027027027029, "tags": null }, "geometry": { "type": "MultiLineString", "coordinates": [ [ [ -121.8493463876, 37.3414237902, 0.0 ], [ -121.8416458178, 37.347320318, 0.0 ] ] ] } },
{ "type": "Feature", "properties": { "route": "237", "current_peak": 6600, "additional_peak": 87, "increase_percent": 1.3181818181818181, "tags": null }, "geometry": { "type": "MultiLineString", "coordinates": [ [ [ -122.0356379842, 37.400619963, 0.0 ], [ -122.0313131225, 37.4019992326, 0.0 ] ] ] } },
{ "type": "Feature", "properties": { "route": "580", "current_peak": 13400, "additional_peak": 892, "increase_percent": 6.6567164179104479, "tags": null }, "geometry": { "type": "MultiLineString", "coordinates": [ [ [ -122.0677801573, 37.6911322814, 0.0 ], [ -122.081076032, 37.6905405477, 0.0 ] ] ] } },
{ "type": "Feature", "properties": { "route": "112", "current_peak": 13700, "additional_peak": 1506, "increase_percent": 10.992700729927007, "tags": null }, "geometry": { "type": "MultiLineString", "coordinates": [ [ [ -122.1766120795, 37.7191591714, 0.0 ], [ -122.1689804995, 37.7214190932, 0.0 ] ] ] } },
{ "type": "Feature", "properties": { "route": "580", "current_peak": 5300, "additional_peak": 0, "increase_percent": 0.0, "tags": null }, "geometry": { "type": "MultiLineString", "coordinates": [ [ [ -122.3684425555, 37.9270131712, 0.0 ], [ -122.3791292272, 37.9271309598, 0.0 ], [ -122.3848376756, 37.9285593314, 0.0 ] ] ] } },
{ "type": "Feature", "properties": { "route": "85", "current_peak": 10800, "additional_peak": 0, "increase_percent": 0.0, "tags": null }, "geometry": { "type": "MultiLineString", "coordinates": [ [ [ -121.7691329596, 37.2413767152, 0.0 ], [ -121.770757346, 37.2416238159, 0.0 ] ] ] } },
{ "type": "Feature", "properties": { "route": "4", "current_peak": 11800, "additional_peak": 415, "increase_percent": 3.5169491525423728, "tags": null }, "geometry": { "type": "MultiLineString", "coordinates": [ [ [ -121.915723355, 38.020140193, 0.0 ], [ -121.9005508622, 38.0197959568, 0.0 ], [ -121.8783561796, 38.0144697765, 0.0 ] ] ] } },
{ "type": "Feature", "properties": { "route": "238", "current_peak": 12900, "additional_peak": 1095, "increase_percent": 8.4883720930232549, "tags": null }, "geometry": { "type": "MultiLineString", "coordinates": [ [ [ -122.092733443, 37.6854384143, 0.0 ], [ -122.0950289068, 37.6870942146, 0.0 ] ] ] } },
{ "type": "Feature", "properties": { "route": "880", "current_peak": 6800, "additional_peak": 2467, "increase_percent": 36.279411764705884, "tags": [ "880" ] }, "geometry": { "type": "MultiLineString", "coordinates": [ [ [ -122.2997425078, 37.802720453, 0.0 ], [ -122.3022823899, 37.8041216831, 0.0 ], [ -122.3039689508, 37.8061680194, 0.0 ], [ -122.3045666727, 37.8082333922, 0.0 ], [ -122.3040331091, 37.8109400156, 0.0 ] ] ] } },
{ "type": "Feature", "properties": { "route": "9", "current_peak": 6900, "additional_peak": 0, "increase_percent": 0.0, "tags": null }, "geometry": { "type": "MultiLineString", "coordinates": [ [ [ -121.9781837118, 37.2275216411, 0.0 ], [ -121.9750984759, 37.2265655411, 0.0 ] ] ] } },
{ "type": "Feature", "properties": { "route": "82", "current_peak": 2050, "additional_peak": 507, "increase_percent": 24.73170731707317, "tags": null }, "geometry": { "type": "MultiLineString", "coordinates": [ [ [ -122.4642394783, 37.6985316164, 0.0 ], [ -122.4620053717, 37.7054813018, 0.0 ] ] ] } },
{ "type": "Feature", "properties": { "route": "101", "current_peak": 10300, "additional_peak": 75, "increase_percent": 0.72815533980582525, "tags": null }, "geometry": { "type": "MultiLineString", "coordinates": [ [ [ -122.0202893648, 37.3973976846, 0.0 ], [ -122.0316865957, 37.3998893997, 0.0 ] ] ] } },
{ "type": "Feature", "properties": { "route": "84", "current_peak": 4850, "additional_peak": 0, "increase_percent": 0.0, "tags": null }, "geometry": { "type": "MultiLineString", "coordinates": [ [ [ -121.8052731827, 37.6815421063, 0.0 ], [ -121.8054270063, 37.6963592149, 0.0 ], [ -121.8044799835, 37.6984790155, 0.0 ], [ -121.8015484259, 37.7011955747, 0.0 ] ] ] } },
{ "type": "Feature", "properties": { "route": "123", "current_peak": 1650, "additional_peak": 118, "increase_percent": 7.1515151515151514, "tags": null }, "geometry": { "type": "MultiLineString", "coordinates": [ [ [ -122.3111999815, 37.9150925167, 0.0 ], [ -122.3168602686, 37.9230669636, 0.0 ] ] ] } },
{ "type": "Feature", "properties": { "route": "123", "current_peak": 1550, "additional_peak": 111, "increase_percent": 7.161290322580645, "tags": null }, "geometry": { "type": "MultiLineString", "coordinates": [ [ [ -122.3111999815, 37.9150925167, 0.0 ], [ -122.3168602686, 37.9230669636, 0.0 ] ] ] } },
{ "type": "Feature", "properties": { "route": "35", "current_peak": 12800, "additional_peak": 38, "increase_percent": 0.296875, "tags": null }, "geometry": { "type": "MultiLineString", "coordinates": [ [ [ -122.4727501696, 37.6556186733, 0.0 ], [ -122.4769174987, 37.6621674342, 0.0 ] ] ] } },
{ "type": "Feature", "properties": { "route": "101", "current_peak": 12300, "additional_peak": 402, "increase_percent": 3.2682926829268295, "tags": null }, "geometry": { "type": "MultiLineString", "coordinates": [ [ [ -122.4006301462, 37.6628893524, 0.0 ], [ -122.3983168249, 37.6644510584, 0.0 ] ] ] } },
{ "type": "Feature", "properties": { "route": "880", "current_peak": 12600, "additional_peak": 69, "increase_percent": 0.54761904761904767, "tags": [ "880" ] }, "geometry": { "type": "MultiLineString", "coordinates": [ [ [ -121.904523398, 37.3611367698, 0.0 ], [ -121.901946788, 37.3642462733, 0.0 ] ] ] } },
{ "type": "Feature", "properties": { "route": "580", "current_peak": 6600, "additional_peak": 288, "increase_percent": 4.3636363636363642, "tags": null }, "geometry": { "type": "MultiLineString", "coordinates": [ [ [ -122.3281628034, 37.916530618, 0.0 ], [ -122.3328662192, 37.9199799621, 0.0 ], [ -122.3365752193, 37.9212439622, 0.0 ], [ -122.3540425791, 37.9216535001, 0.0 ] ] ] } },
{ "type": "Feature", "properties": { "route": "101", "current_peak": 11600, "additional_peak": 158, "increase_percent": 1.3620689655172415, "tags": null }, "geometry": { "type": "MultiLineString", "coordinates": [ [ [ -121.89667343, 37.3635753607, 0.0 ], [ -121.9020997255, 37.3643526889, 0.0 ] ] ] } },
{ "type": "Feature", "properties": { "route": "101", "current_peak": 16300, "additional_peak": 402, "increase_percent": 2.4662576687116564, "tags": null }, "geometry": { "type": "MultiLineString", "coordinates": [ [ [ -122.4058042171, 37.6578616803, 0.0 ], [ -122.4041820098, 37.6604221242, 0.0 ], [ -122.4006301462, 37.6628893524, 0.0 ] ] ] } },
{ "type": "Feature", "properties": { "route": "680", "current_peak": 12400, "additional_peak": 103, "increase_percent": 0.83064516129032262, "tags": null }, "geometry": { "type": "MultiLineString", "coordinates": [ [ [ -121.9197120268, 37.5473494614, 0.0 ], [ -121.9166730452, 37.5541934205, 0.0 ], [ -121.9129124603, 37.5587544897, 0.0 ], [ -121.9059487705, 37.5616168014, 0.0 ], [ -121.9019625198, 37.5648734096, 0.0 ], [ -121.8954244989, 37.568390168, 0.0 ] ] ] } },
{ "type": "Feature", "properties": { "route": "13", "current_peak": 2900, "additional_peak": 854, "increase_percent": 29.448275862068968, "tags": null }, "geometry": { "type": "MultiLineString", "coordinates": [ [ [ -122.2644325245, 37.8555293032, 0.0 ], [ -122.2778837006, 37.8534457405, 0.0 ] ] ] } },
{ "type": "Feature", "properties": { "route": "580", "current_peak": 12700, "additional_peak": 646, "increase_percent": 5.0866141732283463, "tags": null }, "geometry": { "type": "MultiLineString", "coordinates": [ [ [ -122.2311524135, 37.8023319463, 0.0 ], [ -122.2349419256, 37.8051155045, 0.0 ], [ -122.2394263275, 37.8072551983, 0.0 ] ] ] } },
{ "type": "Feature", "properties": { "route": "580", "current_peak": 12200, "additional_peak": 646, "increase_percent": 5.2950819672131146, "tags": null }, "geometry": { "type": "MultiLineString", "coordinates": [ [ [ -122.2512360391, 37.8154445373, 0.0 ], [ -122.2534427675, 37.8188243394, 0.0 ], [ -122.2601715276, 37.8224751852, 0.0 ] ] ] } },
{ "type": "Feature", "properties": { "route": "85", "current_peak": 3700, "additional_peak": 0, "increase_percent": 0.0, "tags": null }, "geometry": { "type": "MultiLineString", "coordinates": [ [ [ -122.0680579416, 37.3811687007, 0.0 ], [ -122.0683971074, 37.3842237958, 0.0 ] ] ] } },
{ "type": "Feature", "properties": { "route": "880", "current_peak": 8000, "additional_peak": 5078, "increase_percent": 63.475, "tags": [ "", "880", "880" ] }, "geometry": { "type": "MultiLineString", "coordinates": [ [ [ -122.2910623859, 37.8243881143, 0.0 ], [ -122.2908189751, 37.8263187469, 0.0 ], [ -122.2931708463, 37.8294399119, 0.0 ], [ -122.2938502017, 37.8327316877, 0.0 ] ] ] } },
{ "type": "Feature", "properties": { "route": "82", "current_peak": 2600, "additional_peak": 104, "increase_percent": 4.0, "tags": null }, "geometry": { "type": "MultiLineString", "coordinates": [ [ [ -122.2521602177, 37.5005420774, 0.0 ], [ -122.2610012829, 37.5079748119, 0.0 ] ] ] } },
{ "type": "Feature", "properties": { "route": "85", "current_peak": 12900, "additional_peak": 0, "increase_percent": 0.0, "tags": null }, "geometry": { "type": "MultiLineString", "coordinates": [ [ [ -122.0515762325, 37.3281427317, 0.0 ], [ -122.0555906249, 37.3324224478, 0.0 ] ] ] } },
{ "type": "Feature", "properties": { "route": "13", "current_peak": 1850, "additional_peak": 1204, "increase_percent": 65.081081081081081, "tags": null }, "geometry": { "type": "MultiLineString", "coordinates": [ [ [ -122.2866889863, 37.85216623, 0.0 ], [ -122.2927517809, 37.8503459479, 0.0 ] ] ] } },
{ "type": "Feature", "properties": { "route": "580", "current_peak": 16600, "additional_peak": 449, "increase_percent": 2.7048192771084336, "tags": null }, "geometry": { "type": "MultiLineString", "coordinates": [ [ [ -121.8974636988, 37.7018616506, 0.0 ], [ -121.914874444, 37.7020167846, 0.0 ] ] ] } },
{ "type": "Feature", "properties": { "route": "1", "current_peak": 2500, "additional_peak": 0, "increase_percent": 0.0, "tags": null }, "geometry": { "type": "MultiLineString", "coordinates": [ [ [ -122.4334043422, 37.4686559542, 0.0 ], [ -122.4344309004, 37.4714963319, 0.0 ], [ -122.4390499987, 37.4759272044, 0.0 ] ] ] } },
{ "type": "Feature", "properties": { "route": "17", "current_peak": 10400, "additional_peak": 0, "increase_percent": 0.0, "tags": null }, "geometry": { "type": "MultiLineString", "coordinates": [ [ [ -121.9577123103, 37.2526362448, 0.0 ], [ -121.9551163673, 37.2566352552, 0.0 ] ] ] } },
{ "type": "Feature", "properties": { "route": "280", "current_peak": 15600, "additional_peak": 38, "increase_percent": 0.24358974358974361, "tags": null }, "geometry": { "type": "MultiLineString", "coordinates": [ [ [ -122.4713773532, 37.6835111857, 0.0 ], [ -122.4702340816, 37.6900629338, 0.0 ], [ -122.4703547653, 37.6949757998, 0.0 ] ] ] } },
{ "type": "Feature", "properties": { "route": "880", "current_peak": 10200, "additional_peak": 1128, "increase_percent": 11.058823529411764, "tags": [ "880" ] }, "geometry": { "type": "MultiLineString", "coordinates": [ [ [ -122.1333972941, 37.687424536, 0.0 ], [ -122.151948048, 37.7002155081, 0.0 ] ] ] } },
{ "type": "Feature", "properties": { "route": "880", "current_peak": 12300, "additional_peak": 2395, "increase_percent": 19.471544715447152, "tags": [ "880" ] }, "geometry": { "type": "MultiLineString", "coordinates": [ [ [ -122.2622509927, 37.7920509075, 0.0 ], [ -122.2649115192, 37.7942231269, 0.0 ], [ -122.2679784169, 37.7956982395, 0.0 ] ] ] } },
{ "type": "Feature", "properties": { "route": "680", "current_peak": 8500, "additional_peak": 153, "increase_percent": 1.8, "tags": null }, "geometry": { "type": "MultiLineString", "coordinates": [ [ [ -121.8974648565, 37.456960013, 0.0 ], [ -121.9093942659, 37.471460531, 0.0 ], [ -121.9127180663, 37.4810282863, 0.0 ] ] ] } },
{ "type": "Feature", "properties": { "route": "280", "current_peak": 6400, "additional_peak": 38, "increase_percent": 0.59375, "tags": null }, "geometry": { "type": "MultiLineString", "coordinates": [ [ [ -122.4714577379, 37.6786499812, 0.0 ], [ -122.4713773532, 37.6835111857, 0.0 ] ] ] } },
{ "type": "Feature", "properties": { "route": "101", "current_peak": 13800, "additional_peak": 409, "increase_percent": 2.9637681159420288, "tags": null }, "geometry": { "type": "MultiLineString", "coordinates": [ [ [ -122.390074827, 37.6870907105, 0.0 ], [ -122.3954770922, 37.7110344603, 0.0 ] ] ] } },
{ "type": "Feature", "properties": { "route": "80", "current_peak": 11200, "additional_peak": 731, "increase_percent": 6.5267857142857144, "tags": [ "80" ] }, "geometry": { "type": "MultiLineString", "coordinates": [ [ [ -122.3082093897, 37.8826095485, 0.0 ], [ -122.3088787185, 37.8881960613, 0.0 ] ] ] } },
{ "type": "Feature", "properties": { "route": "92", "current_peak": 3600, "additional_peak": 835, "increase_percent": 23.194444444444446, "tags": null }, "geometry": { "type": "MultiLineString", "coordinates": [ [ [ -122.09249265, 37.6470278907, 0.0 ], [ -122.0912051623, 37.6496895818, 0.0 ] ] ] } },
{ "type": "Feature", "properties": { "route": "101", "current_peak": 9000, "additional_peak": 69, "increase_percent": 0.76666666666666661, "tags": null }, "geometry": { "type": "MultiLineString", "coordinates": [ [ [ -121.9226793537, 37.3725167877, 0.0 ], [ -121.934862591, 37.3752898543, 0.0 ] ] ] } },
{ "type": "Feature", "properties": { "route": "80", "current_peak": 12700, "additional_peak": 16, "increase_percent": 0.12598425196850394, "tags": [ "80" ] }, "geometry": { "type": "MultiLineString", "coordinates": [ [ [ -122.3269731671, 37.9348743952, 0.0 ], [ -122.3247268508, 37.9402928694, 0.0 ] ] ] } },
{ "type": "Feature", "properties": { "route": "580", "current_peak": 13400, "additional_peak": 1095, "increase_percent": 8.1716417910447756, "tags": null }, "geometry": { "type": "MultiLineString", "coordinates": [ [ [ -122.0810806183, 37.6908861882, 0.0 ], [ -122.0929528783, 37.6907802691, 0.0 ] ] ] } },
{ "type": "Feature", "properties": { "route": "101", "current_peak": 14000, "additional_peak": 411, "increase_percent": 2.9357142857142855, "tags": null }, "geometry": { "type": "MultiLineString", "coordinates": [ [ [ -122.4038900865, 37.6360128062, 0.0 ], [ -122.406255098, 37.6428182415, 0.0 ] ] ] } },
{ "type": "Feature", "properties": { "route": "680", "current_peak": 10100, "additional_peak": 142, "increase_percent": 1.4059405940594061, "tags": null }, "geometry": { "type": "MultiLineString", "coordinates": [ [ [ -121.8901486833, 37.4407480872, 0.0 ], [ -121.8922410443, 37.4498379116, 0.0 ], [ -121.8977661443, 37.4568200894, 0.0 ] ] ] } },
{ "type": "Feature", "properties": { "route": "1", "current_peak": 4950, "additional_peak": 0, "increase_percent": 0.0, "tags": null }, "geometry": { "type": "MultiLineString", "coordinates": [ [ [ -122.4722056799, 37.7797652395, 0.0 ], [ -122.4724953478, 37.786790324, 0.0 ], [ -122.4695463476, 37.7921853232, 0.0 ], [ -122.4694554516, 37.8032794192, 0.0 ] ] ] } },
{ "type": "Feature", "properties": { "route": "4", "current_peak": 12100, "additional_peak": 318, "increase_percent": 2.6280991735537191, "tags": null }, "geometry": { "type": "MultiLineString", "coordinates": [ [ [ -121.8294935172, 38.0015582654, 0.0 ], [ -121.8186218769, 37.9985789687, 0.0 ] ] ] } },
{ "type": "Feature", "properties": { "route": "280", "current_peak": 10000, "additional_peak": 0, "increase_percent": 0.0, "tags": null }, "geometry": { "type": "MultiLineString", "coordinates": [ [ [ -122.3632532623, 37.5355440392, 0.0 ], [ -122.3673220074, 37.5414280721, 0.0 ], [ -122.3775593162, 37.5525802672, 0.0 ], [ -122.3814113182, 37.5583062677, 0.0 ], [ -122.3873333296, 37.5643127788, 0.0 ] ], [ [ -122.284851423, 37.454208877, 0.0 ], [ -122.2897112931, 37.4582332669, 0.0 ], [ -122.2921933301, 37.4679736381, 0.0 ], [ -122.2990362971, 37.4758722683, 0.0 ], [ -122.2996347422, 37.4796253873, 0.0 ], [ -122.2983424779, 37.4865401534, 0.0 ], [ -122.2986862982, 37.4883592684, 0.0 ], [ -122.3009083637, 37.4920386762, 0.0 ], [ -122.3043524024, 37.4940799975, 0.0 ] ], [ [ -122.2070623161, 37.4129470815, 0.0 ], [ -122.2136302785, 37.4176522681, 0.0 ], [ -122.2228122968, 37.4198986605, 0.0 ], [ -122.2322329133, 37.4266371214, 0.0 ] ] ] } },
{ "type": "Feature", "properties": { "route": "85", "current_peak": 11400, "additional_peak": 0, "increase_percent": 0.0, "tags": null }, "geometry": { "type": "MultiLineString", "coordinates": [ [ [ -121.9415088342, 37.2526223224, 0.0 ], [ -121.9538145805, 37.2549358981, 0.0 ] ] ] } },
{ "type": "Feature", "properties": { "route": "580", "current_peak": 5800, "additional_peak": 0, "increase_percent": 0.0, "tags": null }, "geometry": { "type": "MultiLineString", "coordinates": [ [ [ -121.6253491496, 37.735120066, 0.0 ], [ -121.6310740798, 37.7335330967, 0.0 ], [ -121.6356123722, 37.7287584783, 0.0 ], [ -121.6379863724, 37.7272124791, 0.0 ], [ -121.6465398521, 37.7255328765, 0.0 ], [ -121.6587649493, 37.7200862031, 0.0 ], [ -121.6642281822, 37.7183729053, 0.0 ], [ -121.6687293428, 37.7182472483, 0.0 ], [ -121.6750299384, 37.7212521368, 0.0 ], [ -121.6805711938, 37.7219922408, 0.0 ] ] ] } },
{ "type": "Feature", "properties": { "route": "80", "current_peak": 19200, "additional_peak": 18, "increase_percent": 0.09375, "tags": [ "80" ] }, "geometry": { "type": "MultiLineString", "coordinates": [ [ [ -122.3102902346, 37.9906312591, 0.0 ], [ -122.305777529, 37.9926460899, 0.0 ], [ -122.2938692588, 37.9944291239, 0.0 ] ] ] } },
{ "type": "Feature", "properties": { "route": "680", "current_peak": 13100, "additional_peak": 3, "increase_percent": 0.022900763358778626, "tags": null }, "geometry": { "type": "MultiLineString", "coordinates": [ [ [ -121.8546067397, 37.3762094061, 0.0 ], [ -121.8687175951, 37.3896794453, 0.0 ] ] ] } },
{ "type": "Feature", "properties": { "route": "101", "current_peak": 10000, "additional_peak": 0, "increase_percent": 0.0, "tags": null }, "geometry": { "type": "MultiLineString", "coordinates": [ [ [ -121.6423099717, 37.1426618053, 0.0 ], [ -121.6575214762, 37.1582732415, 0.0 ], [ -121.6637216555, 37.1631666603, 0.0 ], [ -121.6697964218, 37.1700409231, 0.0 ], [ -121.6789335549, 37.1780216353, 0.0 ], [ -121.6860291084, 37.1857025366, 0.0 ], [ -121.7072949589, 37.2005193185, 0.0 ] ] ] } },
{ "type": "Feature", "properties": { "route": "680", "current_peak": 8900, "additional_peak": 109, "increase_percent": 1.2247191011235956, "tags": null }, "geometry": { "type": "MultiLineString", "coordinates": [ [ [ -121.8927836332, 37.6482261877, 0.0 ], [ -121.906827295, 37.6619546739, 0.0 ], [ -121.9089531976, 37.6654400247, 0.0 ], [ -121.9119185113, 37.6729325363, 0.0 ] ] ] } },
{ "type": "Feature", "properties": { "route": "152", "current_peak": 3950, "additional_peak": 0, "increase_percent": 0.0, "tags": null }, "geometry": { "type": "MultiLineString", "coordinates": [ [ [ -121.5706966253, 37.0209445984, 0.0 ], [ -121.566737482, 37.0224801332, 0.0 ] ] ] } },
{ "type": "Feature", "properties": { "route": "17", "current_peak": 11100, "additional_peak": 0, "increase_percent": 0.0, "tags": null }, "geometry": { "type": "MultiLineString", "coordinates": [ [ [ -121.942044833, 37.2822945353, 0.0 ], [ -121.9373924824, 37.2863093639, 0.0 ], [ -121.9365035177, 37.289140496, 0.0 ], [ -121.9405176638, 37.2985603375, 0.0 ], [ -121.9407042565, 37.3057602176, 0.0 ] ] ] } },
{ "type": "Feature", "properties": { "route": "61", "current_peak": 13300, "additional_peak": 1375, "increase_percent": 10.338345864661653, "tags": null }, "geometry": { "type": "MultiLineString", "coordinates": [ [ [ -122.2133563046, 37.7369191969, 0.0 ], [ -122.2157319283, 37.7398846901, 0.0 ] ] ] } },
{ "type": "Feature", "properties": { "route": "280", "current_peak": 12100, "additional_peak": 0, "increase_percent": 0.0, "tags": null }, "geometry": { "type": "MultiLineString", "coordinates": [ [ [ -122.0552533293, 37.3323882572, 0.0 ], [ -122.0585628283, 37.3320870376, 0.0 ], [ -122.0620659351, 37.332875696, 0.0 ] ] ] } },
{ "type": "Feature", "properties": { "route": "880", "current_peak": 11700, "additional_peak": 95, "increase_percent": 0.81196581196581208, "tags": [ "880" ] }, "geometry": { "type": "MultiLineString", "coordinates": [ [ [ -121.9065971029, 37.3918702268, 0.0 ], [ -121.9106190738, 37.4086847506, 0.0 ] ] ] } },
{ "type": "Feature", "properties": { "route": "101", "current_peak": 5300, "additional_peak": 87, "increase_percent": 1.641509433962264, "tags": null }, "geometry": { "type": "MultiLineString", "coordinates": [ [ [ -122.0703540658, 37.4089950317, 0.0 ], [ -122.0771560417, 37.4117282796, 0.0 ] ] ] } },
{ "type": "Feature", "properties": { "route": "84", "current_peak": 7200, "additional_peak": 23, "increase_percent": 0.31944444444444448, "tags": null }, "geometry": { "type": "MultiLineString", "coordinates": [ [ [ -122.1654587358, 37.4827972734, 0.0 ], [ -122.1584464751, 37.4820076392, 0.0 ], [ -122.1505278483, 37.4819677786, 0.0 ], [ -122.1483896854, 37.4822968446, 0.0 ], [ -122.1458370645, 37.4835645463, 0.0 ] ] ] } },
{ "type": "Feature", "properties": { "route": "13", "current_peak": 15600, "additional_peak": 1761, "increase_percent": 11.288461538461538, "tags": null }, "geometry": { "type": "MultiLineString", "coordinates": [ [ [ -122.2927517809, 37.8503459479, 0.0 ], [ -122.2968747637, 37.8487676339, 0.0 ], [ -122.2989256228, 37.8490072476, 0.0 ] ] ] } },
{ "type": "Feature", "properties": { "route": "680", "current_peak": 20100, "additional_peak": 1651, "increase_percent": 8.2139303482587067, "tags": [ "ccc-sf" ] }, "geometry": { "type": "MultiLineString", "coordinates": [ [ [ -122.0620265826, 37.9206681311, 0.0 ], [ -122.0607919401, 37.9242288037, 0.0 ], [ -122.0601705288, 37.92997829, 0.0 ] ] ] } },
{ "type": "Feature", "properties": { "route": "680", "current_peak": 9800, "additional_peak": 18, "increase_percent": 0.18367346938775508, "tags": null }, "geometry": { "type": "MultiLineString", "coordinates": [ [ [ -122.0664431251, 37.9853557009, 0.0 ], [ -122.0677934328, 37.9916822607, 0.0 ], [ -122.06984982, 37.9946759375, 0.0 ] ] ] } },
{ "type": "Feature", "properties": { "route": "85", "current_peak": 10700, "additional_peak": 0, "increase_percent": 0.0, "tags": null }, "geometry": { "type": "MultiLineString", "coordinates": [ [ [ -121.8217844238, 37.2435601303, 0.0 ], [ -121.8438771597, 37.2539945537, 0.0 ], [ -121.8473246017, 37.2550313668, 0.0 ] ] ] } },
{ "type": "Feature", "properties": { "route": "92", "current_peak": 5000, "additional_peak": 0, "increase_percent": 0.0, "tags": null }, "geometry": { "type": "MultiLineString", "coordinates": [ [ [ -122.3299941517, 37.5408038805, 0.0 ], [ -122.3288611757, 37.543320739, 0.0 ], [ -122.3247481754, 37.5464867389, 0.0 ], [ -122.3174044436, 37.5484796863, 0.0 ] ] ] } },
{ "type": "Feature", "properties": { "route": "580", "current_peak": 6400, "additional_peak": 0, "increase_percent": 0.0, "tags": null }, "geometry": { "type": "MultiLineString", "coordinates": [ [ [ -122.3683872244, 37.9271836458, 0.0 ], [ -122.379153798, 37.9273163395, 0.0 ], [ -122.3847489076, 37.928749082, 0.0 ] ] ] } },
{ "type": "Feature", "properties": { "route": "101", "current_peak": 14000, "additional_peak": 409, "increase_percent": 2.9214285714285713, "tags": null }, "geometry": { "type": "MultiLineString", "coordinates": [ [ [ -122.3954770922, 37.7110344603, 0.0 ], [ -122.3988109639, 37.7166414658, 0.0 ], [ -122.4001186984, 37.7212501215, 0.0 ] ] ] } },
{ "type": "Feature", "properties": { "route": "13", "current_peak": 7700, "additional_peak": 91, "increase_percent": 1.1818181818181819, "tags": null }, "geometry": { "type": "MultiLineString", "coordinates": [ [ [ -122.2204348846, 37.8370873834, 0.0 ], [ -122.2230039982, 37.8392486859, 0.0 ], [ -122.22726917, 37.844948613, 0.0 ] ] ] } },
{ "type": "Feature", "properties": { "route": "680", "current_peak": 12400, "additional_peak": 109, "increase_percent": 0.87903225806451624, "tags": null }, "geometry": { "type": "MultiLineString", "coordinates": [ [ [ -121.9121496402, 37.559518017, 0.0 ], [ -121.9061448808, 37.5617568785, 0.0 ], [ -121.9019104983, 37.5651948129, 0.0 ], [ -121.8853648908, 37.5745881108, 0.0 ], [ -121.8797300187, 37.5766012327, 0.0 ], [ -121.8756331346, 37.5801314171, 0.0 ] ] ] } },
{ "type": "Feature", "properties": { "route": "101", "current_peak": 3600, "additional_peak": 277, "increase_percent": 7.6944444444444438, "tags": null }, "geometry": { "type": "MultiLineString", "coordinates": [ [ [ -122.4004267183, 37.6218292136, 0.0 ], [ -122.402066365, 37.6268350204, 0.0 ] ] ] } },
{ "type": "Feature", "properties": { "route": "35", "current_peak": 3550, "additional_peak": 0, "increase_percent": 0.0, "tags": null }, "geometry": { "type": "MultiLineString", "coordinates": [ [ [ -122.4963148633, 37.7336079515, 0.0 ], [ -122.4844652833, 37.7342261054, 0.0 ] ] ] } },
{ "type": "Feature", "properties": { "route": "580", "current_peak": 14100, "additional_peak": 0, "increase_percent": 0.0, "tags": null }, "geometry": { "type": "MultiLineString", "coordinates": [ [ [ -121.7318470956, 37.7055142438, 0.0 ], [ -121.7374027938, 37.7032458328, 0.0 ], [ -121.7416725411, 37.702345342, 0.0 ], [ -121.7570164463, 37.7028349234, 0.0 ] ] ] } },
{ "type": "Feature", "properties": { "route": "82", "current_peak": 14200, "additional_peak": 277, "increase_percent": 1.9507042253521127, "tags": null }, "geometry": { "type": "MultiLineString", "coordinates": [ [ [ -122.4032135931, 37.6119801688, 0.0 ], [ -122.4060668334, 37.6148427696, 0.0 ] ] ] } },
{ "type": "Feature", "properties": { "route": "82", "current_peak": 5100, "additional_peak": 204, "increase_percent": 4.0, "tags": null }, "geometry": { "type": "MultiLineString", "coordinates": [ [ [ -122.413982881, 37.6249414666, 0.0 ], [ -122.4178248903, 37.6309164704, 0.0 ] ] ] } },
{ "type": "Feature", "properties": { "route": "101", "current_peak": 12000, "additional_peak": 164, "increase_percent": 1.3666666666666667, "tags": null }, "geometry": { "type": "MultiLineString", "coordinates": [ [ [ -121.877481722, 37.3610565086, 0.0 ], [ -121.8967095563, 37.3633798904, 0.0 ] ] ] } },
{ "type": "Feature", "properties": { "route": "580", "current_peak": 14600, "additional_peak": 1073, "increase_percent": 7.3493150684931505, "tags": null }, "geometry": { "type": "MultiLineString", "coordinates": [ [ [ -122.1027675193, 37.6939158339, 0.0 ], [ -122.1035762765, 37.6948466688, 0.0 ] ] ] } },
{ "type": "Feature", "properties": { "route": "123", "current_peak": 11300, "additional_peak": 3799, "increase_percent": 33.619469026548671, "tags": [ "" ] }, "geometry": { "type": "MultiLineString", "coordinates": [ [ [ -122.2828125434, 37.827674711, 0.0 ], [ -122.278860655, 37.8284915124, 0.0 ] ], [ [ -122.2791126091, 37.8286942807, 0.0 ], [ -122.2808428133, 37.8341418297, 0.0 ] ] ] } },
{ "type": "Feature", "properties": { "route": "82", "current_peak": 4000, "additional_peak": 265, "increase_percent": 6.625, "tags": null }, "geometry": { "type": "MultiLineString", "coordinates": [ [ [ -122.442729804, 37.6610459842, 0.0 ], [ -122.4449248067, 37.6630346684, 0.0 ], [ -122.4494018349, 37.6645472048, 0.0 ], [ -122.4512787542, 37.6663308484, 0.0 ], [ -122.4513322075, 37.6684359327, 0.0 ], [ -122.4526141197, 37.6698447192, 0.0 ] ] ] } },
{ "type": "Feature", "properties": { "route": "80", "current_peak": 8600, "additional_peak": 5283, "increase_percent": 61.430232558139529, "tags": [ "ccc-sf", "80", "80" ] }, "geometry": { "type": "MultiLineString", "coordinates": [ [ [ -122.39638833, 37.7820238432, 0.0 ], [ -122.3929755955, 37.7847684813, 0.0 ] ] ] } },
{ "type": "Feature", "properties": { "route": "4", "current_peak": 13800, "additional_peak": 923, "increase_percent": 6.6884057971014492, "tags": null }, "geometry": { "type": "MultiLineString", "coordinates": [ [ [ -122.0446040259, 38.0030010675, 0.0 ], [ -122.0393109984, 38.0043762913, 0.0 ], [ -122.0298906828, 38.008366381, 0.0 ] ] ] } },
{ "type": "Feature", "properties": { "route": "185", "current_peak": 520, "additional_peak": 316, "increase_percent": 60.769230769230766, "tags": null }, "geometry": { "type": "MultiLineString", "coordinates": [ [ [ -122.2139587258, 37.7719797959, 0.0 ], [ -122.215693429, 37.7728142986, 0.0 ] ] ] } },
{ "type": "Feature", "properties": { "route": "280", "current_peak": 9900, "additional_peak": 0, "increase_percent": 0.0, "tags": null }, "geometry": { "type": "MultiLineString", "coordinates": [ [ [ -122.4267818672, 37.6110907397, 0.0 ], [ -122.425037982, 37.6136724498, 0.0 ], [ -122.4243575558, 37.6163083576, 0.0 ], [ -122.4262827844, 37.6208489705, 0.0 ] ], [ [ -122.3873333296, 37.5643127788, 0.0 ], [ -122.3938983812, 37.5675609301, 0.0 ], [ -122.3995693234, 37.5730362679, 0.0 ], [ -122.4051653246, 37.5823332684, 0.0 ], [ -122.4078271033, 37.5850396928, 0.0 ] ] ] } },
{ "type": "Feature", "properties": { "route": "1", "current_peak": 3050, "additional_peak": 0, "increase_percent": 0.0, "tags": null }, "geometry": { "type": "MultiLineString", "coordinates": [ [ [ -122.4850151069, 37.6199902484, 0.0 ], [ -122.4852929926, 37.62330338, 0.0 ], [ -122.4889258238, 37.6277579232, 0.0 ] ] ] } },
{ "type": "Feature", "properties": { "route": "82", "current_peak": 3700, "additional_peak": 0, "increase_percent": 0.0, "tags": null }, "geometry": { "type": "MultiLineString", "coordinates": [ [ [ -122.0897180979, 37.388720697, 0.0 ], [ -122.0939931224, 37.3909049361, 0.0 ], [ -122.0973131232, 37.3938049363, 0.0 ], [ -122.1148531244, 37.4020349353, 0.0 ], [ -122.1190616744, 37.4054809307, 0.0 ] ] ] } },
{ "type": "Feature", "properties": { "route": "280", "current_peak": 10800, "additional_peak": 0, "increase_percent": 0.0, "tags": null }, "geometry": { "type": "MultiLineString", "coordinates": [ [ [ -122.1441984778, 37.3728361541, 0.0 ], [ -122.150581139, 37.3791901099, 0.0 ], [ -122.1525610762, 37.3853441308, 0.0 ], [ -122.1541911403, 37.3871601106, 0.0 ], [ -122.157101141, 37.3885201095, 0.0 ], [ -122.1628011419, 37.3896101094, 0.0 ], [ -122.167951143, 37.3921001094, 0.0 ], [ -122.1745393631, 37.3931199399, 0.0 ], [ -122.1762573542, 37.3940423654, 0.0 ], [ -122.1799959167, 37.3977455316, 0.0 ] ] ] } },
{ "type": "Feature", "properties": { "route": "880", "current_peak": 13500, "additional_peak": 0, "increase_percent": 0.0, "tags": [ "880" ] }, "geometry": { "type": "MultiLineString", "coordinates": [ [ [ -121.9401850904, 37.3173259263, 0.0 ], [ -121.9407428336, 37.3260927537, 0.0 ] ] ] } },
{ "type": "Feature", "properties": { "route": "1", "current_peak": 2050, "additional_peak": 0, "increase_percent": 0.0, "tags": null }, "geometry": { "type": "MultiLineString", "coordinates": [ [ [ -122.4278874208, 37.4408976773, 0.0 ], [ -122.4292096737, 37.449258785, 0.0 ], [ -122.434361607, 37.4588259973, 0.0 ] ] ] } },
{ "type": "Feature", "properties": { "route": "4", "current_peak": 4800, "additional_peak": 16, "increase_percent": 0.33333333333333337, "tags": null }, "geometry": { "type": "MultiLineString", "coordinates": [ [ [ -122.1250263862, 37.9924382645, 0.0 ], [ -122.1171028921, 37.996422938, 0.0 ], [ -122.1135378902, 37.9966129376, 0.0 ], [ -122.1100703012, 37.9956690157, 0.0 ] ] ] } },
{ "type": "Feature", "properties": { "route": "237", "current_peak": 9200, "additional_peak": 0, "increase_percent": 0.0, "tags": null }, "geometry": { "type": "MultiLineString", "coordinates": [ [ [ -122.0684306008, 37.3842351764, 0.0 ], [ -122.0665924379, 37.3852147319, 0.0 ] ] ] } },
{ "type": "Feature", "properties": { "route": "24", "current_peak": 2800, "additional_peak": 2394, "increase_percent": 85.5, "tags": [ "ccc-sf", "24", "24" ] }, "geometry": { "type": "MultiLineString", "coordinates": [ [ [ -122.2283894038, 37.8486913702, 0.0 ], [ -122.2257611937, 37.8486449641, 0.0 ], [ -122.2237025837, 37.8496483819, 0.0 ] ] ] } },
{ "type": "Feature", "properties": { "route": "101", "current_peak": 14900, "additional_peak": 2460, "increase_percent": 16.51006711409396, "tags": null }, "geometry": { "type": "MultiLineString", "coordinates": [ [ [ -122.4069045579, 37.7352993538, 0.0 ], [ -122.4081567028, 37.7386297679, 0.0 ], [ -122.4073601513, 37.7420238299, 0.0 ] ] ] } },
{ "type": "Feature", "properties": { "route": "80", "current_peak": 10700, "additional_peak": 425, "increase_percent": 3.9719626168224296, "tags": [ "80" ] }, "geometry": { "type": "MultiLineString", "coordinates": [ [ [ -122.3195232879, 37.9232813165, 0.0 ], [ -122.3235190173, 37.9288801675, 0.0 ] ] ] } },
{ "type": "Feature", "properties": { "route": "101", "current_peak": 8600, "additional_peak": 0, "increase_percent": 0.0, "tags": null }, "geometry": { "type": "MultiLineString", "coordinates": [ [ [ -121.6118499139, 37.1046394855, 0.0 ], [ -121.6232318296, 37.1140861347, 0.0 ], [ -121.6301079867, 37.1253601214, 0.0 ] ] ] } },
{ "type": "Feature", "properties": { "route": "280", "current_peak": 11800, "additional_peak": 3571, "increase_percent": 30.262711864406779, "tags": null }, "geometry": { "type": "MultiLineString", "coordinates": [ [ [ -122.3998961233, 37.7735666213, 0.0 ], [ -122.4009952112, 37.7748139452, 0.0 ] ] ] } },
{ "type": "Feature", "properties": { "route": "580", "current_peak": 6300, "additional_peak": 0, "increase_percent": 0.0, "tags": null }, "geometry": { "type": "MultiLineString", "coordinates": [ [ [ -122.3848376756, 37.9285593314, 0.0 ], [ -122.3960852504, 37.9325916576, 0.0 ] ] ] } },
{ "type": "Feature", "properties": { "route": "680", "current_peak": 10800, "additional_peak": 68, "increase_percent": 0.62962962962962965, "tags": null }, "geometry": { "type": "MultiLineString", "coordinates": [ [ [ -121.9534725897, 37.7415056385, 0.0 ], [ -121.9707431688, 37.7684569128, 0.0 ] ] ] } },
{ "type": "Feature", "properties": { "route": "35", "current_peak": 2950, "additional_peak": 0, "increase_percent": 0.0, "tags": null }, "geometry": { "type": "MultiLineString", "coordinates": [ [ [ -122.4545884719, 37.6324372353, 0.0 ], [ -122.4619204755, 37.6368235644, 0.0 ], [ -122.4675254838, 37.6425369526, 0.0 ] ] ] } },
{ "type": "Feature", "properties": { "route": "123", "current_peak": 1550, "additional_peak": 720, "increase_percent": 46.451612903225808, "tags": null }, "geometry": { "type": "MultiLineString", "coordinates": [ [ [ -122.2895118341, 37.8606256052, 0.0 ], [ -122.2940696232, 37.8747851062, 0.0 ] ] ] } },
{ "type": "Feature", "properties": { "route": "680", "current_peak": 4900, "additional_peak": 732, "increase_percent": 14.93877551020408, "tags": null }, "geometry": { "type": "MultiLineString", "coordinates": [ [ [ -121.9127180663, 37.4810282863, 0.0 ], [ -121.9136774924, 37.483840878, 0.0 ] ] ] } },
{ "type": "Feature", "properties": { "route": "880", "current_peak": 13300, "additional_peak": 1402, "increase_percent": 10.541353383458647, "tags": [ "880" ] }, "geometry": { "type": "MultiLineString", "coordinates": [ [ [ -122.183007543, 37.7254712099, 0.0 ], [ -122.1925249878, 37.7364119585, 0.0 ] ] ] } },
{ "type": "Feature", "properties": { "route": "580", "current_peak": 12200, "additional_peak": 718, "increase_percent": 5.8852459016393448, "tags": null }, "geometry": { "type": "MultiLineString", "coordinates": [ [ [ -122.1599495297, 37.7743444736, 0.0 ], [ -122.1686897865, 37.7785337018, 0.0 ] ] ] } },
{ "type": "Feature", "properties": { "route": "580", "current_peak": 12200, "additional_peak": 646, "increase_percent": 5.2950819672131146, "tags": null }, "geometry": { "type": "MultiLineString", "coordinates": [ [ [ -122.248456253, 37.8102294022, 0.0 ], [ -122.2503811949, 37.8118379592, 0.0 ], [ -122.2514327284, 37.8153843505, 0.0 ] ] ] } },
{ "type": "Feature", "properties": { "route": "84", "current_peak": 3500, "additional_peak": 0, "increase_percent": 0.0, "tags": null }, "geometry": { "type": "MultiLineString", "coordinates": [ [ [ -121.8054398166, 37.6674443367, 0.0 ], [ -121.8055121063, 37.6815386854, 0.0 ] ] ] } },
{ "type": "Feature", "properties": { "route": "880", "current_peak": 13000, "additional_peak": 691, "increase_percent": 5.3153846153846152, "tags": [ "880" ] }, "geometry": { "type": "MultiLineString", "coordinates": [ [ [ -122.0538777799, 37.5890196768, 0.0 ], [ -122.0636465992, 37.6027617285, 0.0 ] ] ] } },
{ "type": "Feature", "properties": { "route": "880", "current_peak": 10000, "additional_peak": 0, "increase_percent": 0.0, "tags": [ "880" ] }, "geometry": { "type": "MultiLineString", "coordinates": [ [ [ -121.9407428336, 37.3260927537, 0.0 ], [ -121.9406502713, 37.329611991, 0.0 ], [ -121.9397442727, 37.3315539899, 0.0 ], [ -121.9312388985, 37.338402466, 0.0 ] ], [ [ -121.9221606105, 37.345896046, 0.0 ], [ -121.9130242718, 37.3525199941, 0.0 ], [ -121.9043282708, 37.3610242025, 0.0 ] ] ] } },
{ "type": "Feature", "properties": { "route": "80", "current_peak": 13800, "additional_peak": 3294, "increase_percent": 23.869565217391305, "tags": [ "80" ] }, "geometry": { "type": "MultiLineString", "coordinates": [ [ [ -122.4053220689, 37.7670948697, 0.0 ], [ -122.4055131761, 37.7691018645, 0.0 ] ] ] } },
{ "type": "Feature", "properties": { "route": "680", "current_peak": 10300, "additional_peak": 153, "increase_percent": 1.4854368932038835, "tags": null }, "geometry": { "type": "MultiLineString", "coordinates": [ [ [ -121.889823694, 37.4407928879, 0.0 ], [ -121.8920689468, 37.450222127, 0.0 ], [ -121.8974648565, 37.456960013, 0.0 ] ] ] } },
{ "type": "Feature", "properties": { "route": "101", "current_peak": 11600, "additional_peak": 69, "increase_percent": 0.59482758620689646, "tags": null }, "geometry": { "type": "MultiLineString", "coordinates": [ [ [ -122.0203550124, 37.3972088248, 0.0 ], [ -122.0317531774, 37.3997021625, 0.0 ] ] ] } },
{ "type": "Feature", "properties": { "route": "82", "current_peak": 1800, "additional_peak": 0, "increase_percent": 0.0, "tags": null }, "geometry": { "type": "MultiLineString", "coordinates": [ [ [ -121.9419605572, 37.3548208988, 0.0 ], [ -121.944224454, 37.3555522813, 0.0 ], [ -121.9524286167, 37.3525200101, 0.0 ] ] ] } },
{ "type": "Feature", "properties": { "route": "1", "current_peak": 5000, "additional_peak": 665, "increase_percent": 13.3, "tags": null }, "geometry": { "type": "MultiLineString", "coordinates": [ [ [ -122.47143794, 37.7050066993, 0.0 ], [ -122.4711390059, 37.7073280993, 0.0 ] ] ] } },
{ "type": "Feature", "properties": { "route": "262", "current_peak": 4900, "additional_peak": 732, "increase_percent": 14.93877551020408, "tags": null }, "geometry": { "type": "MultiLineString", "coordinates": [ [ [ -121.9311693682, 37.4884165255, 0.0 ], [ -121.9258749756, 37.4929571706, 0.0 ] ] ] } },
{ "type": "Feature", "properties": { "route": "880", "current_peak": 3800, "additional_peak": 820, "increase_percent": 21.578947368421055, "tags": [ "880" ] }, "geometry": { "type": "MultiLineString", "coordinates": [ [ [ -122.0964930649, 37.6483157669, 0.0 ], [ -122.098412699, 37.6512044879, 0.0 ] ] ] } },
{ "type": "Feature", "properties": { "route": "680", "current_peak": 11500, "additional_peak": 1982, "increase_percent": 17.234782608695653, "tags": [ "" ] }, "geometry": { "type": "MultiLineString", "coordinates": [ [ [ -122.0700285207, 37.8956515218, 0.0 ], [ -122.0709472372, 37.8978202203, 0.0 ], [ -122.0701370467, 37.9020673523, 0.0 ] ] ] } },
{ "type": "Feature", "properties": { "route": "280", "current_peak": 12400, "additional_peak": 1697, "increase_percent": 13.68548387096774, "tags": null }, "geometry": { "type": "MultiLineString", "coordinates": [ [ [ -122.4496547609, 37.7157393838, 0.0 ], [ -122.4487041161, 37.7174788224, 0.0 ], [ -122.4475619747, 37.723927163, 0.0 ], [ -122.4455061209, 37.7268348642, 0.0 ], [ -122.4431352001, 37.7285879865, 0.0 ] ] ] } },
{ "type": "Feature", "properties": { "route": "1", "current_peak": 910, "additional_peak": 0, "increase_percent": 0.0, "tags": null }, "geometry": { "type": "MultiLineString", "coordinates": [ [ [ -122.4059467512, 37.2921258831, 0.0 ], [ -122.4064144176, 37.2944224873, 0.0 ], [ -122.4046848265, 37.2989071484, 0.0 ], [ -122.4045631973, 37.3073286853, 0.0 ], [ -122.4028832992, 37.3184502878, 0.0 ], [ -122.4010273206, 37.3227904243, 0.0 ], [ -122.3974058299, 37.3281161517, 0.0 ], [ -122.3958299154, 37.3290065604, 0.0 ], [ -122.3940878075, 37.3289684864, 0.0 ] ], [ [ -122.3946764076, 37.3422630605, 0.0 ], [ -122.3947580088, 37.3438520888, 0.0 ], [ -122.396782364, 37.3465755177, 0.0 ], [ -122.3986453702, 37.3512277239, 0.0 ], [ -122.398676416, 37.3534807152, 0.0 ], [ -122.3971392836, 37.3561504709, 0.0 ], [ -122.3970988297, 37.357819153, 0.0 ], [ -122.4043208337, 37.3654061547, 0.0 ], [ -122.4049248842, 37.3700750761, 0.0 ], [ -122.4043744216, 37.3723811517, 0.0 ] ] ] } },
{ "type": "Feature", "properties": { "route": "101", "current_peak": 11600, "additional_peak": 83, "increase_percent": 0.71551724137931039, "tags": null }, "geometry": { "type": "MultiLineString", "coordinates": [ [ [ -122.0682487143, 37.4079928258, 0.0 ], [ -122.0702847352, 37.4086416589, 0.0 ] ] ] } },
{ "type": "Feature", "properties": { "route": "84", "current_peak": 8400, "additional_peak": 109, "increase_percent": 1.2976190476190477, "tags": null }, "geometry": { "type": "MultiLineString", "coordinates": [ [ [ -121.8486767839, 37.6010161354, 0.0 ], [ -121.8468287956, 37.6023964549, 0.0 ], [ -121.8289256334, 37.6076751123, 0.0 ], [ -121.826142632, 37.6094181109, 0.0 ], [ -121.8220250494, 37.6109158864, 0.0 ], [ -121.8159776723, 37.6147694158, 0.0 ] ] ] } },
{ "type": "Feature", "properties": { "route": "101", "current_peak": 3050, "additional_peak": 0, "increase_percent": 0.0, "tags": null }, "geometry": { "type": "MultiLineString", "coordinates": [ [ [ -122.4204689243, 37.7815126622, 0.0 ], [ -122.4233507448, 37.7958636875, 0.0 ] ] ] } },
{ "type": "Feature", "properties": { "route": "17", "current_peak": 5200, "additional_peak": 0, "increase_percent": 0.0, "tags": null }, "geometry": { "type": "MultiLineString", "coordinates": [ [ [ -121.984896766, 37.143780964, 0.0 ], [ -121.9848735117, 37.1453604797, 0.0 ], [ -121.987381139, 37.1466198382, 0.0 ], [ -121.9879762603, 37.1475826498, 0.0 ], [ -121.9852366493, 37.1505994884, 0.0 ], [ -121.9848781854, 37.1522270455, 0.0 ] ] ] } },
{ "type": "Feature", "properties": { "route": "185", "current_peak": 1450, "additional_peak": 375, "increase_percent": 25.862068965517242, "tags": null }, "geometry": { "type": "MultiLineString", "coordinates": [ [ [ -122.1421349737, 37.7149129477, 0.0 ], [ -122.1533080494, 37.7231342101, 0.0 ] ] ] } },
{ "type": "Feature", "properties": { "route": "280", "current_peak": 12600, "additional_peak": 3420, "increase_percent": 27.142857142857142, "tags": null }, "geometry": { "type": "MultiLineString", "coordinates": [ [ [ -122.3997776868, 37.7736985514, 0.0 ], [ -122.4009952112, 37.7748139452, 0.0 ] ] ] } },
{ "type": "Feature", "properties": { "route": "101", "current_peak": 6600, "additional_peak": 83, "increase_percent": 1.2575757575757576, "tags": null }, "geometry": { "type": "MultiLineString", "coordinates": [ [ [ -122.0317531774, 37.3997021625, 0.0 ], [ -122.0356210172, 37.4005652702, 0.0 ] ] ] } },
{ "type": "Feature", "properties": { "route": "880", "current_peak": 1550, "additional_peak": 2199, "increase_percent": 141.87096774193549, "tags": [ "880" ] }, "geometry": { "type": "MultiLineString", "coordinates": [ [ [ -122.2222670751, 37.7705394616, 0.0 ], [ -122.2257646527, 37.772397341, 0.0 ] ] ] } },
{ "type": "Feature", "properties": { "route": "87", "current_peak": 8900, "additional_peak": 0, "increase_percent": 0.0, "tags": null }, "geometry": { "type": "MultiLineString", "coordinates": [ [ [ -121.862897891, 37.2742754388, 0.0 ], [ -121.8639964873, 37.2780641302, 0.0 ], [ -121.8673068493, 37.2844283493, 0.0 ] ] ] } },
{ "type": "Feature", "properties": { "route": "101", "current_peak": 9000, "additional_peak": 0, "increase_percent": 0.0, "tags": null }, "geometry": { "type": "MultiLineString", "coordinates": [ [ [ -121.6301079867, 37.1253601214, 0.0 ], [ -121.6363618348, 37.135826136, 0.0 ], [ -121.642580371, 37.1425100023, 0.0 ] ] ] } },
{ "type": "Feature", "properties": { "route": "580", "current_peak": 5300, "additional_peak": 0, "increase_percent": 0.0, "tags": null }, "geometry": { "type": "MultiLineString", "coordinates": [ [ [ -122.3847489076, 37.928749082, 0.0 ], [ -122.3960648703, 37.9327205828, 0.0 ] ] ] } },
{ "type": "Feature", "properties": { "route": "580", "current_peak": 15800, "additional_peak": 730, "increase_percent": 4.6202531645569627, "tags": null }, "geometry": { "type": "MultiLineString", "coordinates": [ [ [ -121.9228696096, 37.7010913068, 0.0 ], [ -121.9289599043, 37.69974588, 0.0 ] ] ] } },
{ "type": "Feature", "properties": { "route": "880", "current_peak": 13800, "additional_peak": 751, "increase_percent": 5.4420289855072461, "tags": [ "880" ] }, "geometry": { "type": "MultiLineString", "coordinates": [ [ [ -121.9289456433, 37.4691340573, 0.0 ], [ -121.9357122888, 37.4824590044, 0.0 ], [ -121.9423244863, 37.4881287883, 0.0 ] ] ] } },
{ "type": "Feature", "properties": { "route": "85", "current_peak": 5000, "additional_peak": 0, "increase_percent": 0.0, "tags": null }, "geometry": { "type": "MultiLineString", "coordinates": [ [ [ -121.9414325091, 37.2528945023, 0.0 ], [ -121.9537063645, 37.2551955357, 0.0 ] ] ] } },
{ "type": "Feature", "properties": { "route": "680", "current_peak": 13000, "additional_peak": 3, "increase_percent": 0.023076923076923075, "tags": null }, "geometry": { "type": "MultiLineString", "coordinates": [ [ [ -121.8543957371, 37.3763445626, 0.0 ], [ -121.8685415789, 37.389793378, 0.0 ] ] ] } },
{ "type": "Feature", "properties": { "route": "101", "current_peak": 8600, "additional_peak": 69, "increase_percent": 0.80232558139534882, "tags": null }, "geometry": { "type": "MultiLineString", "coordinates": [ [ [ -121.9126374829, 37.370415056, 0.0 ], [ -121.9223457057, 37.3724793378, 0.0 ] ] ] } },
{ "type": "Feature", "properties": { "route": "280", "current_peak": 11100, "additional_peak": 2081, "increase_percent": 18.747747747747749, "tags": null }, "geometry": { "type": "MultiLineString", "coordinates": [ [ [ -122.4430106085, 37.7284719184, 0.0 ], [ -122.435602803, 37.7311797612, 0.0 ], [ -122.4302957982, 37.7321713681, 0.0 ] ] ] } },
{ "type": "Feature", "properties": { "route": "123", "current_peak": 1750, "additional_peak": 0, "increase_percent": 0.0, "tags": null }, "geometry": { "type": "MultiLineString", "coordinates": [ [ [ -122.2809929765, 37.8341434161, 0.0 ], [ -122.2849887002, 37.8465341566, 0.0 ] ] ] } },
{ "type": "Feature", "properties": { "route": "880", "current_peak": 12900, "additional_peak": 2179, "increase_percent": 16.891472868217054, "tags": [ "880" ] }, "geometry": { "type": "MultiLineString", "coordinates": [ [ [ -122.2257282034, 37.7725202621, 0.0 ], [ -122.2352200151, 37.7760744718, 0.0 ] ] ] } },
{ "type": "Feature", "properties": { "route": "85", "current_peak": 21900, "additional_peak": 0, "increase_percent": 0.0, "tags": null }, "geometry": { "type": "MultiLineString", "coordinates": [ [ [ -122.0685489392, 37.3876466012, 0.0 ], [ -122.0682331195, 37.3934949378, 0.0 ], [ -122.0688621638, 37.396983643, 0.0 ] ] ] } },
{ "type": "Feature", "properties": { "route": "17", "current_peak": 6600, "additional_peak": 0, "increase_percent": 0.0, "tags": null }, "geometry": { "type": "MultiLineString", "coordinates": [ [ [ -121.9928258197, 37.1733072206, 0.0 ], [ -121.9955962323, 37.1752596281, 0.0 ], [ -121.9960810468, 37.1764701792, 0.0 ], [ -121.9911912544, 37.1861486377, 0.0 ], [ -121.9915065325, 37.1881503605, 0.0 ], [ -121.9940614813, 37.1927129767, 0.0 ], [ -121.991743846, 37.20471586, 0.0 ] ] ] } },
{ "type": "Feature", "properties": { "route": "680", "current_peak": 10200, "additional_peak": 109, "increase_percent": 1.0686274509803921, "tags": null }, "geometry": { "type": "MultiLineString", "coordinates": [ [ [ -121.9119185113, 37.6729325363, 0.0 ], [ -121.920834123, 37.6957141436, 0.0 ] ] ] } },
{ "type": "Feature", "properties": { "route": "280", "current_peak": 16300, "additional_peak": 0, "increase_percent": 0.0, "tags": null }, "geometry": { "type": "MultiLineString", "coordinates": [ [ [ -121.8545757899, 37.3379335999, 0.0 ], [ -121.8638743684, 37.3322113037, 0.0 ] ] ] } },
{ "type": "Feature", "properties": { "route": "17", "current_peak": 8000, "additional_peak": 0, "increase_percent": 0.0, "tags": null }, "geometry": { "type": "MultiLineString", "coordinates": [ [ [ -121.9579259118, 37.2527143458, 0.0 ], [ -121.9564482356, 37.2552462413, 0.0 ] ] ] } },
{ "type": "Feature", "properties": { "route": "80", "current_peak": 19200, "additional_peak": 16, "increase_percent": 0.083333333333333343, "tags": [ "80" ] }, "geometry": { "type": "MultiLineString", "coordinates": [ [ [ -122.2939267784, 37.9945837264, 0.0 ], [ -122.2900221497, 37.9952429539, 0.0 ], [ -122.2867342205, 37.9967879729, 0.0 ], [ -122.2778502121, 38.0060650182, 0.0 ] ] ] } },
{ "type": "Feature", "properties": { "route": "35", "current_peak": 4800, "additional_peak": 0, "increase_percent": 0.0, "tags": null }, "geometry": { "type": "MultiLineString", "coordinates": [ [ [ -122.4844768141, 37.7344093727, 0.0 ], [ -122.4750870476, 37.7347220174, 0.0 ] ] ] } },
{ "type": "Feature", "properties": { "route": "101", "current_peak": 20100, "additional_peak": 3, "increase_percent": 0.014925373134328358, "tags": null }, "geometry": { "type": "MultiLineString", "coordinates": [ [ [ -121.8418254009, 37.3289992232, 0.0 ], [ -121.8570563832, 37.3446374138, 0.0 ] ] ] } },
{ "type": "Feature", "properties": { "route": "92", "current_peak": 5400, "additional_peak": 0, "increase_percent": 0.0, "tags": null }, "geometry": { "type": "MultiLineString", "coordinates": [ [ [ -122.3298739876, 37.5407689779, 0.0 ], [ -122.3287240191, 37.5432933259, 0.0 ], [ -122.3249125042, 37.5462376449, 0.0 ], [ -122.3173530317, 37.5483674225, 0.0 ] ] ] } },
{ "type": "Feature", "properties": { "route": "185", "current_peak": 2100, "additional_peak": 304, "increase_percent": 14.476190476190476, "tags": null }, "geometry": { "type": "MultiLineString", "coordinates": [ [ [ -122.1636758719, 37.735105902, 0.0 ], [ -122.1785561781, 37.7550619598, 0.0 ], [ -122.1953921766, 37.7630909524, 0.0 ] ] ] } },
{ "type": "Feature", "properties": { "route": "580", "current_peak": 13500, "additional_peak": 0, "increase_percent": 0.0, "tags": null }, "geometry": { "type": "MultiLineString", "coordinates": [ [ [ -121.8027321806, 37.7007609313, 0.0 ], [ -121.8336217856, 37.7009909405, 0.0 ] ] ] } },
{ "type": "Feature", "properties": { "route": "101", "current_peak": 14000, "additional_peak": 288, "increase_percent": 2.0571428571428569, "tags": null }, "geometry": { "type": "MultiLineString", "coordinates": [ [ [ -122.3898112941, 37.6088690106, 0.0 ], [ -122.394879991, 37.6121597077, 0.0 ], [ -122.3971939658, 37.6145076648, 0.0 ], [ -122.4001870469, 37.6221260814, 0.0 ] ] ] } },
{ "type": "Feature", "properties": { "route": "84", "current_peak": 4000, "additional_peak": 0, "increase_percent": 0.0, "tags": null }, "geometry": { "type": "MultiLineString", "coordinates": [ [ [ -121.8698194613, 37.5926955081, 0.0 ], [ -121.8679832222, 37.5947821167, 0.0 ], [ -121.8594387401, 37.597214111, 0.0 ], [ -121.8533706904, 37.5979326075, 0.0 ], [ -121.848550697, 37.6010393165, 0.0 ] ] ] } },
{ "type": "Feature", "properties": { "route": "262", "current_peak": 4900, "additional_peak": 693, "increase_percent": 14.142857142857142, "tags": null }, "geometry": { "type": "MultiLineString", "coordinates": [ [ [ -121.9348443121, 37.4846048903, 0.0 ], [ -121.9311693682, 37.4884165255, 0.0 ] ] ] } },
{ "type": "Feature", "properties": { "route": "680", "current_peak": 12200, "additional_peak": 68, "increase_percent": 0.55737704918032793, "tags": null }, "geometry": { "type": "MultiLineString", "coordinates": [ [ [ -121.993179191, 37.8170584245, 0.0 ], [ -121.9934632321, 37.8228291961, 0.0 ], [ -121.9962304838, 37.8266993184, 0.0 ] ] ] } },
{ "type": "Feature", "properties": { "route": "109", "current_peak": 4700, "additional_peak": 22, "increase_percent": 0.46808510638297873, "tags": null }, "geometry": { "type": "MultiLineString", "coordinates": [ [ [ -122.139673679, 37.4759165287, 0.0 ], [ -122.1397015737, 37.4768968476, 0.0 ] ] ] } },
{ "type": "Feature", "properties": { "route": "237", "current_peak": 8100, "additional_peak": 15, "increase_percent": 0.1851851851851852, "tags": null }, "geometry": { "type": "MultiLineString", "coordinates": [ [ [ -122.0183317908, 37.4049138942, 0.0 ], [ -122.0042515868, 37.4081064521, 0.0 ] ] ] } },
{ "type": "Feature", "properties": { "route": "80", "current_peak": 15600, "additional_peak": 1668, "increase_percent": 10.692307692307693, "tags": [ "80" ] }, "geometry": { "type": "MultiLineString", "coordinates": [ [ [ -122.2977695737, 37.8434285366, 0.0 ], [ -122.3013642411, 37.8578077295, 0.0 ] ] ] } },
{ "type": "Feature", "properties": { "route": "4", "current_peak": 11000, "additional_peak": 318, "increase_percent": 2.8909090909090907, "tags": null }, "geometry": { "type": "MultiLineString", "coordinates": [ [ [ -121.8108974735, 37.9980687352, 0.0 ], [ -121.7957702685, 37.9978556492, 0.0 ] ] ] } },
{ "type": "Feature", "properties": { "route": "237", "current_peak": 7500, "additional_peak": 0, "increase_percent": 0.0, "tags": null }, "geometry": { "type": "MultiLineString", "coordinates": [ [ [ -122.0681597666, 37.3841431509, 0.0 ], [ -122.0664702911, 37.385024096, 0.0 ] ] ] } },
{ "type": "Feature", "properties": { "route": "152", "current_peak": 880, "additional_peak": 0, "increase_percent": 0.0, "tags": null }, "geometry": { "type": "MultiLineString", "coordinates": [ [ [ -121.717912433, 36.9955781102, 0.0 ], [ -121.7146092822, 36.9973279078, 0.0 ], [ -121.7151803529, 36.9958823853, 0.0 ], [ -121.714439745, 36.994900857, 0.0 ], [ -121.7072359256, 36.9948146014, 0.0 ], [ -121.7066708045, 36.9945677328, 0.0 ], [ -121.7062930647, 36.9923012952, 0.0 ], [ -121.7027833595, 36.9918878646, 0.0 ], [ -121.6983367392, 36.9897195812, 0.0 ], [ -121.6966265023, 36.9896006085, 0.0 ], [ -121.6938752501, 36.9911888972, 0.0 ], [ -121.6893959159, 36.9922685801, 0.0 ], [ -121.6883073114, 36.9957515152, 0.0 ], [ -121.6867785072, 36.9975004196, 0.0 ], [ -121.6863561535, 36.9997281906, 0.0 ], [ -121.6845596613, 37.0027054916, 0.0 ], [ -121.6813730163, 37.0039049313, 0.0 ], [ -121.6728830161, 37.0032449322, 0.0 ], [ -121.6718530159, 37.0041549319, 0.0 ], [ -121.6691259058, 37.0049570764, 0.0 ], [ -121.6658130152, 37.0093549323, 0.0 ], [ -121.6604890796, 37.0118799682, 0.0 ], [ -121.6535050142, 37.0134159344, 0.0 ], [ -121.6387630109, 37.013534935, 0.0 ], [ -121.6337230112, 37.0134149352, 0.0 ], [ -121.6292130104, 37.0117349357, 0.0 ], [ -121.6250329023, 37.0116980998, 0.0 ] ] ] } },
{ "type": "Feature", "properties": { "route": "92", "current_peak": 8000, "additional_peak": 26, "increase_percent": 0.325, "tags": [ "bridges" ] }, "geometry": { "type": "MultiLineString", "coordinates": [ [ [ -122.2110419021, 37.6002805314, 0.0 ], [ -122.1521671021, 37.6176306113, 0.0 ], [ -122.1367261721, 37.6228495666, 0.0 ] ] ] } },
{ "type": "Feature", "properties": { "route": "280", "current_peak": 9900, "additional_peak": 0, "increase_percent": 0.0, "tags": null }, "geometry": { "type": "MultiLineString", "coordinates": [ [ [ -122.427468595, 37.6038274751, 0.0 ], [ -122.4281226673, 37.6070799123, 0.0 ], [ -122.4264730258, 37.6110363941, 0.0 ] ], [ [ -122.3628072448, 37.5357330937, 0.0 ], [ -122.3668869048, 37.5422689172, 0.0 ], [ -122.3756681918, 37.5508901077, 0.0 ], [ -122.3812731941, 37.5584881078, 0.0 ], [ -122.3871264646, 37.5644353803, 0.0 ] ] ] } },
{ "type": "Feature", "properties": { "route": "205", "current_peak": 1200, "additional_peak": 0, "increase_percent": 0.0, "tags": null }, "geometry": { "type": "MultiLineString", "coordinates": [ [ [ -121.5717734582, 37.7419258182, 0.0 ], [ -121.5575011047, 37.7430151418, 0.0 ] ] ] } },
{ "type": "Feature", "properties": { "route": "101", "current_peak": 16000, "additional_peak": 101, "increase_percent": 0.63125, "tags": null }, "geometry": { "type": "MultiLineString", "coordinates": [ [ [ -122.2480212095, 37.5066361273, 0.0 ], [ -122.2632075591, 37.5200888383, 0.0 ] ] ] } },
{ "type": "Feature", "properties": { "route": "84", "current_peak": 10400, "additional_peak": 109, "increase_percent": 1.0480769230769231, "tags": null }, "geometry": { "type": "MultiLineString", "coordinates": [ [ [ -121.8705041348, 37.5931470899, 0.0 ], [ -121.8704703184, 37.5932090872, 0.0 ] ] ] } },
{ "type": "Feature", "properties": { "route": "17", "current_peak": 8000, "additional_peak": 0, "increase_percent": 0.0, "tags": null }, "geometry": { "type": "MultiLineString", "coordinates": [ [ [ -121.9685848942, 37.2386461858, 0.0 ], [ -121.9611122271, 37.246346856, 0.0 ], [ -121.9577123103, 37.2526362448, 0.0 ] ] ] } },
{ "type": "Feature", "properties": { "route": "242", "current_peak": 9200, "additional_peak": 906, "increase_percent": 9.8478260869565215, "tags": null }, "geometry": { "type": "MultiLineString", "coordinates": [ [ [ -122.0414132371, 37.9834582016, 0.0 ], [ -122.039390894, 37.9928952979, 0.0 ] ] ] } },
{ "type": "Feature", "properties": { "route": "238", "current_peak": 14600, "additional_peak": 366, "increase_percent": 2.506849315068493, "tags": null }, "geometry": { "type": "MultiLineString", "coordinates": [ [ [ -122.1180507624, 37.6892781229, 0.0 ], [ -122.1281439173, 37.6907116351, 0.0 ], [ -122.1334243881, 37.6904121436, 0.0 ] ] ] } },
{ "type": "Feature", "properties": { "route": "580", "current_peak": 6400, "additional_peak": 288, "increase_percent": 4.5, "tags": null }, "geometry": { "type": "MultiLineString", "coordinates": [ [ [ -122.3540425791, 37.9216535001, 0.0 ], [ -122.3581242237, 37.9225039609, 0.0 ], [ -122.3641053389, 37.9258478728, 0.0 ], [ -122.3684425555, 37.9270131712, 0.0 ] ] ] } },
{ "type": "Feature", "properties": { "route": "87", "current_peak": 12700, "additional_peak": 75, "increase_percent": 0.59055118110236215, "tags": null }, "geometry": { "type": "MultiLineString", "coordinates": [ [ [ -121.9267192856, 37.37068539, 0.0 ], [ -121.9279680951, 37.3737968455, 0.0 ] ] ] } },
{ "type": "Feature", "properties": { "route": "280", "current_peak": 12900, "additional_peak": 0, "increase_percent": 0.0, "tags": null }, "geometry": { "type": "MultiLineString", "coordinates": [ [ [ -122.1149665119, 37.3555853382, 0.0 ], [ -122.1173412565, 37.3570292697, 0.0 ], [ -122.1205112557, 37.3615392705, 0.0 ], [ -122.1225312578, 37.3632392702, 0.0 ], [ -122.125540163, 37.3643931442, 0.0 ], [ -122.1310364665, 37.3649188376, 0.0 ], [ -122.1382296578, 37.3671513975, 0.0 ], [ -122.1410017312, 37.3689371831, 0.0 ], [ -122.1443956355, 37.3726479738, 0.0 ] ], [ [ -122.0620659351, 37.332875696, 0.0 ], [ -122.0676618898, 37.3341714443, 0.0 ], [ -122.0742434794, 37.333319598, 0.0 ], [ -122.0775080991, 37.3336289273, 0.0 ], [ -122.0897864795, 37.3407011796, 0.0 ] ] ] } },
{ "type": "Feature", "properties": { "route": "123", "current_peak": 1850, "additional_peak": 410, "increase_percent": 22.162162162162165, "tags": null }, "geometry": { "type": "MultiLineString", "coordinates": [ [ [ -122.300329008, 37.8946120176, 0.0 ], [ -122.3025348171, 37.9005829056, 0.0 ] ] ] } },
{ "type": "Feature", "properties": { "route": "130", "current_peak": 13900, "additional_peak": 3, "increase_percent": 0.021582733812949641, "tags": null }, "geometry": { "type": "MultiLineString", "coordinates": [ [ [ -121.8426824947, 37.358863096, 0.0 ], [ -121.8398075543, 37.3602192183, 0.0 ] ] ] } },
{ "type": "Feature", "properties": { "route": "9", "current_peak": 3250, "additional_peak": 0, "increase_percent": 0.0, "tags": null }, "geometry": { "type": "MultiLineString", "coordinates": [ [ [ -121.989449143, 37.2340954282, 0.0 ], [ -121.9781837118, 37.2275216411, 0.0 ] ] ] } },
{ "type": "Feature", "properties": { "route": "580", "current_peak": 12200, "additional_peak": 723, "increase_percent": 5.9262295081967213, "tags": null }, "geometry": { "type": "MultiLineString", "coordinates": [ [ [ -122.1502867118, 37.7634721483, 0.0 ], [ -122.1556848068, 37.7711498253, 0.0 ], [ -122.1600656019, 37.7742176796, 0.0 ] ] ] } },
{ "type": "Feature", "properties": { "route": "13", "current_peak": 4550, "additional_peak": 1229, "increase_percent": 27.010989010989011, "tags": null }, "geometry": { "type": "MultiLineString", "coordinates": [ [ [ -122.2778837006, 37.8534457405, 0.0 ], [ -122.2866889863, 37.85216623, 0.0 ] ] ] } },
{ "type": "Feature", "properties": { "route": "280", "current_peak": 15500, "additional_peak": 0, "increase_percent": 0.0, "tags": null }, "geometry": { "type": "MultiLineString", "coordinates": [ [ [ -121.8954459364, 37.3233675687, 0.0 ], [ -121.8989500958, 37.3221511232, 0.0 ], [ -121.9039111819, 37.3177402085, 0.0 ] ] ] } },
{ "type": "Feature", "properties": { "route": "84", "current_peak": 850, "additional_peak": 0, "increase_percent": 0.0, "tags": null }, "geometry": { "type": "MultiLineString", "coordinates": [ [ [ -122.3929203064, 37.3246992265, 0.0 ], [ -122.3855630583, 37.3271893638, 0.0 ], [ -122.3824734915, 37.330646859, 0.0 ], [ -122.3788958081, 37.3316104021, 0.0 ], [ -122.3714194911, 37.3292978606, 0.0 ], [ -122.3667194894, 37.3297558603, 0.0 ], [ -122.3635923021, 37.3271025136, 0.0 ], [ -122.357991052, 37.3268336356, 0.0 ], [ -122.3545075183, 37.3272714571, 0.0 ], [ -122.3517029618, 37.3258557952, 0.0 ], [ -122.3464814872, 37.3256198625, 0.0 ], [ -122.3447614847, 37.3245728627, 0.0 ], [ -122.3433834825, 37.322522416, 0.0 ], [ -122.3407280778, 37.321857705, 0.0 ], [ -122.3371541412, 37.3189942045, 0.0 ], [ -122.3331685086, 37.3185864243, 0.0 ], [ -122.3316861033, 37.3166995119, 0.0 ], [ -122.3280050767, 37.3139845477, 0.0 ], [ -122.3198129866, 37.3118241977, 0.0 ], [ -122.3091508601, 37.3138028006, 0.0 ], [ -122.3054477835, 37.3161986374, 0.0 ], [ -122.3014064777, 37.3166288622, 0.0 ], [ -122.2992700396, 37.3179511281, 0.0 ], [ -122.2957134064, 37.318490059, 0.0 ], [ -122.2947037431, 37.3178487152, 0.0 ], [ -122.29450226, 37.3149874924, 0.0 ], [ -122.2933958105, 37.3145877431, 0.0 ], [ -122.291156738, 37.315234956, 0.0 ], [ -122.2895952712, 37.3124311535, 0.0 ], [ -122.2871563236, 37.3134638368, 0.0 ], [ -122.2839255542, 37.3135003292, 0.0 ], [ -122.2822932435, 37.3124343314, 0.0 ], [ -122.2817853163, 37.3108867239, 0.0 ], [ -122.2801902308, 37.3110228377, 0.0 ], [ -122.2783436431, 37.3102695277, 0.0 ], [ -122.2754986921, 37.3126330175, 0.0 ], [ -122.2760150357, 37.3141749085, 0.0 ], [ -122.274535181, 37.3155358719, 0.0 ] ] ] } },
{ "type": "Feature", "properties": { "route": "4", "current_peak": 4750, "additional_peak": 18, "increase_percent": 0.37894736842105259, "tags": null }, "geometry": { "type": "MultiLineString", "coordinates": [ [ [ -122.1249068717, 37.9922692614, 0.0 ], [ -122.1172166, 37.9962320013, 0.0 ], [ -122.1135837582, 37.9964452692, 0.0 ], [ -122.1101165219, 37.9954885848, 0.0 ] ] ] } },
{ "type": "Feature", "properties": { "route": "92", "current_peak": 9300, "additional_peak": 26, "increase_percent": 0.27956989247311825, "tags": [ "bridges" ] }, "geometry": { "type": "MultiLineString", "coordinates": [ [ [ -122.2791950238, 37.5601189108, 0.0 ], [ -122.2719679725, 37.5650963932, 0.0 ] ] ] } },
{ "type": "Feature", "properties": { "route": "92", "current_peak": 6700, "additional_peak": 0, "increase_percent": 0.0, "tags": null }, "geometry": { "type": "MultiLineString", "coordinates": [ [ [ -122.3297147633, 37.5177907311, 0.0 ], [ -122.3325174312, 37.5229027646, 0.0 ], [ -122.3315317664, 37.527549774, 0.0 ] ] ] } },
{ "type": "Feature", "properties": { "route": "84", "current_peak": 1300, "additional_peak": 0, "increase_percent": 0.0, "tags": null }, "geometry": { "type": "MultiLineString", "coordinates": [ [ [ -122.2601562729, 37.4278998925, 0.0 ], [ -122.2544546154, 37.4296075352, 0.0 ], [ -122.2520749526, 37.4291518257, 0.0 ] ] ] } },
{ "type": "Feature", "properties": { "route": "1", "current_peak": 1950, "additional_peak": 0, "increase_percent": 0.0, "tags": null }, "geometry": { "type": "MultiLineString", "coordinates": [ [ [ -122.4641400446, 37.4985084319, 0.0 ], [ -122.4821458627, 37.505713159, 0.0 ], [ -122.4940166895, 37.5142037952, 0.0 ], [ -122.5021552056, 37.5186271718, 0.0 ] ] ] } },
{ "type": "Feature", "properties": { "route": "880", "current_peak": 14300, "additional_peak": 0, "increase_percent": 0.0, "tags": [ "880" ] }, "geometry": { "type": "MultiLineString", "coordinates": [ [ [ -121.9403695073, 37.3173233422, 0.0 ], [ -121.9409268989, 37.3261178217, 0.0 ] ] ] } },
{ "type": "Feature", "properties": { "route": "680", "current_peak": 12000, "additional_peak": 3, "increase_percent": 0.025, "tags": null }, "geometry": { "type": "MultiLineString", "coordinates": [ [ [ -121.8748315313, 37.3970478213, 0.0 ], [ -121.8779130633, 37.4066875389, 0.0 ] ] ] } },
{ "type": "Feature", "properties": { "route": "280", "current_peak": 12900, "additional_peak": 32, "increase_percent": 0.24806201550387599, "tags": null }, "geometry": { "type": "MultiLineString", "coordinates": [ [ [ -122.4572069322, 37.6544189081, 0.0 ], [ -122.4637373415, 37.6594742702, 0.0 ], [ -122.4655743145, 37.6616574859, 0.0 ], [ -122.4660689485, 37.6693149979, 0.0 ], [ -122.468678046, 37.6738094308, 0.0 ] ] ] } },
{ "type": "Feature", "properties": { "route": "580", "current_peak": 12700, "additional_peak": 646, "increase_percent": 5.0866141732283463, "tags": null }, "geometry": { "type": "MultiLineString", "coordinates": [ [ [ -122.2393080013, 37.8074279964, 0.0 ], [ -122.2483279989, 37.810388687, 0.0 ] ] ] } },
{ "type": "Feature", "properties": { "route": "92", "current_peak": 6700, "additional_peak": 0, "increase_percent": 0.0, "tags": null }, "geometry": { "type": "MultiLineString", "coordinates": [ [ [ -122.3338425075, 37.509275829, 0.0 ], [ -122.3292021169, 37.5137665901, 0.0 ], [ -122.3288231168, 37.5157075903, 0.0 ], [ -122.3295464959, 37.5178149085, 0.0 ] ] ] } },
{ "type": "Feature", "properties": { "route": "680", "current_peak": 9800, "additional_peak": 0, "increase_percent": 0.0, "tags": null }, "geometry": { "type": "MultiLineString", "coordinates": [ [ [ -122.0778260428, 38.0010548417, 0.0 ], [ -122.0868795911, 38.0093032432, 0.0 ] ] ] } },
{ "type": "Feature", "properties": { "route": "80", "current_peak": 8400, "additional_peak": 7300, "increase_percent": 86.904761904761912, "tags": [ "ccc-sf", "bay-bridge", "80", "80", "80" ] }, "geometry": { "type": "MultiLineString", "coordinates": [ [ [ -122.3021059743, 37.8260867615, 0.0 ], [ -122.3000607652, 37.826556875, 0.0 ] ] ] } },
{ "type": "Feature", "properties": { "route": "13", "current_peak": 15600, "additional_peak": 1668, "increase_percent": 10.692307692307693, "tags": null }, "geometry": { "type": "MultiLineString", "coordinates": [ [ [ -122.2927517809, 37.8503459479, 0.0 ], [ -122.2985031425, 37.8471647746, 0.0 ] ] ] } },
{ "type": "Feature", "properties": { "route": "80", "current_peak": 2500, "additional_peak": 535, "increase_percent": 21.4, "tags": [ "80" ] }, "geometry": { "type": "MultiLineString", "coordinates": [ [ [ -122.3191520714, 37.9227846089, 0.0 ], [ -122.3195232879, 37.9232813165, 0.0 ] ] ] } },
{ "type": "Feature", "properties": { "route": "238", "current_peak": 2900, "additional_peak": 263, "increase_percent": 9.0689655172413808, "tags": null }, "geometry": { "type": "MultiLineString", "coordinates": [ [ [ -121.9770047101, 37.5788159385, 0.0 ], [ -121.9868202791, 37.5796373689, 0.0 ] ] ] } },
{ "type": "Feature", "properties": { "route": "260", "current_peak": 1950, "additional_peak": 0, "increase_percent": 0.0, "tags": [ "tunnels" ] }, "geometry": { "type": "MultiLineString", "coordinates": [ [ [ -122.2766226274, 37.7808100866, 0.0 ], [ -122.2767041944, 37.7836869551, 0.0 ], [ -122.2784801952, 37.7874449559, 0.0 ], [ -122.2754567384, 37.7932216474, 0.0 ] ] ] } },
{ "type": "Feature", "properties": { "route": "24", "current_peak": 12300, "additional_peak": 2435, "increase_percent": 19.796747967479675, "tags": [ "ccc-sf", "24", "24" ] }, "geometry": { "type": "MultiLineString", "coordinates": [ [ [ -122.1901401899, 37.8723441669, 0.0 ], [ -122.1861977743, 37.8780670585, 0.0 ], [ -122.1814225836, 37.8819207191, 0.0 ], [ -122.178809575, 37.8858544417, 0.0 ] ] ] } },
{ "type": "Feature", "properties": { "route": "580", "current_peak": 11900, "additional_peak": 646, "increase_percent": 5.4285714285714288, "tags": null }, "geometry": { "type": "MultiLineString", "coordinates": [ [ [ -122.2128127812, 37.7973591088, 0.0 ], [ -122.2219278299, 37.7995443303, 0.0 ] ] ] } },
{ "type": "Feature", "properties": { "route": "82", "current_peak": 2750, "additional_peak": 0, "increase_percent": 0.0, "tags": null }, "geometry": { "type": "MultiLineString", "coordinates": [ [ [ -122.2689914281, 37.514433596, 0.0 ], [ -122.2827824238, 37.5260512258, 0.0 ], [ -122.2866715579, 37.5286710743, 0.0 ] ] ] } },
{ "type": "Feature", "properties": { "route": "280", "current_peak": 6700, "additional_peak": 0, "increase_percent": 0.0, "tags": null }, "geometry": { "type": "MultiLineString", "coordinates": [ [ [ -122.3038742979, 37.4943368386, 0.0 ], [ -122.3122807253, 37.4967373196, 0.0 ], [ -122.3195231344, 37.5002720957, 0.0 ], [ -122.3254937151, 37.5010275331, 0.0 ] ], [ [ -121.8918392195, 37.3240914449, 0.0 ], [ -121.8954459364, 37.3233675687, 0.0 ] ] ] } },
{ "type": "Feature", "properties": { "route": "580", "current_peak": 13800, "additional_peak": 646, "increase_percent": 4.6811594202898554, "tags": null }, "geometry": { "type": "MultiLineString", "coordinates": [ [ [ -122.2219278299, 37.7995443303, 0.0 ], [ -122.2282064025, 37.8008887258, 0.0 ], [ -122.2310001318, 37.8024690553, 0.0 ] ] ] } },
{ "type": "Feature", "properties": { "route": "82", "current_peak": 3150, "additional_peak": 0, "increase_percent": 0.0, "tags": null }, "geometry": { "type": "MultiLineString", "coordinates": [ [ [ -122.1514793915, 37.4298598578, 0.0 ], [ -122.1626753391, 37.4396831792, 0.0 ] ], [ [ -122.0344310898, 37.3686632413, 0.0 ], [ -122.0526837707, 37.3729217504, 0.0 ] ] ] } },
{ "type": "Feature", "properties": { "route": "17", "current_peak": 13500, "additional_peak": 0, "increase_percent": 0.0, "tags": null }, "geometry": { "type": "MultiLineString", "coordinates": [ [ [ -121.9404932197, 37.3057713175, 0.0 ], [ -121.9401850904, 37.3173259263, 0.0 ] ] ] } },
{ "type": "Feature", "properties": { "route": "84", "current_peak": 4950, "additional_peak": 23, "increase_percent": 0.4646464646464647, "tags": null }, "geometry": { "type": "MultiLineString", "coordinates": [ [ [ -122.0711154969, 37.5374448914, 0.0 ], [ -122.059860218, 37.5459562311, 0.0 ] ] ] } },
{ "type": "Feature", "properties": { "route": "4", "current_peak": 5300, "additional_peak": 0, "increase_percent": 0.0, "tags": null }, "geometry": { "type": "MultiLineString", "coordinates": [ [ [ -121.7444362997, 37.9528592337, 0.0 ], [ -121.7439511116, 37.9489371056, 0.0 ], [ -121.7371425035, 37.9346474467, 0.0 ] ] ] } },
{ "type": "Feature", "properties": { "route": "185", "current_peak": 2300, "additional_peak": 316, "increase_percent": 13.739130434782609, "tags": null }, "geometry": { "type": "MultiLineString", "coordinates": [ [ [ -122.2088065075, 37.7695530208, 0.0 ], [ -122.2139587258, 37.7719797959, 0.0 ] ], [ [ -122.1768779687, 37.7530957699, 0.0 ], [ -122.1784971767, 37.7551789597, 0.0 ], [ -122.1953175419, 37.76318948, 0.0 ] ] ] } },
{ "type": "Feature", "properties": { "route": "87", "current_peak": 9900, "additional_peak": 0, "increase_percent": 0.0, "tags": null }, "geometry": { "type": "MultiLineString", "coordinates": [ [ [ -121.8968202634, 37.3328277418, 0.0 ], [ -121.8977688525, 37.3376550696, 0.0 ], [ -121.8997205628, 37.3406520725, 0.0 ] ], [ [ -121.8587769001, 37.2651851977, 0.0 ], [ -121.8595485888, 37.268142123, 0.0 ], [ -121.862897891, 37.2742754388, 0.0 ] ] ] } },
{ "type": "Feature", "properties": { "route": "24", "current_peak": 13300, "additional_peak": 2419, "increase_percent": 18.18796992481203, "tags": [ "ccc-sf", "tunnels", "caldecott", "24", "24" ] }, "geometry": { "type": "MultiLineString", "coordinates": [ [ [ -122.2144192041, 37.8581078944, 0.0 ], [ -122.2102560275, 37.8619158113, 0.0 ], [ -122.2085031108, 37.8651398639, 0.0 ], [ -122.2058552795, 37.866472409, 0.0 ] ] ] } },
{ "type": "Feature", "properties": { "route": "680", "current_peak": 8600, "additional_peak": 103, "increase_percent": 1.1976744186046511, "tags": null }, "geometry": { "type": "MultiLineString", "coordinates": [ [ [ -121.873092013, 37.5965896701, 0.0 ], [ -121.8732183584, 37.5988097285, 0.0 ], [ -121.8717627499, 37.6019897255, 0.0 ], [ -121.8718008214, 37.604155988, 0.0 ], [ -121.8789980492, 37.6201483469, 0.0 ] ] ] } },
{ "type": "Feature", "properties": { "route": "24", "current_peak": 11500, "additional_peak": 2025, "increase_percent": 17.608695652173914, "tags": [ "ccc-sf", "24", "24" ] }, "geometry": { "type": "MultiLineString", "coordinates": [ [ [ -122.0707295845, 37.9021500058, 0.0 ], [ -122.0697118453, 37.9062853356, 0.0 ] ] ] } },
{ "type": "Feature", "properties": { "route": "80", "current_peak": 8000, "additional_peak": 5197, "increase_percent": 64.9625, "tags": [ "", "80", "80" ] }, "geometry": { "type": "MultiLineString", "coordinates": [ [ [ -122.2955644668, 37.8278912413, 0.0 ], [ -122.2941490927, 37.8295438906, 0.0 ], [ -122.2944337767, 37.8325525593, 0.0 ] ] ] } },
{ "type": "Feature", "properties": { "route": "84", "current_peak": 13400, "additional_peak": 104, "increase_percent": 0.77611940298507465, "tags": null }, "geometry": { "type": "MultiLineString", "coordinates": [ [ [ -122.1774065215, 37.4859950657, 0.0 ], [ -122.1654587358, 37.4827972734, 0.0 ] ] ] } },
{ "type": "Feature", "properties": { "route": "85", "current_peak": 8000, "additional_peak": 0, "increase_percent": 0.0, "tags": null }, "geometry": { "type": "MultiLineString", "coordinates": [ [ [ -121.9538145805, 37.2549358981, 0.0 ], [ -121.9560814467, 37.2556287704, 0.0 ] ] ] } },
{ "type": "Feature", "properties": { "route": "680", "current_peak": 12500, "additional_peak": 68, "increase_percent": 0.544, "tags": null }, "geometry": { "type": "MultiLineString", "coordinates": [ [ [ -121.9962304838, 37.8266993184, 0.0 ], [ -122.0046816417, 37.8322485814, 0.0 ] ] ] } },
{ "type": "Feature", "properties": { "route": "185", "current_peak": 2200, "additional_peak": 304, "increase_percent": 13.818181818181818, "tags": null }, "geometry": { "type": "MultiLineString", "coordinates": [ [ [ -122.1953921766, 37.7630909524, 0.0 ], [ -122.2088799545, 37.7694556524, 0.0 ] ] ] } },
{ "type": "Feature", "properties": { "route": "4", "current_peak": 2650, "additional_peak": 0, "increase_percent": 0.0, "tags": null }, "geometry": { "type": "MultiLineString", "coordinates": [ [ [ -121.7375532595, 37.9345243176, 0.0 ], [ -121.7328035615, 37.9240908905, 0.0 ], [ -121.7316293825, 37.9130657107, 0.0 ], [ -121.7302624279, 37.9109147638, 0.0 ], [ -121.727458974, 37.9085884534, 0.0 ] ], [ [ -121.6770376576, 37.8965292003, 0.0 ], [ -121.6413141536, 37.8964195717, 0.0 ], [ -121.641392272, 37.8909997085, 0.0 ], [ -121.6398538064, 37.8895269649, 0.0 ], [ -121.6216131195, 37.8892784955, 0.0 ] ] ] } },
{ "type": "Feature", "properties": { "route": "4", "current_peak": 10600, "additional_peak": 16, "increase_percent": 0.15094339622641509, "tags": null }, "geometry": { "type": "MultiLineString", "coordinates": [ [ [ -122.069851425, 37.9946716818, 0.0 ], [ -122.061725407, 37.9978713367, 0.0 ] ] ] } },
{ "type": "Feature", "properties": { "route": "880", "current_peak": 3400, "additional_peak": 2467, "increase_percent": 72.558823529411768, "tags": [ "880" ] }, "geometry": { "type": "MultiLineString", "coordinates": [ [ [ -122.2961596007, 37.8188521339, 0.0 ], [ -122.2966239981, 37.8205034918, 0.0 ], [ -122.2983554941, 37.8218482683, 0.0 ] ] ] } },
{ "type": "Feature", "properties": { "route": "580", "current_peak": 10100, "additional_peak": 723, "increase_percent": 7.1584158415841577, "tags": null }, "geometry": { "type": "MultiLineString", "coordinates": [ [ [ -122.1758840236, 37.7822861644, 0.0 ], [ -122.1791898488, 37.783800685, 0.0 ], [ -122.1858411778, 37.7840559441, 0.0 ] ] ] } },
{ "type": "Feature", "properties": { "route": "35", "current_peak": 460, "additional_peak": 0, "increase_percent": 0.0, "tags": null }, "geometry": { "type": "MultiLineString", "coordinates": [ [ [ -122.152686307, 37.2882022161, 0.0 ], [ -122.1532942686, 37.2895974304, 0.0 ], [ -122.1559242689, 37.2914874306, 0.0 ], [ -122.1642842703, 37.29459743, 0.0 ], [ -122.1643740812, 37.29795859, 0.0 ], [ -122.1616979452, 37.3010779679, 0.0 ], [ -122.1616091297, 37.3020802352, 0.0 ], [ -122.1628207584, 37.3046274763, 0.0 ], [ -122.1670242721, 37.3070274317, 0.0 ], [ -122.1684382725, 37.3093934312, 0.0 ], [ -122.1761242742, 37.3128374309, 0.0 ], [ -122.1798640398, 37.312379994, 0.0 ], [ -122.1817113335, 37.3141963571, 0.0 ], [ -122.1841517094, 37.31367097, 0.0 ], [ -122.1858953789, 37.3139279523, 0.0 ], [ -122.1905942775, 37.3180474305, 0.0 ], [ -122.1970889183, 37.3202668156, 0.0 ], [ -122.2009995632, 37.3230503093, 0.0 ], [ -122.2048580977, 37.3247007024, 0.0 ], [ -122.2097435144, 37.328862076, 0.0 ], [ -122.2110256618, 37.3307978329, 0.0 ], [ -122.2148656327, 37.3330335461, 0.0 ], [ -122.2170225398, 37.3353781381, 0.0 ], [ -122.2170008706, 37.3389486133, 0.0 ], [ -122.2176159794, 37.3399548631, 0.0 ], [ -122.2286571201, 37.3451033431, 0.0 ] ] ] } },
{ "type": "Feature", "properties": { "route": "80", "current_peak": 17700, "additional_peak": 731, "increase_percent": 4.129943502824859, "tags": [ "80" ] }, "geometry": { "type": "MultiLineString", "coordinates": [ [ [ -122.3053292565, 37.8722192493, 0.0 ], [ -122.3082093897, 37.8826095485, 0.0 ] ] ] } },
{ "type": "Feature", "properties": { "route": "84", "current_peak": 7200, "additional_peak": 22, "increase_percent": 0.30555555555555558, "tags": [ "bridges" ] }, "geometry": { "type": "MultiLineString", "coordinates": [ [ [ -122.1459084621, 37.4836421337, 0.0 ], [ -122.1363382465, 37.4922213597, 0.0 ] ] ] } },
{ "type": "Feature", "properties": { "route": "262", "current_peak": 8500, "additional_peak": 724, "increase_percent": 8.5176470588235293, "tags": null }, "geometry": { "type": "MultiLineString", "coordinates": [ [ [ -121.9260118133, 37.4930594356, 0.0 ], [ -121.9233035265, 37.4955765826, 0.0 ] ] ] } },
{ "type": "Feature", "properties": { "route": "101", "current_peak": 16600, "additional_peak": 87, "increase_percent": 0.52409638554216875, "tags": null }, "geometry": { "type": "MultiLineString", "coordinates": [ [ [ -122.0971515676, 37.4245454532, 0.0 ], [ -122.1121513605, 37.4386946778, 0.0 ] ] ] } },
{ "type": "Feature", "properties": { "route": "1", "current_peak": 1100, "additional_peak": 0, "increase_percent": 0.0, "tags": null }, "geometry": { "type": "MultiLineString", "coordinates": [ [ [ -122.4212441027, 37.4076248081, 0.0 ], [ -122.4263352822, 37.4239698716, 0.0 ], [ -122.4278874208, 37.4408976773, 0.0 ] ] ] } },
{ "type": "Feature", "properties": { "route": "82", "current_peak": 3550, "additional_peak": 0, "increase_percent": 0.0, "tags": null }, "geometry": { "type": "MultiLineString", "coordinates": [ [ [ -122.1190616744, 37.4054809307, 0.0 ], [ -122.1269331302, 37.4148949348, 0.0 ], [ -122.1316411395, 37.4177346133, 0.0 ] ] ] } },
{ "type": "Feature", "properties": { "route": "580", "current_peak": 13400, "additional_peak": 723, "increase_percent": 5.3955223880597014, "tags": null }, "geometry": { "type": "MultiLineString", "coordinates": [ [ [ -122.1600656019, 37.7742176796, 0.0 ], [ -122.1687923238, 37.7784031421, 0.0 ] ] ] } },
{ "type": "Feature", "properties": { "route": "680", "current_peak": 11800, "additional_peak": 3, "increase_percent": 0.025423728813559324, "tags": null }, "geometry": { "type": "MultiLineString", "coordinates": [ [ [ -121.8685415789, 37.389793378, 0.0 ], [ -121.8729621895, 37.3940385186, 0.0 ], [ -121.8748315313, 37.3970478213, 0.0 ] ] ] } },
{ "type": "Feature", "properties": { "route": "680", "current_peak": 9100, "additional_peak": 0, "increase_percent": 0.0, "tags": null }, "geometry": { "type": "MultiLineString", "coordinates": [ [ [ -122.0776802293, 38.0011589613, 0.0 ], [ -122.0973833504, 38.0195579247, 0.0 ] ] ] } },
{ "type": "Feature", "properties": { "route": "84", "current_peak": 1050, "additional_peak": 0, "increase_percent": 0.0, "tags": null }, "geometry": { "type": "MultiLineString", "coordinates": [ [ [ -121.8704703184, 37.5932090872, 0.0 ], [ -121.8679700098, 37.5950982477, 0.0 ], [ -121.8594387401, 37.597214111, 0.0 ], [ -121.8530876914, 37.5980248589, 0.0 ], [ -121.8486767839, 37.6010161354, 0.0 ] ] ] } },
{ "type": "Feature", "properties": { "route": "280", "current_peak": 12700, "additional_peak": 0, "increase_percent": 0.0, "tags": null }, "geometry": { "type": "MultiLineString", "coordinates": [ [ [ -121.9039111819, 37.3177402085, 0.0 ], [ -121.9089020952, 37.3153411212, 0.0 ], [ -121.9113080952, 37.3148211226, 0.0 ], [ -121.9138120961, 37.3149991222, 0.0 ], [ -121.9207197213, 37.3169329565, 0.0 ] ] ] } },
{ "type": "Feature", "properties": { "route": "152", "current_peak": 2400, "additional_peak": 0, "increase_percent": 0.0, "tags": null }, "geometry": { "type": "MultiLineString", "coordinates": [ [ [ -121.5213363814, 37.0027252817, 0.0 ], [ -121.5166029938, 37.0095649428, 0.0 ], [ -121.5153737616, 37.0098627501, 0.0 ], [ -121.4937329871, 36.9896949436, 0.0 ], [ -121.4834629851, 36.9856149434, 0.0 ], [ -121.4738929835, 36.9838749435, 0.0 ], [ -121.4667782106, 36.9832346663, 0.0 ], [ -121.4650815221, 36.9837184043, 0.0 ], [ -121.4632940781, 36.9851878636, 0.0 ] ], [ [ -121.4622497894, 36.9857372668, 0.0 ], [ -121.4581655176, 36.987652139, 0.0 ], [ -121.4544108292, 36.9878116652, 0.0 ], [ -121.4510729797, 36.9890749467, 0.0 ], [ -121.44917298, 36.9888749459, 0.0 ], [ -121.4411629784, 36.9845649453, 0.0 ], [ -121.4390829779, 36.9822449463, 0.0 ], [ -121.4377555024, 36.9785929533, 0.0 ] ] ] } },
{ "type": "Feature", "properties": { "route": "101", "current_peak": 16900, "additional_peak": 85, "increase_percent": 0.50295857988165682, "tags": null }, "geometry": { "type": "MultiLineString", "coordinates": [ [ [ -122.3003661436, 37.5581202601, 0.0 ], [ -122.3191082543, 37.5756738307, 0.0 ] ] ] } },
{ "type": "Feature", "properties": { "route": "237", "current_peak": 10100, "additional_peak": 171, "increase_percent": 1.6930693069306932, "tags": null }, "geometry": { "type": "MultiLineString", "coordinates": [ [ [ -121.8978923066, 37.4325415191, 0.0 ], [ -121.888486761, 37.4346273051, 0.0 ] ] ] } },
{ "type": "Feature", "properties": { "route": "680", "current_peak": 12000, "additional_peak": 68, "increase_percent": 0.56666666666666665, "tags": null }, "geometry": { "type": "MultiLineString", "coordinates": [ [ [ -121.9309581206, 37.712498396, 0.0 ], [ -121.9410525414, 37.7247405734, 0.0 ], [ -121.9534725897, 37.7415056385, 0.0 ] ] ] } },
{ "type": "Feature", "properties": { "route": "237", "current_peak": 7700, "additional_peak": 18, "increase_percent": 0.23376623376623376, "tags": null }, "geometry": { "type": "MultiLineString", "coordinates": [ [ [ -122.0041988665, 37.4079560723, 0.0 ], [ -121.9878791258, 37.4115646714, 0.0 ] ] ] } },
{ "type": "Feature", "properties": { "route": "4", "current_peak": 12700, "additional_peak": 318, "increase_percent": 2.5039370078740157, "tags": null }, "geometry": { "type": "MultiLineString", "coordinates": [ [ [ -121.8522752621, 38.0078601133, 0.0 ], [ -121.8294935172, 38.0015582654, 0.0 ] ] ] } },
{ "type": "Feature", "properties": { "route": "13", "current_peak": 13200, "additional_peak": 2379, "increase_percent": 18.022727272727273, "tags": [ "" ] }, "geometry": { "type": "MultiLineString", "coordinates": [ [ [ -122.2282492085, 37.8488788936, 0.0 ], [ -122.2322396108, 37.8505855186, 0.0 ], [ -122.2335659213, 37.8522401963, 0.0 ], [ -122.2359443861, 37.8536144771, 0.0 ] ] ] } },
{ "type": "Feature", "properties": { "route": "80", "current_peak": 6200, "additional_peak": 7363, "increase_percent": 118.75806451612902, "tags": [ "ccc-sf", "bridges", "bay-bridge", "80", "80", "80" ] }, "geometry": { "type": "MultiLineString", "coordinates": [ [ [ -122.3929957548, 37.7847925985, 0.0 ], [ -122.3911666871, 37.7858239552, 0.0 ], [ -122.3789539218, 37.7970270791, 0.0 ] ] ] } },
{ "type": "Feature", "properties": { "route": "84", "current_peak": 1000, "additional_peak": 0, "increase_percent": 0.0, "tags": null }, "geometry": { "type": "MultiLineString", "coordinates": [ [ [ -122.3998774923, 37.3245543596, 0.0 ], [ -122.3929203064, 37.3246992265, 0.0 ] ], [ [ -122.265777593, 37.3841900476, 0.0 ], [ -122.2671916635, 37.3850913243, 0.0 ], [ -122.2671525185, 37.3861599604, 0.0 ], [ -122.2636647097, 37.3862372187, 0.0 ] ], [ [ -122.2623266679, 37.3875336175, 0.0 ], [ -122.2638297715, 37.38914387, 0.0 ], [ -122.2614769607, 37.3902974325, 0.0 ], [ -122.2611800037, 37.3915842466, 0.0 ], [ -122.2622704956, 37.3923087444, 0.0 ], [ -122.2607209988, 37.3930432634, 0.0 ], [ -122.25787169, 37.3923701775, 0.0 ], [ -122.256647801, 37.3930909401, 0.0 ], [ -122.2571468747, 37.3961412049, 0.0 ] ] ] } },
{ "type": "Feature", "properties": { "route": "580", "current_peak": 13700, "additional_peak": 661, "increase_percent": 4.8248175182481745, "tags": null }, "geometry": { "type": "MultiLineString", "coordinates": [ [ [ -121.9289599043, 37.69974588, 0.0 ], [ -121.9357627058, 37.6984713526, 0.0 ], [ -121.9574547095, 37.6986113511, 0.0 ], [ -121.9679837102, 37.6973813491, 0.0 ], [ -121.9780504971, 37.6986126077, 0.0 ] ] ] } },
{ "type": "Feature", "properties": { "route": "101", "current_peak": 6600, "additional_peak": 87, "increase_percent": 1.3181818181818181, "tags": null }, "geometry": { "type": "MultiLineString", "coordinates": [ [ [ -122.0316865957, 37.3998893997, 0.0 ], [ -122.0356861788, 37.4007753181, 0.0 ] ] ] } },
{ "type": "Feature", "properties": { "route": "580", "current_peak": 11000, "additional_peak": 1077, "increase_percent": 9.790909090909091, "tags": null }, "geometry": { "type": "MultiLineString", "coordinates": [ [ [ -122.1150960232, 37.7044156164, 0.0 ], [ -122.1209487335, 37.7073253407, 0.0 ], [ -122.123419551, 37.7091867553, 0.0 ] ] ] } },
{ "type": "Feature", "properties": { "route": "185", "current_peak": 1150, "additional_peak": 2259, "increase_percent": 196.43478260869566, "tags": null }, "geometry": { "type": "MultiLineString", "coordinates": [ [ [ -122.215693429, 37.7728142986, 0.0 ], [ -122.2162145232, 37.7730098033, 0.0 ] ] ] } },
{ "type": "Feature", "properties": { "route": "580", "current_peak": 10900, "additional_peak": 718, "increase_percent": 6.5871559633027532, "tags": null }, "geometry": { "type": "MultiLineString", "coordinates": [ [ [ -122.1376320841, 37.7258008271, 0.0 ], [ -122.1395462864, 37.7339991986, 0.0 ] ] ] } },
{ "type": "Feature", "properties": { "route": "13", "current_peak": 2900, "additional_peak": 1204, "increase_percent": 41.517241379310342, "tags": null }, "geometry": { "type": "MultiLineString", "coordinates": [ [ [ -122.2778837006, 37.8534457405, 0.0 ], [ -122.2866889863, 37.85216623, 0.0 ] ] ] } },
{ "type": "Feature", "properties": { "route": "580", "current_peak": 8400, "additional_peak": 7060, "increase_percent": 84.047619047619051, "tags": [ "ccc-sf", "bay-bridge" ] }, "geometry": { "type": "MultiLineString", "coordinates": [ [ [ -122.2990856317, 37.8262235981, 0.0 ], [ -122.3020041298, 37.8256297412, 0.0 ] ] ] } },
{ "type": "Feature", "properties": { "route": "680", "current_peak": 13900, "additional_peak": 3, "increase_percent": 0.021582733812949641, "tags": null }, "geometry": { "type": "MultiLineString", "coordinates": [ [ [ -121.8437116861, 37.3638086643, 0.0 ], [ -121.8465873455, 37.3681959818, 0.0 ], [ -121.8546067397, 37.3762094061, 0.0 ] ] ] } },
{ "type": "Feature", "properties": { "route": "4", "current_peak": 5000, "additional_peak": 18, "increase_percent": 0.36, "tags": null }, "geometry": { "type": "MultiLineString", "coordinates": [ [ [ -122.2165413077, 38.0073093922, 0.0 ], [ -122.2136217176, 38.0071813227, 0.0 ], [ -122.2055627793, 38.0087888159, 0.0 ], [ -122.1911942973, 38.0151650041, 0.0 ], [ -122.1860071626, 38.0161783989, 0.0 ], [ -122.1781282566, 38.0150995378, 0.0 ], [ -122.1655641055, 38.0063182787, 0.0 ], [ -122.1570218458, 38.0052269782, 0.0 ], [ -122.1536189012, 38.003499203, 0.0 ] ] ] } },
{ "type": "Feature", "properties": { "route": "237", "current_peak": 10800, "additional_peak": 15, "increase_percent": 0.1388888888888889, "tags": null }, "geometry": { "type": "MultiLineString", "coordinates": [ [ [ -121.9497161748, 37.419463021, 0.0 ], [ -121.9437401318, 37.4194953702, 0.0 ], [ -121.9313720422, 37.4222527704, 0.0 ] ] ] } },
{ "type": "Feature", "properties": { "route": "101", "current_peak": 2800, "additional_peak": 0, "increase_percent": 0.0, "tags": null }, "geometry": { "type": "MultiLineString", "coordinates": [ [ [ -122.4233507448, 37.7958636875, 0.0 ], [ -122.4245771876, 37.8013600775, 0.0 ], [ -122.4346334986, 37.8000932433, 0.0 ] ] ] } },
{ "type": "Feature", "properties": { "route": "1", "current_peak": 1700, "additional_peak": 0, "increase_percent": 0.0, "tags": null }, "geometry": { "type": "MultiLineString", "coordinates": [ [ [ -122.5021552056, 37.5186271718, 0.0 ], [ -122.508631344, 37.5226603994, 0.0 ], [ -122.5162075501, 37.5303365387, 0.0 ], [ -122.5176970934, 37.5331823749, 0.0 ], [ -122.5178731731, 37.5358664067, 0.0 ], [ -122.5160288707, 37.542497162, 0.0 ], [ -122.5119288708, 37.5494081617, 0.0 ], [ -122.5129033435, 37.5560656245, 0.0 ], [ -122.5146466267, 37.5584427356, 0.0 ], [ -122.5131999142, 37.5600274564, 0.0 ], [ -122.5134707775, 37.5614148464, 0.0 ] ] ] } },
{ "type": "Feature", "properties": { "route": "13", "current_peak": 2900, "additional_peak": 148, "increase_percent": 5.1034482758620694, "tags": null }, "geometry": { "type": "MultiLineString", "coordinates": [ [ [ -122.2524982997, 37.8570825509, 0.0 ], [ -122.2644325245, 37.8555293032, 0.0 ] ] ] } },
{ "type": "Feature", "properties": { "route": "101", "current_peak": 14900, "additional_peak": 409, "increase_percent": 2.7449664429530203, "tags": null }, "geometry": { "type": "MultiLineString", "coordinates": [ [ [ -122.4001186984, 37.7212501215, 0.0 ], [ -122.4034164277, 37.7295573389, 0.0 ] ] ] } },
{ "type": "Feature", "properties": { "route": "17", "current_peak": 6900, "additional_peak": 0, "increase_percent": 0.0, "tags": null }, "geometry": { "type": "MultiLineString", "coordinates": [ [ [ -121.9806146927, 37.22248532, 0.0 ], [ -121.9746391332, 37.2269623469, 0.0 ], [ -121.9685848942, 37.2386461858, 0.0 ] ] ] } },
{ "type": "Feature", "properties": { "route": "35", "current_peak": 2850, "additional_peak": 0, "increase_percent": 0.0, "tags": null }, "geometry": { "type": "MultiLineString", "coordinates": [ [ [ -122.4448080888, 37.6212730491, 0.0 ], [ -122.4482039036, 37.6257601547, 0.0 ], [ -122.4546989522, 37.6323570211, 0.0 ] ] ] } },
{ "type": "Feature", "properties": { "route": "24", "current_peak": 8200, "additional_peak": 2465, "increase_percent": 30.060975609756095, "tags": [ "ccc-sf", "24", "24" ] }, "geometry": { "type": "MultiLineString", "coordinates": [ [ [ -122.2282569141, 37.8488685868, 0.0 ], [ -122.2259620148, 37.8487986504, 0.0 ], [ -122.2238649818, 37.8497961789, 0.0 ] ] ] } },
{ "type": "Feature", "properties": { "route": "185", "current_peak": 2100, "additional_peak": 375, "increase_percent": 17.857142857142858, "tags": null }, "geometry": { "type": "MultiLineString", "coordinates": [ [ [ -122.1239853822, 37.7021173785, 0.0 ], [ -122.1358320779, 37.710409043, 0.0 ] ] ] } },
{ "type": "Feature", "properties": { "route": "17", "current_peak": 4850, "additional_peak": 0, "increase_percent": 0.0, "tags": null }, "geometry": { "type": "MultiLineString", "coordinates": [ [ [ -121.9918612184, 37.2047320135, 0.0 ], [ -121.9897189641, 37.2079058361, 0.0 ], [ -121.9899569126, 37.2107790367, 0.0 ], [ -121.9878778589, 37.2132655733, 0.0 ], [ -121.9884281093, 37.2170161976, 0.0 ], [ -121.9867496411, 37.2188382849, 0.0 ] ] ] } },
{ "type": "Feature", "properties": { "route": "580", "current_peak": 10200, "additional_peak": 1118, "increase_percent": 10.96078431372549, "tags": null }, "geometry": { "type": "MultiLineString", "coordinates": [ [ [ -122.092927534, 37.6901633174, 0.0 ], [ -122.0974705368, 37.6901105277, 0.0 ] ] ] } },
{ "type": "Feature", "properties": { "route": "4", "current_peak": 1650, "additional_peak": 0, "increase_percent": 0.0, "tags": null }, "geometry": { "type": "MultiLineString", "coordinates": [ [ [ -121.727458974, 37.9085884534, 0.0 ], [ -121.7211660666, 37.9040209422, 0.0 ], [ -121.7168424473, 37.8982195666, 0.0 ], [ -121.7127763265, 37.8957864158, 0.0 ], [ -121.7084256643, 37.8963477918, 0.0 ], [ -121.6770376576, 37.8965292003, 0.0 ] ] ] } },
{ "type": "Feature", "properties": { "route": "280", "current_peak": 12800, "additional_peak": 2084, "increase_percent": 16.28125, "tags": null }, "geometry": { "type": "MultiLineString", "coordinates": [ [ [ -122.4431352001, 37.7285879865, 0.0 ], [ -122.4368011008, 37.7310672122, 0.0 ], [ -122.4303000217, 37.7323818256, 0.0 ] ] ] } },
{ "type": "Feature", "properties": { "route": "84", "current_peak": 850, "additional_peak": 0, "increase_percent": 0.0, "tags": null }, "geometry": { "type": "MultiLineString", "coordinates": [ [ [ -122.3929203064, 37.3246992265, 0.0 ], [ -122.3855630583, 37.3271893638, 0.0 ], [ -122.3824734915, 37.330646859, 0.0 ], [ -122.3788958081, 37.3316104021, 0.0 ], [ -122.3714194911, 37.3292978606, 0.0 ], [ -122.3667194894, 37.3297558603, 0.0 ], [ -122.3635923021, 37.3271025136, 0.0 ], [ -122.357991052, 37.3268336356, 0.0 ], [ -122.3545075183, 37.3272714571, 0.0 ], [ -122.3517029618, 37.3258557952, 0.0 ], [ -122.3464814872, 37.3256198625, 0.0 ], [ -122.3447614847, 37.3245728627, 0.0 ], [ -122.3433834825, 37.322522416, 0.0 ], [ -122.3407280778, 37.321857705, 0.0 ], [ -122.3371541412, 37.3189942045, 0.0 ], [ -122.3331685086, 37.3185864243, 0.0 ], [ -122.3316861033, 37.3166995119, 0.0 ], [ -122.3280050767, 37.3139845477, 0.0 ], [ -122.3198129866, 37.3118241977, 0.0 ], [ -122.3091508601, 37.3138028006, 0.0 ], [ -122.3054477835, 37.3161986374, 0.0 ], [ -122.3014064777, 37.3166288622, 0.0 ], [ -122.2992700396, 37.3179511281, 0.0 ], [ -122.2957134064, 37.318490059, 0.0 ], [ -122.2947037431, 37.3178487152, 0.0 ], [ -122.29450226, 37.3149874924, 0.0 ], [ -122.2933958105, 37.3145877431, 0.0 ], [ -122.291156738, 37.315234956, 0.0 ], [ -122.2895952712, 37.3124311535, 0.0 ], [ -122.2871563236, 37.3134638368, 0.0 ], [ -122.2839255542, 37.3135003292, 0.0 ], [ -122.2822932435, 37.3124343314, 0.0 ], [ -122.2817853163, 37.3108867239, 0.0 ], [ -122.2801902308, 37.3110228377, 0.0 ], [ -122.2783436431, 37.3102695277, 0.0 ], [ -122.2754986921, 37.3126330175, 0.0 ], [ -122.2760150357, 37.3141749085, 0.0 ], [ -122.274535181, 37.3155358719, 0.0 ] ] ] } },
{ "type": "Feature", "properties": { "route": "880", "current_peak": 12800, "additional_peak": 691, "increase_percent": 5.3984375, "tags": [ "880" ] }, "geometry": { "type": "MultiLineString", "coordinates": [ [ [ -122.0450040148, 37.570442072, 0.0 ], [ -122.0494005037, 37.5821295459, 0.0 ], [ -122.0538777799, 37.5890196768, 0.0 ] ] ] } },
{ "type": "Feature", "properties": { "route": "580", "current_peak": 10900, "additional_peak": 696, "increase_percent": 6.3853211009174311, "tags": null }, "geometry": { "type": "MultiLineString", "coordinates": [ [ [ -122.3097823125, 37.8948268842, 0.0 ], [ -122.3112487846, 37.8967795367, 0.0 ] ] ] } },
{ "type": "Feature", "properties": { "route": "580", "current_peak": 19300, "additional_peak": 4605, "increase_percent": 23.860103626943005, "tags": [ "ccc-sf", "bay-bridge" ] }, "geometry": { "type": "MultiLineString", "coordinates": [ [ [ -122.2954398256, 37.8272396663, 0.0 ], [ -122.2990856317, 37.8262235981, 0.0 ] ] ] } },
{ "type": "Feature", "properties": { "route": "101", "current_peak": 16600, "additional_peak": 83, "increase_percent": 0.5, "tags": null }, "geometry": { "type": "MultiLineString", "coordinates": [ [ [ -122.1123348179, 37.4385731104, 0.0 ], [ -122.1253219443, 37.4508861282, 0.0 ], [ -122.1317046134, 37.4549480214, 0.0 ] ] ] } },
{ "type": "Feature", "properties": { "route": "238", "current_peak": 10200, "additional_peak": 1128, "increase_percent": 11.058823529411764, "tags": null }, "geometry": { "type": "MultiLineString", "coordinates": [ [ [ -122.1334243881, 37.6904121436, 0.0 ], [ -122.1370661742, 37.6900488729, 0.0 ] ] ] } },
{ "type": "Feature", "properties": { "route": "82", "current_peak": 4800, "additional_peak": 107, "increase_percent": 2.229166666666667, "tags": null }, "geometry": { "type": "MultiLineString", "coordinates": [ [ [ -122.4191486006, 37.6332245174, 0.0 ], [ -122.426262323, 37.6443697301, 0.0 ] ] ] } },
{ "type": "Feature", "properties": { "route": "35", "current_peak": 460, "additional_peak": 0, "increase_percent": 0.0, "tags": null }, "geometry": { "type": "MultiLineString", "coordinates": [ [ [ -122.3497912678, 37.5118109595, 0.0 ], [ -122.3544880205, 37.5169170069, 0.0 ] ], [ [ -122.152686307, 37.2882022161, 0.0 ], [ -122.1532942686, 37.2895974304, 0.0 ], [ -122.1559242689, 37.2914874306, 0.0 ], [ -122.1642842703, 37.29459743, 0.0 ], [ -122.1643740812, 37.29795859, 0.0 ], [ -122.1616979452, 37.3010779679, 0.0 ], [ -122.1616091297, 37.3020802352, 0.0 ], [ -122.1628207584, 37.3046274763, 0.0 ], [ -122.1670242721, 37.3070274317, 0.0 ], [ -122.1684382725, 37.3093934312, 0.0 ], [ -122.1761242742, 37.3128374309, 0.0 ], [ -122.1798640398, 37.312379994, 0.0 ], [ -122.1817113335, 37.3141963571, 0.0 ], [ -122.1841517094, 37.31367097, 0.0 ], [ -122.1858953789, 37.3139279523, 0.0 ], [ -122.1905942775, 37.3180474305, 0.0 ], [ -122.1970889183, 37.3202668156, 0.0 ], [ -122.2009995632, 37.3230503093, 0.0 ], [ -122.2048580977, 37.3247007024, 0.0 ], [ -122.2097435144, 37.328862076, 0.0 ], [ -122.2110256618, 37.3307978329, 0.0 ], [ -122.2148656327, 37.3330335461, 0.0 ], [ -122.2170225398, 37.3353781381, 0.0 ], [ -122.2170008706, 37.3389486133, 0.0 ], [ -122.2176159794, 37.3399548631, 0.0 ], [ -122.2286571201, 37.3451033431, 0.0 ] ] ] } },
{ "type": "Feature", "properties": { "route": "101", "current_peak": 3050, "additional_peak": 1574, "increase_percent": 51.606557377049178, "tags": null }, "geometry": { "type": "MultiLineString", "coordinates": [ [ [ -122.4136785065, 37.7694723417, 0.0 ], [ -122.4164610464, 37.7695795774, 0.0 ], [ -122.4193321034, 37.7699750434, 0.0 ], [ -122.4212758582, 37.7701409922, 0.0 ], [ -122.4234591228, 37.7718651271, 0.0 ] ], [ [ -122.4178579123, 37.7697753696, 0.0 ], [ -122.4199393089, 37.7780923687, 0.0 ] ], [ [ -122.4179215588, 37.7692455006, 0.0 ], [ -122.4178599344, 37.7697621909, 0.0 ] ] ] } },
{ "type": "Feature", "properties": { "route": "80", "current_peak": 13200, "additional_peak": 18, "increase_percent": 0.13636363636363638, "tags": [ "80" ] }, "geometry": { "type": "MultiLineString", "coordinates": [ [ [ -122.3268223796, 37.9348790278, 0.0 ], [ -122.3244813851, 37.9402350224, 0.0 ] ] ] } },
{ "type": "Feature", "properties": { "route": "84", "current_peak": 8600, "additional_peak": 103, "increase_percent": 1.1976744186046511, "tags": null }, "geometry": { "type": "MultiLineString", "coordinates": [ [ [ -121.848550697, 37.6010393165, 0.0 ], [ -121.8466380222, 37.6023794978, 0.0 ], [ -121.8289256334, 37.6076751123, 0.0 ], [ -121.826142632, 37.6094181109, 0.0 ], [ -121.8216764931, 37.6110223235, 0.0 ], [ -121.8159126925, 37.6147240326, 0.0 ] ] ] } },
{ "type": "Feature", "properties": { "route": "80", "current_peak": 15600, "additional_peak": 3204, "increase_percent": 20.53846153846154, "tags": [ "80" ] }, "geometry": { "type": "MultiLineString", "coordinates": [ [ [ -122.4075381338, 37.7689032567, 0.0 ], [ -122.4059069202, 37.7690632461, 0.0 ] ], [ [ -122.4049193111, 37.7660757553, 0.0 ], [ -122.4051601108, 37.7691364931, 0.0 ] ] ] } },
{ "type": "Feature", "properties": { "route": "580", "current_peak": 12000, "additional_peak": 718, "increase_percent": 5.9833333333333334, "tags": null }, "geometry": { "type": "MultiLineString", "coordinates": [ [ [ -122.1500468441, 37.7635141777, 0.0 ], [ -122.1555767467, 37.771314342, 0.0 ], [ -122.1599495297, 37.7743444736, 0.0 ] ] ] } },
{ "type": "Feature", "properties": { "route": "87", "current_peak": 6700, "additional_peak": 0, "increase_percent": 0.0, "tags": null }, "geometry": { "type": "MultiLineString", "coordinates": [ [ [ -121.8921561617, 37.323983645, 0.0 ], [ -121.8938447627, 37.3265466104, 0.0 ] ] ] } },
{ "type": "Feature", "properties": { "route": "101", "current_peak": 15000, "additional_peak": 79, "increase_percent": 0.52666666666666673, "tags": null }, "geometry": { "type": "MultiLineString", "coordinates": [ [ [ -122.3265875842, 37.5823161192, 0.0 ], [ -122.3298979905, 37.5853031235, 0.0 ], [ -122.3323209885, 37.5863921239, 0.0 ], [ -122.3439425845, 37.5868900712, 0.0 ] ] ] } },
{ "type": "Feature", "properties": { "route": "80", "current_peak": 19300, "additional_peak": 4605, "increase_percent": 23.860103626943005, "tags": [ "ccc-sf", "bay-bridge", "80", "80", "80" ] }, "geometry": { "type": "MultiLineString", "coordinates": [ [ [ -122.2995024257, 37.8263660483, 0.0 ], [ -122.2954605161, 37.8273478288, 0.0 ] ] ] } },
{ "type": "Feature", "properties": { "route": "35", "current_peak": 10000, "additional_peak": 0, "increase_percent": 0.0, "tags": null }, "geometry": { "type": "MultiLineString", "coordinates": [ [ [ -122.3544880205, 37.5169170069, 0.0 ], [ -122.3565816807, 37.520587935, 0.0 ], [ -122.3573215008, 37.5242252456, 0.0 ], [ -122.3584657281, 37.5249831455, 0.0 ] ] ] } },
{ "type": "Feature", "properties": { "route": "80", "current_peak": 17700, "additional_peak": 684, "increase_percent": 3.8644067796610173, "tags": [ "80" ] }, "geometry": { "type": "MultiLineString", "coordinates": [ [ [ -122.3084592134, 37.8825784463, 0.0 ], [ -122.3091376068, 37.8882319051, 0.0 ] ] ] } },
{ "type": "Feature", "properties": { "route": "280", "current_peak": 12800, "additional_peak": 38, "increase_percent": 0.296875, "tags": null }, "geometry": { "type": "MultiLineString", "coordinates": [ [ [ -122.4568949821, 37.6545954029, 0.0 ], [ -122.4650348466, 37.6614596435, 0.0 ], [ -122.4656138044, 37.6665056014, 0.0 ] ] ] } },
{ "type": "Feature", "properties": { "route": "880", "current_peak": 12800, "additional_peak": 713, "increase_percent": 5.5703125, "tags": [ "880" ] }, "geometry": { "type": "MultiLineString", "coordinates": [ [ [ -121.9770547981, 37.5153438752, 0.0 ], [ -121.9841533009, 37.5208440038, 0.0 ], [ -121.9949150267, 37.526216454, 0.0 ] ] ] } },
{ "type": "Feature", "properties": { "route": "880", "current_peak": 12800, "additional_peak": 714, "increase_percent": 5.578125, "tags": [ "880" ] }, "geometry": { "type": "MultiLineString", "coordinates": [ [ [ -121.9773105686, 37.515128927, 0.0 ], [ -121.9843356741, 37.5206013696, 0.0 ], [ -121.9951057109, 37.5259772613, 0.0 ] ] ] } },
{ "type": "Feature", "properties": { "route": "87", "current_peak": 11300, "additional_peak": 0, "increase_percent": 0.0, "tags": null }, "geometry": { "type": "MultiLineString", "coordinates": [ [ [ -121.8751659242, 37.2992140883, 0.0 ], [ -121.8823940273, 37.3086009943, 0.0 ] ] ] } },
{ "type": "Feature", "properties": { "route": "84", "current_peak": 10400, "additional_peak": 103, "increase_percent": 0.99038461538461542, "tags": null }, "geometry": { "type": "MultiLineString", "coordinates": [ [ [ -121.8767701622, 37.5905511947, 0.0 ], [ -121.8708640996, 37.588878278, 0.0 ] ] ] } },
{ "type": "Feature", "properties": { "route": "280", "current_peak": 6400, "additional_peak": 2060, "increase_percent": 32.1875, "tags": null }, "geometry": { "type": "MultiLineString", "coordinates": [ [ [ -122.4186018097, 37.7318666596, 0.0 ], [ -122.4152822034, 37.7320173335, 0.0 ], [ -122.4095166447, 37.734248453, 0.0 ] ] ] } },
{ "type": "Feature", "properties": { "route": "123", "current_peak": 1950, "additional_peak": 439, "increase_percent": 22.512820512820515, "tags": null }, "geometry": { "type": "MultiLineString", "coordinates": [ [ [ -122.2984560343, 37.8884908048, 0.0 ], [ -122.300419346, 37.8945935301, 0.0 ] ] ] } },
{ "type": "Feature", "properties": { "route": "101", "current_peak": 10300, "additional_peak": 83, "increase_percent": 0.80582524271844669, "tags": null }, "geometry": { "type": "MultiLineString", "coordinates": [ [ [ -122.0356210172, 37.4005652702, 0.0 ], [ -122.0434001253, 37.4022571936, 0.0 ] ] ] } },
{ "type": "Feature", "properties": { "route": "4", "current_peak": 12900, "additional_peak": 18, "increase_percent": 0.13953488372093023, "tags": null }, "geometry": { "type": "MultiLineString", "coordinates": [ [ [ -122.2693596722, 38.0150529529, 0.0 ], [ -122.2625767468, 38.013320639, 0.0 ] ] ] } },
{ "type": "Feature", "properties": { "route": "87", "current_peak": 10000, "additional_peak": 0, "increase_percent": 0.0, "tags": null }, "geometry": { "type": "MultiLineString", "coordinates": [ [ [ -121.9087483991, 37.3499267564, 0.0 ], [ -121.9169304925, 37.361870472, 0.0 ] ] ] } },
{ "type": "Feature", "properties": { "route": "1", "current_peak": 3200, "additional_peak": 0, "increase_percent": 0.0, "tags": null }, "geometry": { "type": "MultiLineString", "coordinates": [ [ [ -122.4984088906, 37.601875648, 0.0 ], [ -122.4986249688, 37.6050163717, 0.0 ], [ -122.4978218785, 37.6069410299, 0.0 ], [ -122.4912238621, 37.6113203212, 0.0 ] ] ] } },
{ "type": "Feature", "properties": { "route": "580", "current_peak": 13000, "additional_peak": 1118, "increase_percent": 8.6, "tags": null }, "geometry": { "type": "MultiLineString", "coordinates": [ [ [ -122.081076032, 37.6905405477, 0.0 ], [ -122.092927534, 37.6901633174, 0.0 ] ] ] } },
{ "type": "Feature", "properties": { "route": "1", "current_peak": 3050, "additional_peak": 0, "increase_percent": 0.0, "tags": null }, "geometry": { "type": "MultiLineString", "coordinates": [ [ [ -122.4892134258, 37.6276783703, 0.0 ], [ -122.4900745293, 37.637856142, 0.0 ] ] ] } },
{ "type": "Feature", "properties": { "route": "242", "current_peak": 9200, "additional_peak": 873, "increase_percent": 9.4891304347826075, "tags": null }, "geometry": { "type": "MultiLineString", "coordinates": [ [ [ -122.0396250592, 37.9929264619, 0.0 ], [ -122.0377268998, 38.0017888277, 0.0 ] ] ] } },
{ "type": "Feature", "properties": { "route": "85", "current_peak": 10800, "additional_peak": 0, "increase_percent": 0.0, "tags": null }, "geometry": { "type": "MultiLineString", "coordinates": [ [ [ -121.7691533783, 37.2420033885, 0.0 ], [ -121.7708343101, 37.2419981874, 0.0 ] ] ] } },
{ "type": "Feature", "properties": { "route": "4", "current_peak": 5700, "additional_peak": 16, "increase_percent": 0.2807017543859649, "tags": null }, "geometry": { "type": "MultiLineString", "coordinates": [ [ [ -122.0842980937, 37.9914157047, 0.0 ], [ -122.0756937766, 37.992686221, 0.0 ] ] ] } },
{ "type": "Feature", "properties": { "route": "101", "current_peak": 3450, "additional_peak": 0, "increase_percent": 0.0, "tags": null }, "geometry": { "type": "MultiLineString", "coordinates": [ [ [ -122.4346165155, 37.8000093315, 0.0 ], [ -122.4447760403, 37.7987661207, 0.0 ], [ -122.4518090063, 37.8032773708, 0.0 ], [ -122.4561654348, 37.802879473, 0.0 ], [ -122.4616137556, 37.8014808384, 0.0 ], [ -122.4653881144, 37.8020699638, 0.0 ] ] ] } },
{ "type": "Feature", "properties": { "route": "237", "current_peak": 4000, "additional_peak": 113, "increase_percent": 2.825, "tags": null }, "geometry": { "type": "MultiLineString", "coordinates": [ [ [ -121.9184085036, 37.4247768429, 0.0 ], [ -121.9165969301, 37.4255350895, 0.0 ] ] ] } },
{ "type": "Feature", "properties": { "route": "82", "current_peak": 3000, "additional_peak": 0, "increase_percent": 0.0, "tags": null }, "geometry": { "type": "MultiLineString", "coordinates": [ [ [ -121.9775594983, 37.3522849414, 0.0 ], [ -122.0049311352, 37.3521055609, 0.0 ] ] ] } },
{ "type": "Feature", "properties": { "route": "109", "current_peak": 7200, "additional_peak": 22, "increase_percent": 0.30555555555555558, "tags": null }, "geometry": { "type": "MultiLineString", "coordinates": [ [ [ -122.1397015737, 37.4768968476, 0.0 ], [ -122.1399399477, 37.4817251486, 0.0 ], [ -122.14146095, 37.4851741491, 0.0 ], [ -122.1427216196, 37.4863995187, 0.0 ] ] ] } },
{ "type": "Feature", "properties": { "route": "101", "current_peak": 14100, "additional_peak": 417, "increase_percent": 2.9574468085106385, "tags": null }, "geometry": { "type": "MultiLineString", "coordinates": [ [ [ -122.4036423681, 37.636106296, 0.0 ], [ -122.4052819565, 37.6394504595, 0.0 ], [ -122.4060083758, 37.6428513431, 0.0 ] ] ] } },
{ "type": "Feature", "properties": { "route": "109", "current_peak": 7500, "additional_peak": 23, "increase_percent": 0.3066666666666667, "tags": null }, "geometry": { "type": "MultiLineString", "coordinates": [ [ [ -122.1395653359, 37.4767487854, 0.0 ], [ -122.1397948482, 37.4816040656, 0.0 ], [ -122.1413930679, 37.4852868428, 0.0 ], [ -122.1426160388, 37.4864772386, 0.0 ] ] ] } },
{ "type": "Feature", "properties": { "route": "280", "current_peak": 7700, "additional_peak": 0, "increase_percent": 0.0, "tags": null }, "geometry": { "type": "MultiLineString", "coordinates": [ [ [ -122.3043524024, 37.4940799975, 0.0 ], [ -122.3121654382, 37.4963273192, 0.0 ], [ -122.3186249772, 37.4995529095, 0.0 ], [ -122.3247717966, 37.5003142617, 0.0 ] ] ] } },
{ "type": "Feature", "properties": { "route": "92", "current_peak": 7700, "additional_peak": 0, "increase_percent": 0.0, "tags": null }, "geometry": { "type": "MultiLineString", "coordinates": [ [ [ -122.3340138961, 37.509445145, 0.0 ], [ -122.3293131711, 37.5138557364, 0.0 ], [ -122.328979173, 37.5157917359, 0.0 ], [ -122.3297147633, 37.5177907311, 0.0 ] ] ] } },
{ "type": "Feature", "properties": { "route": "237", "current_peak": 2150, "additional_peak": 18, "increase_percent": 0.83720930232558144, "tags": null }, "geometry": { "type": "MultiLineString", "coordinates": [ [ [ -121.9313245116, 37.4220769882, 0.0 ], [ -121.9243674408, 37.4228434086, 0.0 ], [ -121.9184085036, 37.4247768429, 0.0 ] ] ] } },
{ "type": "Feature", "properties": { "route": "280", "current_peak": 15600, "additional_peak": 0, "increase_percent": 0.0, "tags": null }, "geometry": { "type": "MultiLineString", "coordinates": [ [ [ -121.9625856477, 37.3163837066, 0.0 ], [ -121.9712632284, 37.3163092779, 0.0 ], [ -121.9776332306, 37.3178442765, 0.0 ], [ -121.9853951507, 37.3179829017, 0.0 ] ] ] } },
{ "type": "Feature", "properties": { "route": "880", "current_peak": 2000, "additional_peak": 2545, "increase_percent": 127.25, "tags": [ "880" ] }, "geometry": { "type": "MultiLineString", "coordinates": [ [ [ -122.2967000292, 37.8192064351, 0.0 ], [ -122.2971996421, 37.8208332396, 0.0 ], [ -122.2984612779, 37.8217503004, 0.0 ] ] ] } },
{ "type": "Feature", "properties": { "route": "35", "current_peak": 4000, "additional_peak": 0, "increase_percent": 0.0, "tags": null }, "geometry": { "type": "MultiLineString", "coordinates": [ [ [ -122.4945100823, 37.6943983045, 0.0 ], [ -122.4950336794, 37.6990296789, 0.0 ], [ -122.4981723454, 37.705575974, 0.0 ], [ -122.4980468092, 37.7087791563, 0.0 ] ] ] } },
{ "type": "Feature", "properties": { "route": "85", "current_peak": 8600, "additional_peak": 0, "increase_percent": 0.0, "tags": null }, "geometry": { "type": "MultiLineString", "coordinates": [ [ [ -121.9560814467, 37.2556287704, 0.0 ], [ -121.9602153751, 37.2570783265, 0.0 ] ], [ [ -121.7939029944, 37.2401669099, 0.0 ], [ -121.804880765, 37.2428906125, 0.0 ], [ -121.8217844238, 37.2435601303, 0.0 ] ] ] } },
{ "type": "Feature", "properties": { "route": "680", "current_peak": 12900, "additional_peak": 67, "increase_percent": 0.51937984496124034, "tags": null }, "geometry": { "type": "MultiLineString", "coordinates": [ [ [ -122.0421485816, 37.8709394808, 0.0 ], [ -122.051877703, 37.8824386159, 0.0 ] ], [ [ -122.0204205643, 37.8418490929, 0.0 ], [ -122.0277653482, 37.847709755, 0.0 ], [ -122.0286938711, 37.8494907572, 0.0 ], [ -122.0294182788, 37.8545375964, 0.0 ], [ -122.0310339361, 37.857498731, 0.0 ] ] ] } },
{ "type": "Feature", "properties": { "route": "85", "current_peak": 10200, "additional_peak": 0, "increase_percent": 0.0, "tags": null }, "geometry": { "type": "MultiLineString", "coordinates": [ [ [ -121.8923234222, 37.2508480618, 0.0 ], [ -121.9209015608, 37.2503931012, 0.0 ] ] ] } },
{ "type": "Feature", "properties": { "route": "280", "current_peak": 7700, "additional_peak": 0, "increase_percent": 0.0, "tags": null }, "geometry": { "type": "MultiLineString", "coordinates": [ [ [ -122.3254937151, 37.5010275331, 0.0 ], [ -122.3300655713, 37.5021000254, 0.0 ], [ -122.3388167857, 37.5073191301, 0.0 ] ] ] } },
{ "type": "Feature", "properties": { "route": "101", "current_peak": 11100, "additional_peak": 0, "increase_percent": 0.0, "tags": null }, "geometry": { "type": "MultiLineString", "coordinates": [ [ [ -121.8029097871, 37.2693346746, 0.0 ], [ -121.805167448, 37.2762006426, 0.0 ], [ -121.8093005733, 37.2834603782, 0.0 ], [ -121.8100194886, 37.2930903478, 0.0 ] ] ] } },
{ "type": "Feature", "properties": { "route": "680", "current_peak": 9500, "additional_peak": 732, "increase_percent": 7.7052631578947377, "tags": null }, "geometry": { "type": "MultiLineString", "coordinates": [ [ [ -121.9136774924, 37.483840878, 0.0 ], [ -121.9197990683, 37.4925679152, 0.0 ], [ -121.9328295666, 37.5042182725, 0.0 ] ] ] } },
{ "type": "Feature", "properties": { "route": "280", "current_peak": 11000, "additional_peak": 0, "increase_percent": 0.0, "tags": null }, "geometry": { "type": "MultiLineString", "coordinates": [ [ [ -122.2194277607, 37.4191388949, 0.0 ], [ -122.2230068539, 37.420421751, 0.0 ], [ -122.2319819054, 37.4268640434, 0.0 ] ] ] } },
{ "type": "Feature", "properties": { "route": "580", "current_peak": 11300, "additional_peak": 3799, "increase_percent": 33.619469026548671, "tags": [ "ccc-sf" ] }, "geometry": { "type": "MultiLineString", "coordinates": [ [ [ -122.2755496625, 37.8259130463, 0.0 ], [ -122.2817662001, 37.8272849584, 0.0 ], [ -122.2874297588, 37.8264494192, 0.0 ] ] ] } },
{ "type": "Feature", "properties": { "route": "680", "current_peak": 12300, "additional_peak": 109, "increase_percent": 0.88617886178861782, "tags": null }, "geometry": { "type": "MultiLineString", "coordinates": [ [ [ -121.8756331346, 37.5801314171, 0.0 ], [ -121.8702687751, 37.590846631, 0.0 ] ] ] } },
{ "type": "Feature", "properties": { "route": "152", "current_peak": 7900, "additional_peak": 0, "increase_percent": 0.0, "tags": null }, "geometry": { "type": "MultiLineString", "coordinates": [ [ [ -121.5565075296, 37.0030507472, 0.0 ], [ -121.5514229986, 37.0041449401, 0.0 ], [ -121.5364271925, 37.0030746997, 0.0 ], [ -121.5252929922, 36.9992449418, 0.0 ], [ -121.523302993, 36.9999549417, 0.0 ], [ -121.5213363814, 37.0027252817, 0.0 ] ] ] } },
{ "type": "Feature", "properties": { "route": "262", "current_peak": 15300, "additional_peak": 751, "increase_percent": 4.9084967320261432, "tags": null }, "geometry": { "type": "MultiLineString", "coordinates": [ [ [ -121.9358782013, 37.4848443402, 0.0 ], [ -121.9355183823, 37.48511744, 0.0 ] ] ] } },
{ "type": "Feature", "properties": { "route": "130", "current_peak": 13200, "additional_peak": 3, "increase_percent": 0.022727272727272728, "tags": null }, "geometry": { "type": "MultiLineString", "coordinates": [ [ [ -121.8618608433, 37.349878993, 0.0 ], [ -121.8608520694, 37.3502817025, 0.0 ] ] ] } },
{ "type": "Feature", "properties": { "route": "4", "current_peak": 7900, "additional_peak": 0, "increase_percent": 0.0, "tags": null }, "geometry": { "type": "MultiLineString", "coordinates": [ [ [ -121.7493377578, 37.9862427519, 0.0 ], [ -121.7398946871, 37.9732083237, 0.0 ], [ -121.7387368012, 37.9706966918, 0.0 ] ] ] } },
{ "type": "Feature", "properties": { "route": "82", "current_peak": 4250, "additional_peak": 53, "increase_percent": 1.2470588235294118, "tags": null }, "geometry": { "type": "MultiLineString", "coordinates": [ [ [ -122.3118499944, 37.5502499145, 0.0 ], [ -122.3189178212, 37.5567341511, 0.0 ] ] ] } },
{ "type": "Feature", "properties": { "route": "880", "current_peak": 12600, "additional_peak": 2117, "increase_percent": 16.801587301587301, "tags": [ "880" ] }, "geometry": { "type": "MultiLineString", "coordinates": [ [ [ -122.2399840718, 37.7830634063, 0.0 ], [ -122.2477451327, 37.7872579689, 0.0 ], [ -122.2590066485, 37.7901209364, 0.0 ], [ -122.2622509927, 37.7920509075, 0.0 ] ] ] } },
{ "type": "Feature", "properties": { "route": "980", "current_peak": 11900, "additional_peak": 4480, "increase_percent": 37.647058823529413, "tags": [ "" ] }, "geometry": { "type": "MultiLineString", "coordinates": [ [ [ -122.2708667789, 37.8164538804, 0.0 ], [ -122.268570864, 37.8243587012, 0.0 ] ] ] } },
{ "type": "Feature", "properties": { "route": "101", "current_peak": 14000, "additional_peak": 85, "increase_percent": 0.6071428571428571, "tags": null }, "geometry": { "type": "MultiLineString", "coordinates": [ [ [ -122.3264173575, 37.5824308512, 0.0 ], [ -122.3298498633, 37.5855033214, 0.0 ], [ -122.3320378332, 37.5864973005, 0.0 ], [ -122.3441595308, 37.58708817, 0.0 ] ] ] } },
{ "type": "Feature", "properties": { "route": "280", "current_peak": 14900, "additional_peak": 2460, "increase_percent": 16.51006711409396, "tags": null }, "geometry": { "type": "MultiLineString", "coordinates": [ [ [ -122.4096956872, 37.7345735588, 0.0 ], [ -122.4065273681, 37.7354100475, 0.0 ] ], [ [ -122.40559053, 37.7356849799, 0.0 ], [ -122.4018001754, 37.7377803896, 0.0 ], [ -122.3988421757, 37.7408759102, 0.0 ] ] ] } },
{ "type": "Feature", "properties": { "route": "77", "current_peak": 1150, "additional_peak": 2259, "increase_percent": 196.43478260869566, "tags": null }, "geometry": { "type": "MultiLineString", "coordinates": [ [ [ -122.2202744174, 37.7700534178, 0.0 ], [ -122.2162145232, 37.7730098033, 0.0 ] ] ] } },
{ "type": "Feature", "properties": { "route": "680", "current_peak": 9600, "additional_peak": 0, "increase_percent": 0.0, "tags": [ "bridges" ] }, "geometry": { "type": "MultiLineString", "coordinates": [ [ [ -122.1124732415, 38.0255870838, 0.0 ], [ -122.116259578, 38.0279137261, 0.0 ], [ -122.1170920701, 38.0295257574, 0.0 ], [ -122.1175708272, 38.0337993609, 0.0 ], [ -122.1215567806, 38.0388567508, 0.0 ] ] ] } },
{ "type": "Feature", "properties": { "route": "680", "current_peak": 4000, "additional_peak": 0, "increase_percent": 0.0, "tags": null }, "geometry": { "type": "MultiLineString", "coordinates": [ [ [ -121.8701063701, 37.5918079075, 0.0 ], [ -121.8701231206, 37.5918723969, 0.0 ] ] ] } },
{ "type": "Feature", "properties": { "route": "112", "current_peak": 2900, "additional_peak": 1402, "increase_percent": 48.344827586206897, "tags": null }, "geometry": { "type": "MultiLineString", "coordinates": [ [ [ -122.1870134482, 37.7163144018, 0.0 ], [ -122.1766120795, 37.7191591714, 0.0 ] ] ] } },
{ "type": "Feature", "properties": { "route": "82", "current_peak": 4800, "additional_peak": 0, "increase_percent": 0.0, "tags": null }, "geometry": { "type": "MultiLineString", "coordinates": [ [ [ -122.0676682617, 37.3780899852, 0.0 ], [ -122.0704289553, 37.3791813191, 0.0 ] ] ] } },
{ "type": "Feature", "properties": { "route": "84", "current_peak": 10900, "additional_peak": 0, "increase_percent": 0.0, "tags": null }, "geometry": { "type": "MultiLineString", "coordinates": [ [ [ -122.2458014877, 37.4327865033, 0.0 ], [ -122.2450205182, 37.4343927765, 0.0 ], [ -122.2434592968, 37.4351810733, 0.0 ] ] ] } },
{ "type": "Feature", "properties": { "route": "92", "current_peak": 5000, "additional_peak": 0, "increase_percent": 0.0, "tags": null }, "geometry": { "type": "MultiLineString", "coordinates": [ [ [ -122.3313829344, 37.527525247, 0.0 ], [ -122.3290601184, 37.534781592, 0.0 ], [ -122.3298739876, 37.5407689779, 0.0 ] ] ] } },
{ "type": "Feature", "properties": { "route": "1", "current_peak": 4250, "additional_peak": 0, "increase_percent": 0.0, "tags": null }, "geometry": { "type": "MultiLineString", "coordinates": [ [ [ -122.4982467024, 37.601807413, 0.0 ], [ -122.4984663982, 37.6049519385, 0.0 ], [ -122.497714034, 37.6068368721, 0.0 ], [ -122.4863933309, 37.6143933084, 0.0 ], [ -122.48534133, 37.616310308, 0.0 ], [ -122.4850151069, 37.6199902484, 0.0 ] ] ] } },
{ "type": "Feature", "properties": { "route": "82", "current_peak": 2050, "additional_peak": 487, "increase_percent": 23.756097560975608, "tags": null }, "geometry": { "type": "MultiLineString", "coordinates": [ [ [ -122.4641229665, 37.6983577794, 0.0 ], [ -122.4618522843, 37.7053946055, 0.0 ] ] ] } },
{ "type": "Feature", "properties": { "route": "80", "current_peak": 13200, "additional_peak": 16, "increase_percent": 0.12121212121212122, "tags": [ "80" ] }, "geometry": { "type": "MultiLineString", "coordinates": [ [ [ -122.3247268508, 37.9402928694, 0.0 ], [ -122.3238782208, 37.9431749654, 0.0 ], [ -122.3249646136, 37.9460771364, 0.0 ] ] ] } },
{ "type": "Feature", "properties": { "route": "82", "current_peak": 2750, "additional_peak": 51, "increase_percent": 1.8545454545454545, "tags": null }, "geometry": { "type": "MultiLineString", "coordinates": [ [ [ -122.3190607326, 37.556635485, 0.0 ], [ -122.3267815778, 37.5636768498, 0.0 ] ] ] } },
{ "type": "Feature", "properties": { "route": "680", "current_peak": 13200, "additional_peak": 3, "increase_percent": 0.022727272727272728, "tags": null }, "geometry": { "type": "MultiLineString", "coordinates": [ [ [ -121.8519295277, 37.3395482465, 0.0 ], [ -121.8491614503, 37.3412478548, 0.0 ] ] ] } },
{ "type": "Feature", "properties": { "route": "152", "current_peak": 1200, "additional_peak": 0, "increase_percent": 0.0, "tags": null }, "geometry": { "type": "MultiLineString", "coordinates": [ [ [ -121.6250329023, 37.0116980998, 0.0 ], [ -121.6079530056, 37.0119449368, 0.0 ], [ -121.5985754951, 37.0135075242, 0.0 ], [ -121.5861248874, 37.0135598547, 0.0 ] ] ] } },
{ "type": "Feature", "properties": { "route": "380", "current_peak": 10100, "additional_peak": 414, "increase_percent": 4.0990099009900991, "tags": null }, "geometry": { "type": "MultiLineString", "coordinates": [ [ [ -122.419130999, 37.633113436, 0.0 ], [ -122.415673417, 37.6342962789, 0.0 ], [ -122.4113291652, 37.6342107509, 0.0 ] ] ] } },
{ "type": "Feature", "properties": { "route": "101", "current_peak": 8600, "additional_peak": 0, "increase_percent": 0.0, "tags": null }, "geometry": { "type": "MultiLineString", "coordinates": [ [ [ -121.7794041734, 37.2479395616, 0.0 ], [ -121.7849293417, 37.2509656091, 0.0 ] ], [ [ -121.5912181526, 37.0743545693, 0.0 ], [ -121.6047777746, 37.0987144712, 0.0 ], [ -121.6115325391, 37.1048179373, 0.0 ] ] ] } },
{ "type": "Feature", "properties": { "route": "80", "current_peak": 12900, "additional_peak": 18, "increase_percent": 0.13953488372093023, "tags": [ "80" ] }, "geometry": { "type": "MultiLineString", "coordinates": [ [ [ -122.2694064242, 38.014885003, 0.0 ], [ -122.2658631181, 38.0187004482, 0.0 ] ] ] } },
{ "type": "Feature", "properties": { "route": "35", "current_peak": 840, "additional_peak": 0, "increase_percent": 0.0, "tags": null }, "geometry": { "type": "MultiLineString", "coordinates": [ [ [ -122.2286571201, 37.3451033431, 0.0 ], [ -122.2319587064, 37.3486898328, 0.0 ] ] ] } },
{ "type": "Feature", "properties": { "route": "80", "current_peak": 8600, "additional_peak": 7300, "increase_percent": 84.883720930232556, "tags": [ "ccc-sf", "bridges", "bay-bridge", "80", "80", "80" ] }, "geometry": { "type": "MultiLineString", "coordinates": [ [ [ -122.3789539218, 37.7970270791, 0.0 ], [ -122.3615051869, 37.8139241159, 0.0 ], [ -122.352333086, 37.8186831923, 0.0 ], [ -122.3417715532, 37.8203995899, 0.0 ] ] ] } },
{ "type": "Feature", "properties": { "route": "280", "current_peak": 10100, "additional_peak": 0, "increase_percent": 0.0, "tags": null }, "geometry": { "type": "MultiLineString", "coordinates": [ [ [ -122.4159384937, 37.592502489, 0.0 ], [ -122.4224337404, 37.5986088751, 0.0 ] ] ] } },
{ "type": "Feature", "properties": { "route": "101", "current_peak": 12800, "additional_peak": 3, "increase_percent": 0.0234375, "tags": null }, "geometry": { "type": "MultiLineString", "coordinates": [ [ [ -121.8639508843, 37.3520347116, 0.0 ], [ -121.8717831983, 37.3586242217, 0.0 ], [ -121.877481722, 37.3610565086, 0.0 ] ] ] } },
{ "type": "Feature", "properties": { "route": "242", "current_peak": 7500, "additional_peak": 1194, "increase_percent": 15.92, "tags": null }, "geometry": { "type": "MultiLineString", "coordinates": [ [ [ -122.0457419573, 37.9748475355, 0.0 ], [ -122.0416276129, 37.9834999676, 0.0 ] ] ] } },
{ "type": "Feature", "properties": { "route": "4", "current_peak": 13800, "additional_peak": 896, "increase_percent": 6.4927536231884062, "tags": null }, "geometry": { "type": "MultiLineString", "coordinates": [ [ [ -122.0300331397, 38.0086794271, 0.0 ], [ -122.0104806742, 38.0118037427, 0.0 ] ] ] } },
{ "type": "Feature", "properties": { "route": "680", "current_peak": 13500, "additional_peak": 2026, "increase_percent": 15.007407407407408, "tags": [ "ccc-sf" ] }, "geometry": { "type": "MultiLineString", "coordinates": [ [ [ -122.0701370467, 37.9020673523, 0.0 ], [ -122.0677962821, 37.9104449598, 0.0 ] ] ] } },
{ "type": "Feature", "properties": { "route": "35", "current_peak": 1000, "additional_peak": 0, "increase_percent": 0.0, "tags": null }, "geometry": { "type": "MultiLineString", "coordinates": [ [ [ -122.2638243437, 37.3860825514, 0.0 ], [ -122.2715042973, 37.3913124307, 0.0 ], [ -122.2743745511, 37.3912060531, 0.0 ], [ -122.2758422043, 37.3887961345, 0.0 ], [ -122.2773513461, 37.3892914545, 0.0 ], [ -122.2809762136, 37.3886168067, 0.0 ], [ -122.2838325795, 37.3910316101, 0.0 ], [ -122.2842631788, 37.3923771933, 0.0 ], [ -122.2858066624, 37.392331536, 0.0 ], [ -122.2873919499, 37.3936836846, 0.0 ], [ -122.2886557358, 37.3935987527, 0.0 ], [ -122.2888322287, 37.3922127606, 0.0 ], [ -122.2899261036, 37.391952422, 0.0 ], [ -122.2919617992, 37.3935652055, 0.0 ], [ -122.2918329521, 37.3954946851, 0.0 ], [ -122.2939158919, 37.3966179625, 0.0 ], [ -122.2931914276, 37.3989081128, 0.0 ], [ -122.2942354065, 37.399883688, 0.0 ], [ -122.2958110982, 37.4001997085, 0.0 ] ] ] } },
{ "type": "Feature", "properties": { "route": "280", "current_peak": 12800, "additional_peak": 0, "increase_percent": 0.0, "tags": null }, "geometry": { "type": "MultiLineString", "coordinates": [ [ [ -122.0067604201, 37.3267743767, 0.0 ], [ -122.0189911129, 37.3331301149, 0.0 ], [ -122.0227239194, 37.3343093973, 0.0 ] ] ] } },
{ "type": "Feature", "properties": { "route": "1", "current_peak": 6500, "additional_peak": 0, "increase_percent": 0.0, "tags": null }, "geometry": { "type": "MultiLineString", "coordinates": [ [ [ -122.4712751054, 37.7111267006, 0.0 ], [ -122.4719504227, 37.7149002713, 0.0 ] ] ] } },
{ "type": "Feature", "properties": { "route": "101", "current_peak": 14900, "additional_peak": 85, "increase_percent": 0.57046979865771807, "tags": null }, "geometry": { "type": "MultiLineString", "coordinates": [ [ [ -122.3706902494, 37.5963457304, 0.0 ], [ -122.3884133117, 37.6079570627, 0.0 ] ] ] } },
{ "type": "Feature", "properties": { "route": "84", "current_peak": 6500, "additional_peak": 23, "increase_percent": 0.35384615384615387, "tags": [ "bridges" ] }, "geometry": { "type": "MultiLineString", "coordinates": [ [ [ -122.1050293918, 37.5186978884, 0.0 ], [ -122.1015601018, 37.5229718756, 0.0 ], [ -122.0924557806, 37.5305844442, 0.0 ], [ -122.0876614396, 37.5325400949, 0.0 ], [ -122.0771249901, 37.5344268897, 0.0 ], [ -122.0711154969, 37.5374448914, 0.0 ] ] ] } },
{ "type": "Feature", "properties": { "route": "80", "current_peak": 8000, "additional_peak": 5078, "increase_percent": 63.475, "tags": [ "", "80", "80" ] }, "geometry": { "type": "MultiLineString", "coordinates": [ [ [ -122.2954605161, 37.8273478288, 0.0 ], [ -122.2936502565, 37.8293719642, 0.0 ], [ -122.29364128, 37.8327958161, 0.0 ] ] ] } },
{ "type": "Feature", "properties": { "route": "101", "current_peak": 17000, "additional_peak": 83, "increase_percent": 0.48823529411764705, "tags": null }, "geometry": { "type": "MultiLineString", "coordinates": [ [ [ -122.1317046134, 37.4549480214, 0.0 ], [ -122.1481416864, 37.4645895325, 0.0 ] ] ] } },
{ "type": "Feature", "properties": { "route": "85", "current_peak": 4300, "additional_peak": 0, "increase_percent": 0.0, "tags": null }, "geometry": { "type": "MultiLineString", "coordinates": [ [ [ -122.0676932301, 37.3794369789, 0.0 ], [ -122.067877469, 37.3811814575, 0.0 ] ], [ [ -122.067583956, 37.3735416773, 0.0 ], [ -122.0676416424, 37.3766538973, 0.0 ] ] ] } },
{ "type": "Feature", "properties": { "route": "580", "current_peak": 13400, "additional_peak": 718, "increase_percent": 5.3582089552238799, "tags": null }, "geometry": { "type": "MultiLineString", "coordinates": [ [ [ -122.1686897865, 37.7785337018, 0.0 ], [ -122.1757397013, 37.782446961, 0.0 ] ] ] } },
{ "type": "Feature", "properties": { "route": "13", "current_peak": 4800, "additional_peak": 84, "increase_percent": 1.75, "tags": null }, "geometry": { "type": "MultiLineString", "coordinates": [ [ [ -122.1811799624, 37.7886207504, 0.0 ], [ -122.1810127901, 37.7924914591, 0.0 ], [ -122.1834257613, 37.7963571197, 0.0 ] ] ] } },
{ "type": "Feature", "properties": { "route": "114", "current_peak": 4700, "additional_peak": 22, "increase_percent": 0.46808510638297873, "tags": null }, "geometry": { "type": "MultiLineString", "coordinates": [ [ [ -122.1531633882, 37.4755685018, 0.0 ], [ -122.1503476858, 37.4820349472, 0.0 ] ] ] } },
{ "type": "Feature", "properties": { "route": "101", "current_peak": 12600, "additional_peak": 3420, "increase_percent": 27.142857142857142, "tags": null }, "geometry": { "type": "MultiLineString", "coordinates": [ [ [ -122.4068771095, 37.76896809, 0.0 ], [ -122.4086438403, 37.7699312347, 0.0 ], [ -122.4100625928, 37.769413702, 0.0 ], [ -122.4136580298, 37.7696116645, 0.0 ] ] ] } },
{ "type": "Feature", "properties": { "route": "880", "current_peak": 7700, "additional_peak": 2922, "increase_percent": 37.948051948051948, "tags": [ "880" ] }, "geometry": { "type": "MultiLineString", "coordinates": [ [ [ -122.2725545769, 37.7976619299, 0.0 ], [ -122.2839703614, 37.8021210522, 0.0 ] ] ] } },
{ "type": "Feature", "properties": { "route": "92", "current_peak": 16400, "additional_peak": 123, "increase_percent": 0.75, "tags": null }, "geometry": { "type": "MultiLineString", "coordinates": [ [ [ -122.3007755161, 37.5524797284, 0.0 ], [ -122.2963331661, 37.552925892, 0.0 ] ] ] } },
{ "type": "Feature", "properties": { "route": "80", "current_peak": 11800, "additional_peak": 3571, "increase_percent": 30.262711864406779, "tags": [ "ccc-sf", "80", "80" ] }, "geometry": { "type": "MultiLineString", "coordinates": [ [ [ -122.4103567785, 37.7693788779, 0.0 ], [ -122.4067389098, 37.7690109722, 0.0 ], [ -122.4058495857, 37.7700536596, 0.0 ] ], [ [ -122.4055131761, 37.7691018645, 0.0 ], [ -122.406757946, 37.7741006395, 0.0 ], [ -122.4059703453, 37.775452174, 0.0 ], [ -122.4031684214, 37.7772796455, 0.0 ] ] ] } },
{ "type": "Feature", "properties": { "route": "680", "current_peak": 13500, "additional_peak": 3, "increase_percent": 0.022222222222222223, "tags": null }, "geometry": { "type": "MultiLineString", "coordinates": [ [ [ -121.8687175951, 37.3896794453, 0.0 ], [ -121.872662021, 37.3933661404, 0.0 ], [ -121.8750656753, 37.3969812796, 0.0 ] ] ] } },
{ "type": "Feature", "properties": { "route": "101", "current_peak": 12700, "additional_peak": 75, "increase_percent": 0.59055118110236215, "tags": null }, "geometry": { "type": "MultiLineString", "coordinates": [ [ [ -121.9224333363, 37.3726894816, 0.0 ], [ -121.9347911809, 37.3754999747, 0.0 ] ] ] } },
{ "type": "Feature", "properties": { "route": "92", "current_peak": 5400, "additional_peak": 0, "increase_percent": 0.0, "tags": null }, "geometry": { "type": "MultiLineString", "coordinates": [ [ [ -122.3174044436, 37.5484796863, 0.0 ], [ -122.3121327987, 37.550299115, 0.0 ] ] ] } },
{ "type": "Feature", "properties": { "route": "85", "current_peak": 4800, "additional_peak": 0, "increase_percent": 0.0, "tags": null }, "geometry": { "type": "MultiLineString", "coordinates": [ [ [ -122.0675742415, 37.3730175618, 0.0 ], [ -122.0680579416, 37.3811687007, 0.0 ] ] ] } },
{ "type": "Feature", "properties": { "route": "880", "current_peak": 12800, "additional_peak": 692, "increase_percent": 5.40625, "tags": [ "880" ] }, "geometry": { "type": "MultiLineString", "coordinates": [ [ [ -122.0540928125, 37.5889342721, 0.0 ], [ -122.0639045252, 37.6026472715, 0.0 ] ] ] } },
{ "type": "Feature", "properties": { "route": "84", "current_peak": 1750, "additional_peak": 263, "increase_percent": 15.028571428571427, "tags": null }, "geometry": { "type": "MultiLineString", "coordinates": [ [ [ -121.971559897, 37.5766041872, 0.0 ], [ -121.9686796521, 37.5792900991, 0.0 ], [ -121.9649756511, 37.581291099, 0.0 ], [ -121.9643106499, 37.5858001, 0.0 ], [ -121.9600340078, 37.587740699, 0.0 ] ] ] } },
{ "type": "Feature", "properties": { "route": "280", "current_peak": 570, "additional_peak": 0, "increase_percent": 0.0, "tags": null }, "geometry": { "type": "MultiLineString", "coordinates": [ [ [ -122.4224337404, 37.5986088751, 0.0 ], [ -122.426685989, 37.6021661546, 0.0 ], [ -122.4279912551, 37.6043269199, 0.0 ] ] ] } },
{ "type": "Feature", "properties": { "route": "85", "current_peak": 10200, "additional_peak": 0, "increase_percent": 0.0, "tags": null }, "geometry": { "type": "MultiLineString", "coordinates": [ [ [ -121.8671110752, 37.2558490163, 0.0 ], [ -121.876121841, 37.2557391578, 0.0 ], [ -121.8923808362, 37.2510985076, 0.0 ] ] ] } },
{ "type": "Feature", "properties": { "route": "85", "current_peak": 16500, "additional_peak": 87, "increase_percent": 0.52727272727272723, "tags": null }, "geometry": { "type": "MultiLineString", "coordinates": [ [ [ -122.0697362304, 37.4058459119, 0.0 ], [ -122.0703397565, 37.4089220983, 0.0 ] ] ] } },
{ "type": "Feature", "properties": { "route": "80", "current_peak": 2450, "additional_peak": 16, "increase_percent": 0.65306122448979598, "tags": [ "80" ] }, "geometry": { "type": "MultiLineString", "coordinates": [ [ [ -122.2778502121, 38.0060650182, 0.0 ], [ -122.2693098791, 38.0152318268, 0.0 ] ] ] } },
{ "type": "Feature", "properties": { "route": "4", "current_peak": 11800, "additional_peak": 801, "increase_percent": 6.7881355932203391, "tags": null }, "geometry": { "type": "MultiLineString", "coordinates": [ [ [ -121.9536252994, 38.0204384696, 0.0 ], [ -121.9461477362, 38.0187692853, 0.0 ], [ -121.930197701, 38.018782675, 0.0 ], [ -121.9213961965, 38.0198805074, 0.0 ], [ -121.9157347183, 38.0199509161, 0.0 ] ] ] } },
{ "type": "Feature", "properties": { "route": "1", "current_peak": 3800, "additional_peak": 0, "increase_percent": 0.0, "tags": null }, "geometry": { "type": "MultiLineString", "coordinates": [ [ [ -122.483795794, 37.6599198581, 0.0 ], [ -122.4839241308, 37.6615524497, 0.0 ], [ -122.4856771841, 37.6649711363, 0.0 ], [ -122.485155114, 37.6684513649, 0.0 ] ] ] } },
{ "type": "Feature", "properties": { "route": "101", "current_peak": 1600, "additional_peak": 417, "increase_percent": 26.0625, "tags": null }, "geometry": { "type": "MultiLineString", "coordinates": [ [ [ -122.4017821023, 37.6267451876, 0.0 ], [ -122.4036423681, 37.636106296, 0.0 ] ] ] } },
{ "type": "Feature", "properties": { "route": "80", "current_peak": 9800, "additional_peak": 0, "increase_percent": 0.0, "tags": [ "bridges", "80", "80" ] }, "geometry": { "type": "MultiLineString", "coordinates": [ [ [ -122.2332010106, 38.0487659645, 0.0 ], [ -122.2263453277, 38.0545104433, 0.0 ], [ -122.2264962156, 38.0609978432, 0.0 ] ] ] } },
{ "type": "Feature", "properties": { "route": "185", "current_peak": 1550, "additional_peak": 2199, "increase_percent": 141.87096774193549, "tags": null }, "geometry": { "type": "MultiLineString", "coordinates": [ [ [ -122.2157021512, 37.7726868646, 0.0 ], [ -122.2162145232, 37.7730098033, 0.0 ] ] ] } },
{ "type": "Feature", "properties": { "route": "82", "current_peak": 2950, "additional_peak": 0, "increase_percent": 0.0, "tags": null }, "geometry": { "type": "MultiLineString", "coordinates": [ [ [ -122.1916914084, 37.4578066975, 0.0 ], [ -122.2060706724, 37.4650103777, 0.0 ], [ -122.2115022514, 37.4688659172, 0.0 ] ], [ [ -122.1628040079, 37.4395917968, 0.0 ], [ -122.1737864134, 37.4481570416, 0.0 ] ], [ [ -122.0344949034, 37.3685295486, 0.0 ], [ -122.0527533164, 37.3727735891, 0.0 ] ] ] } },
{ "type": "Feature", "properties": { "route": "880", "current_peak": 16300, "additional_peak": 1741, "increase_percent": 10.680981595092025, "tags": [ "880" ] }, "geometry": { "type": "MultiLineString", "coordinates": [ [ [ -122.2938502017, 37.8327316877, 0.0 ], [ -122.295766637, 37.8361335455, 0.0 ] ] ] } },
{ "type": "Feature", "properties": { "route": "101", "current_peak": 13100, "additional_peak": 409, "increase_percent": 3.1221374045801524, "tags": null }, "geometry": { "type": "MultiLineString", "coordinates": [ [ [ -122.3943573893, 37.6680169898, 0.0 ], [ -122.3902619578, 37.6728614636, 0.0 ], [ -122.3883369589, 37.677322462, 0.0 ], [ -122.390074827, 37.6870907105, 0.0 ] ] ] } },
{ "type": "Feature", "properties": { "route": "24", "current_peak": 12900, "additional_peak": 2172, "increase_percent": 16.837209302325583, "tags": [ "ccc-sf", "24", "24" ] }, "geometry": { "type": "MultiLineString", "coordinates": [ [ [ -122.1355320762, 37.8904031043, 0.0 ], [ -122.1213472279, 37.8937249821, 0.0 ], [ -122.1066858342, 37.8961272858, 0.0 ] ] ] } },
{ "type": "Feature", "properties": { "route": "280", "current_peak": 10700, "additional_peak": 0, "increase_percent": 0.0, "tags": null }, "geometry": { "type": "MultiLineString", "coordinates": [ [ [ -122.2713682478, 37.445198459, 0.0 ], [ -122.284851423, 37.454208877, 0.0 ] ], [ [ -121.9973918605, 37.3216066364, 0.0 ], [ -122.0069442624, 37.3265505045, 0.0 ] ] ] } },
{ "type": "Feature", "properties": { "route": "880", "current_peak": 12900, "additional_peak": 713, "increase_percent": 5.5271317829457365, "tags": [ "880" ] }, "geometry": { "type": "MultiLineString", "coordinates": [ [ [ -122.0297965944, 37.5556494013, 0.0 ], [ -122.0387388119, 37.5639351878, 0.0 ] ] ] } },
{ "type": "Feature", "properties": { "route": "80", "current_peak": 10900, "additional_peak": 696, "increase_percent": 6.3853211009174311, "tags": [ "80" ] }, "geometry": { "type": "MultiLineString", "coordinates": [ [ [ -122.3081932622, 37.8949832391, 0.0 ], [ -122.3100942133, 37.8995769624, 0.0 ], [ -122.3137405054, 37.9050170527, 0.0 ] ] ] } },
{ "type": "Feature", "properties": { "route": "13", "current_peak": 2800, "additional_peak": 2394, "increase_percent": 85.5, "tags": [ "" ] }, "geometry": { "type": "MultiLineString", "coordinates": [ [ [ -122.2271725498, 37.8449791035, 0.0 ], [ -122.2282492085, 37.8488788936, 0.0 ] ] ] } },
{ "type": "Feature", "properties": { "route": "4", "current_peak": 2950, "additional_peak": 18, "increase_percent": 0.61016949152542377, "tags": null }, "geometry": { "type": "MultiLineString", "coordinates": [ [ [ -122.2625767468, 38.013320639, 0.0 ], [ -122.2590147818, 38.0133502603, 0.0 ], [ -122.2470591756, 38.0150564834, 0.0 ], [ -122.2425464816, 38.0147846858, 0.0 ], [ -122.2369345057, 38.0135317485, 0.0 ], [ -122.2321483339, 38.0110680844, 0.0 ], [ -122.2249099762, 38.0084042616, 0.0 ], [ -122.2165413077, 38.0073093922, 0.0 ] ] ] } },
{ "type": "Feature", "properties": { "route": "101", "current_peak": 7700, "additional_peak": 0, "increase_percent": 0.0, "tags": null }, "geometry": { "type": "MultiLineString", "coordinates": [ [ [ -121.9223457057, 37.3724793378, 0.0 ], [ -121.9226793537, 37.3725167877, 0.0 ] ] ] } },
{ "type": "Feature", "properties": { "route": "82", "current_peak": 2750, "additional_peak": 215, "increase_percent": 7.8181818181818183, "tags": null }, "geometry": { "type": "MultiLineString", "coordinates": [ [ [ -122.3775346408, 37.5907156097, 0.0 ], [ -122.3816211799, 37.5931404034, 0.0 ], [ -122.3931247187, 37.6031580281, 0.0 ] ] ] } },
{ "type": "Feature", "properties": { "route": "13", "current_peak": 12500, "additional_peak": 718, "increase_percent": 5.744, "tags": null }, "geometry": { "type": "MultiLineString", "coordinates": [ [ [ -122.1783067303, 37.7836574887, 0.0 ], [ -122.181412157, 37.7885704653, 0.0 ] ] ] } },
{ "type": "Feature", "properties": { "route": "82", "current_peak": 1700, "additional_peak": 0, "increase_percent": 0.0, "tags": null }, "geometry": { "type": "MultiLineString", "coordinates": [ [ [ -121.9290344354, 37.3436564496, 0.0 ], [ -121.933494007, 37.3452574505, 0.0 ], [ -121.9323541967, 37.3482437063, 0.0 ], [ -121.933004197, 37.3495937077, 0.0 ], [ -121.9418989514, 37.3549864828, 0.0 ] ] ] } },
{ "type": "Feature", "properties": { "route": "24", "current_peak": 11400, "additional_peak": 2168, "increase_percent": 19.017543859649123, "tags": [ "ccc-sf", "24", "24" ] }, "geometry": { "type": "MultiLineString", "coordinates": [ [ [ -122.178809575, 37.8858544417, 0.0 ], [ -122.1763559237, 37.8889003615, 0.0 ], [ -122.1729499379, 37.8911114987, 0.0 ], [ -122.1685239385, 37.8925568966, 0.0 ], [ -122.1630773694, 37.8931735657, 0.0 ] ] ] } },
{ "type": "Feature", "properties": { "route": "237", "current_peak": 7700, "additional_peak": 15, "increase_percent": 0.19480519480519481, "tags": null }, "geometry": { "type": "MultiLineString", "coordinates": [ [ [ -121.9879585043, 37.4117288818, 0.0 ], [ -121.9695029793, 37.4189215392, 0.0 ] ] ] } },
{ "type": "Feature", "properties": { "route": "82", "current_peak": 5400, "additional_peak": 0, "increase_percent": 0.0, "tags": null }, "geometry": { "type": "MultiLineString", "coordinates": [ [ [ -122.3047878599, 37.5435477911, 0.0 ], [ -122.3121605275, 37.5503039391, 0.0 ] ] ] } },
{ "type": "Feature", "properties": { "route": "280", "current_peak": 11500, "additional_peak": 0, "increase_percent": 0.0, "tags": null }, "geometry": { "type": "MultiLineString", "coordinates": [ [ [ -122.062256203, 37.3332456933, 0.0 ], [ -122.0673179869, 37.3345340216, 0.0 ], [ -122.0742815518, 37.3336051316, 0.0 ], [ -122.0773796094, 37.3338811501, 0.0 ], [ -122.0896378883, 37.340900352, 0.0 ] ] ] } },
{ "type": "Feature", "properties": { "route": "580", "current_peak": 14900, "additional_peak": 0, "increase_percent": 0.0, "tags": null }, "geometry": { "type": "MultiLineString", "coordinates": [ [ [ -121.7319695499, 37.7057111023, 0.0 ], [ -121.7374466756, 37.7034543663, 0.0 ], [ -121.7411966766, 37.7026053671, 0.0 ], [ -121.7570305918, 37.7030079261, 0.0 ] ] ] } },
{ "type": "Feature", "properties": { "route": "680", "current_peak": 12100, "additional_peak": 68, "increase_percent": 0.56198347107438007, "tags": null }, "geometry": { "type": "MultiLineString", "coordinates": [ [ [ -121.9707431688, 37.7684569128, 0.0 ], [ -121.9838493106, 37.794345554, 0.0 ] ] ] } },
{ "type": "Feature", "properties": { "route": "84", "current_peak": 4700, "additional_peak": 713, "increase_percent": 15.170212765957448, "tags": null }, "geometry": { "type": "MultiLineString", "coordinates": [ [ [ -122.0444219449, 37.5568038192, 0.0 ], [ -122.0384963997, 37.5634892894, 0.0 ] ] ] } },
{ "type": "Feature", "properties": { "route": "1", "current_peak": 3300, "additional_peak": 0, "increase_percent": 0.0, "tags": null }, "geometry": { "type": "MultiLineString", "coordinates": [ [ [ -122.4900745293, 37.637856142, 0.0 ], [ -122.49212713, 37.6438094479, 0.0 ], [ -122.490936972, 37.6494865489, 0.0 ] ] ] } },
{ "type": "Feature", "properties": { "route": "280", "current_peak": 11600, "additional_peak": 0, "increase_percent": 0.0, "tags": null }, "geometry": { "type": "MultiLineString", "coordinates": [ [ [ -121.8953575826, 37.3231650141, 0.0 ], [ -121.8989712188, 37.3218222826, 0.0 ], [ -121.9037287134, 37.317548026, 0.0 ] ] ] } },
{ "type": "Feature", "properties": { "route": "13", "current_peak": 6500, "additional_peak": 91, "increase_percent": 1.4, "tags": null }, "geometry": { "type": "MultiLineString", "coordinates": [ [ [ -122.2027728346, 37.8159677626, 0.0 ], [ -122.2118059199, 37.8270582827, 0.0 ] ] ] } },
{ "type": "Feature", "properties": { "route": "580", "current_peak": 1200, "additional_peak": 0, "increase_percent": 0.0, "tags": null }, "geometry": { "type": "MultiLineString", "coordinates": [ [ [ -121.5575307549, 37.7393952562, 0.0 ], [ -121.5617963761, 37.74285168, 0.0 ], [ -121.5644256533, 37.7437863827, 0.0 ], [ -121.5676654615, 37.7437581691, 0.0 ], [ -121.5735121647, 37.7421244428, 0.0 ] ] ] } },
{ "type": "Feature", "properties": { "route": "4", "current_peak": 3450, "additional_peak": 16, "increase_percent": 0.46376811594202899, "tags": null }, "geometry": { "type": "MultiLineString", "coordinates": [ [ [ -122.2165656171, 38.0082511095, 0.0 ], [ -122.2075008739, 38.008783431, 0.0 ], [ -122.1907031246, 38.0155534134, 0.0 ], [ -122.1860319058, 38.0163339342, 0.0 ], [ -122.1779869022, 38.0152349362, 0.0 ], [ -122.1658379003, 38.0066889361, 0.0 ], [ -122.1635528998, 38.0059639348, 0.0 ], [ -122.1569908971, 38.0054039373, 0.0 ], [ -122.1534838041, 38.0036621442, 0.0 ] ] ] } },
{ "type": "Feature", "properties": { "route": "35", "current_peak": 5500, "additional_peak": 0, "increase_percent": 0.0, "tags": null }, "geometry": { "type": "MultiLineString", "coordinates": [ [ [ -121.9971623417, 37.1521452009, 0.0 ], [ -121.9974098582, 37.1522339194, 0.0 ] ], [ [ -121.9938170764, 37.1493039625, 0.0 ], [ -121.9940384337, 37.1496147292, 0.0 ] ], [ [ -121.9934597244, 37.1485877094, 0.0 ], [ -121.9935904713, 37.1488541356, 0.0 ] ], [ [ -121.9906532656, 37.1442576506, 0.0 ], [ -121.9908207753, 37.1442769746, 0.0 ] ], [ [ -121.9898666415, 37.1439827347, 0.0 ], [ -121.9902261132, 37.1440929807, 0.0 ] ], [ [ -121.9840950164, 37.1453076558, 0.0 ], [ -121.9859158574, 37.1454270081, 0.0 ], [ -121.9852454483, 37.1444176724, 0.0 ], [ -121.9860799322, 37.1446307022, 0.0 ] ] ] } },
{ "type": "Feature", "properties": { "route": "680", "current_peak": 10600, "additional_peak": 16, "increase_percent": 0.15094339622641509, "tags": null }, "geometry": { "type": "MultiLineString", "coordinates": [ [ [ -122.0666556535, 37.9853140945, 0.0 ], [ -122.0679550909, 37.9914255552, 0.0 ], [ -122.0699151869, 37.9945026088, 0.0 ] ] ] } },
{ "type": "Feature", "properties": { "route": "880", "current_peak": 2350, "additional_peak": 0, "increase_percent": 0.0, "tags": [ "880" ] }, "geometry": { "type": "MultiLineString", "coordinates": [ [ [ -121.9256303308, 37.3428469627, 0.0 ], [ -121.9221606105, 37.345896046, 0.0 ] ] ] } },
{ "type": "Feature", "properties": { "route": "9", "current_peak": 430, "additional_peak": 0, "increase_percent": 0.0, "tags": null }, "geometry": { "type": "MultiLineString", "coordinates": [ [ [ -122.1551532069, 37.2152131282, 0.0 ], [ -122.1526750697, 37.2162392596, 0.0 ] ], [ [ -122.1526852735, 37.2471891654, 0.0 ], [ -122.1542137895, 37.2486577837, 0.0 ], [ -122.1536022272, 37.2490865663, 0.0 ], [ -122.1526589728, 37.2488274295, 0.0 ] ], [ [ -122.1526738936, 37.2197870519, 0.0 ], [ -122.1536782921, 37.2208449277, 0.0 ], [ -122.1538260694, 37.2223898281, 0.0 ], [ -122.1520145377, 37.2252446805, 0.0 ] ], [ [ -122.1522655799, 37.2409736747, 0.0 ], [ -122.1539598744, 37.2415035592, 0.0 ], [ -122.1544833542, 37.242997861, 0.0 ], [ -122.1526098828, 37.2444072271, 0.0 ] ], [ [ -122.1223136719, 37.2583567004, 0.0 ], [ -122.1210175157, 37.2585269772, 0.0 ], [ -122.1203523644, 37.2576089604, 0.0 ], [ -122.1165337708, 37.2562040156, 0.0 ], [ -122.1156498537, 37.256699092, 0.0 ], [ -122.1153206687, 37.2581117037, 0.0 ], [ -122.1124919332, 37.2595219102, 0.0 ], [ -122.1127330635, 37.2603944671, 0.0 ], [ -122.1094550769, 37.2606631322, 0.0 ], [ -122.1096120961, 37.2586009025, 0.0 ], [ -122.1108478123, 37.2576978334, 0.0 ], [ -122.1097071091, 37.2569789235, 0.0 ], [ -122.1093235509, 37.2558684029, 0.0 ], [ -122.1063731089, 37.2587049234, 0.0 ], [ -122.1033602116, 37.2598914524, 0.0 ], [ -122.0991443596, 37.2595162204, 0.0 ], [ -122.0992922088, 37.2601981104, 0.0 ], [ -122.1026289991, 37.2614296143, 0.0 ], [ -122.102270017, 37.2621221361, 0.0 ], [ -122.1009741254, 37.2611212247, 0.0 ], [ -122.0999978309, 37.2613629536, 0.0 ], [ -122.0973270561, 37.2605609866, 0.0 ], [ -122.096002704, 37.259759019, 0.0 ], [ -122.0956716164, 37.2582360142, 0.0 ], [ -122.0938317773, 37.258006266, 0.0 ] ] ] } },
{ "type": "Feature", "properties": { "route": "880", "current_peak": 12600, "additional_peak": 713, "increase_percent": 5.6587301587301591, "tags": [ "880" ] }, "geometry": { "type": "MultiLineString", "coordinates": [ [ [ -121.9578119678, 37.5000238332, 0.0 ], [ -121.9770547981, 37.5153438752, 0.0 ] ] ] } },
{ "type": "Feature", "properties": { "route": "80", "current_peak": 8000, "additional_peak": 0, "increase_percent": 0.0, "tags": [ "80" ] }, "geometry": { "type": "MultiLineString", "coordinates": [ [ [ -122.251268142, 38.0343908508, 0.0 ], [ -122.2469282219, 38.0388759786, 0.0 ], [ -122.2330888092, 38.0486693515, 0.0 ] ] ] } },
{ "type": "Feature", "properties": { "route": "280", "current_peak": 7100, "additional_peak": 0, "increase_percent": 0.0, "tags": null }, "geometry": { "type": "MultiLineString", "coordinates": [ [ [ -122.3943111246, 37.7660699456, 0.0 ], [ -122.3974386274, 37.7686491396, 0.0 ], [ -122.3983637008, 37.7720991317, 0.0 ], [ -122.3998961233, 37.7735666213, 0.0 ] ] ] } },
{ "type": "Feature", "properties": { "route": "280", "current_peak": 14900, "additional_peak": 277, "increase_percent": 1.8590604026845636, "tags": null }, "geometry": { "type": "MultiLineString", "coordinates": [ [ [ -122.4684647094, 37.6738953963, 0.0 ], [ -122.4714577379, 37.6786499812, 0.0 ] ] ] } },
{ "type": "Feature", "properties": { "route": "9", "current_peak": 2550, "additional_peak": 0, "increase_percent": 0.0, "tags": null }, "geometry": { "type": "MultiLineString", "coordinates": [ [ [ -121.9893601677, 37.2341779337, 0.0 ], [ -121.9781128434, 37.2276313723, 0.0 ] ] ] } },
{ "type": "Feature", "properties": { "route": "4", "current_peak": 9800, "additional_peak": 18, "increase_percent": 0.18367346938775508, "tags": null }, "geometry": { "type": "MultiLineString", "coordinates": [ [ [ -122.069913054, 37.9945082645, 0.0 ], [ -122.0615921895, 37.9976578595, 0.0 ] ] ] } },
{ "type": "Feature", "properties": { "route": "35", "current_peak": 3500, "additional_peak": 0, "increase_percent": 0.0, "tags": null }, "geometry": { "type": "MultiLineString", "coordinates": [ [ [ -122.4896626461, 37.6873695696, 0.0 ], [ -122.4937768663, 37.6914501339, 0.0 ], [ -122.4947508918, 37.6943554733, 0.0 ] ] ] } }
]
}
